=========================================================================

  JBoss Bootstrap Environment

  JBOSS_HOME: /Users/johnnycrupi/servers/wildfly-27.0.1.Final

  JAVA: /Users/johnnycrupi/Library/Java/JavaVirtualMachines/ms-17.0.14/Contents/Home/bin/java

  JAVA_OPTS:  -server -Xms64m -Xmx512m -XX:MetaspaceSize=96M -XX:MaxMetaspaceSize=256m -Djava.net.preferIPv4Stack=true -Djboss.modules.system.pkgs=org.jboss.byteman -Djava.awt.headless=true  --add-exports=java.desktop/sun.awt=ALL-UNNAMED --add-exports=java.naming/com.sun.jndi.ldap=ALL-UNNAMED --add-exports=java.naming/com.sun.jndi.url.ldap=ALL-UNNAMED --add-exports=java.naming/com.sun.jndi.url.ldaps=ALL-UNNAMED --add-exports=jdk.naming.dns/com.sun.jndi.dns=ALL-UNNAMED --add-opens=java.base/java.lang=ALL-UNNAMED --add-opens=java.base/java.lang.invoke=ALL-UNNAMED --add-opens=java.base/java.lang.reflect=ALL-UNNAMED --add-opens=java.base/java.io=ALL-UNNAMED --add-opens=java.base/java.security=ALL-UNNAMED --add-opens=java.base/java.util=ALL-UNNAMED --add-opens=java.base/java.util.concurrent=ALL-UNNAMED --add-opens=java.management/javax.management=ALL-UNNAMED --add-opens=java.naming/javax.naming=ALL-UNNAMED -Djava.security.manager=allow

=========================================================================

[0m11:34:59,924 INFO  [org.jboss.modules] (main) JBoss Modules version 2.0.3.Final
[0m[0m11:35:00,226 INFO  [org.jboss.msc] (main) JBoss MSC version 1.4.13.Final
[0m[0m11:35:00,229 INFO  [org.jboss.threads] (main) JBoss Threads version 2.4.0.Final
[0m[0m11:35:00,280 INFO  [org.jboss.as] (MSC service thread 1-2) WFLYSRV0049: WildFly Full 27.0.1.Final (WildFly Core 19.0.1.Final) starting
[0m[0m11:35:00,577 INFO  [org.wildfly.security] (ServerService Thread Pool -- 26) ELY00001: WildFly Elytron version 2.0.0.Final
[0m[33m11:35:00,692 WARN  [org.jboss.as.controller] (ServerService Thread Pool -- 16) WFLYCTL0481: The runtime dependency package 'io.smallrye.opentracing-contrib' is already registered at location '/subsystem=microprofile-opentracing-smallrye'
[0m[33m11:35:00,693 WARN  [org.jboss.as.controller] (ServerService Thread Pool -- 16) WFLYCTL0481: The runtime dependency package 'io.smallrye.opentracing-contrib' is already registered at location '/subsystem=microprofile-opentracing-smallrye'
[0m[0m11:35:00,772 INFO  [org.jboss.as.controller.management-deprecated] (ServerService Thread Pool -- 29) WFLYCTL0028: Attribute 'cluster' in the resource at address '/subsystem=ejb3/service=remote' is deprecated, and may be removed in a future version. See the attribute description in the output of the read-resource-description operation to learn more about the deprecation.
[0m[0m11:35:00,786 INFO  [org.jboss.as.server.deployment.scanner] (DeploymentScanner-threads - 1) WFLYDS0015: Re-attempting failed deployment mysql-connector-j.jar
[0m[0m11:35:01,143 INFO  [org.jboss.as.repository] (ServerService Thread Pool -- 19) WFLYDR0001: Content added at location /Users/johnnycrupi/Documents/devel/KickAnalytics/EndeavorVelocity/qto/.wildfly-qto/data/content/99/5fee5f65143c61e6fd27224207582f8121e5ba/content
[0m[0m11:35:01,149 INFO  [org.jboss.as.server] (Controller Boot Thread) WFLYSRV0039: Creating http management service using socket-binding (management-http)
[0m[0m11:35:01,155 INFO  [org.xnio] (MSC service thread 1-7) XNIO version 3.8.8.Final
[0m[0m11:35:01,162 INFO  [org.xnio.nio] (MSC service thread 1-7) XNIO NIO Implementation Version 3.8.8.Final
[0m[0m11:35:01,173 INFO  [org.wildfly.extension.elytron.oidc._private] (ServerService Thread Pool -- 54) WFLYOIDC0001: Activating WildFly Elytron OIDC Subsystem
[0m[0m11:35:01,174 INFO  [org.jboss.as.clustering.infinispan] (ServerService Thread Pool -- 56) WFLYCLINF0001: Activating Infinispan subsystem.
[0m[0m11:35:01,175 INFO  [org.wildfly.extension.io] (ServerService Thread Pool -- 57) WFLYIO001: Worker 'default' has auto-configured to 24 IO threads with 192 max task threads based on your 12 available processors
[0m[0m11:35:01,175 INFO  [org.jboss.as.jaxrs] (ServerService Thread Pool -- 58) WFLYRS0016: RESTEasy version 6.2.1.Final
[0m[0m11:35:01,177 INFO  [org.wildfly.extension.health] (ServerService Thread Pool -- 55) WFLYHEALTH0001: Activating Base Health Subsystem
[0m[0m11:35:01,178 INFO  [org.wildfly.extension.microprofile.config.smallrye] (ServerService Thread Pool -- 66) WFLYCONF0001: Activating MicroProfile Config Subsystem
[0m[0m11:35:01,178 INFO  [org.wildfly.extension.microprofile.jwt.smallrye] (ServerService Thread Pool -- 67) WFLYJWT0001: Activating MicroProfile JWT Subsystem
[0m[33m11:35:01,180 WARN  [org.jboss.as.txn] (ServerService Thread Pool -- 76) WFLYTX0013: The node-identifier attribute on the /subsystem=transactions is set to the default value. This is a danger for environments running multiple servers. Please make sure the attribute value is unique.
[0m[0m11:35:01,185 INFO  [org.jboss.as.naming] (ServerService Thread Pool -- 69) WFLYNAM0001: Activating Naming Subsystem
[0m[0m11:35:01,185 INFO  [org.wildfly.extension.metrics] (ServerService Thread Pool -- 65) WFLYMETRICS0001: Activating Base Metrics Subsystem
[0m[0m11:35:01,185 INFO  [org.jboss.as.webservices] (ServerService Thread Pool -- 78) WFLYWS0002: Activating WebServices Extension
[0m[0m11:35:01,187 INFO  [org.wildfly.extension.microprofile.opentracing] (ServerService Thread Pool -- 68) WFLYTRACEXT0001: Activating MicroProfile OpenTracing Subsystem
[0m[0m11:35:01,189 INFO  [org.jboss.as.jsf] (ServerService Thread Pool -- 63) WFLYJSF0007: Activated the following Jakarta Server Faces Implementations: [main]
[0m[0m11:35:01,198 INFO  [org.jboss.as.server.deployment] (MSC service thread 1-4) WFLYSRV0027: Starting deployment of "mysql-connector-j.jar" (runtime-name: "mysql-connector-j.jar")
[0m[0m11:35:01,199 INFO  [org.jboss.as.server.deployment] (MSC service thread 1-6) WFLYSRV0027: Starting deployment of "qto.war" (runtime-name: "qto.war")
[0m[0m11:35:01,200 INFO  [org.jboss.as.connector] (MSC service thread 1-2) WFLYJCA0009: Starting Jakarta Connectors Subsystem (WildFly/IronJacamar 1.5.9.Final)
[0m[0m11:35:01,212 INFO  [org.jboss.as.connector.subsystems.datasources] (ServerService Thread Pool -- 45) WFLYJCA0004: Deploying JDBC-compliant driver class org.h2.Driver (version 2.1)
[0m[0m11:35:01,216 INFO  [org.jboss.remoting] (MSC service thread 1-1) JBoss Remoting version 5.0.26.Final
[0m[0m11:35:01,224 INFO  [org.wildfly.extension.undertow] (MSC service thread 1-8) WFLYUT0003: Undertow 2.3.0.Final starting
[0m[0m11:35:01,229 INFO  [org.jboss.as.connector.deployers.jdbc] (MSC service thread 1-2) WFLYJCA0018: Started Driver service with driver-name = h2
[0m[0m11:35:01,231 INFO  [org.jboss.as.naming] (MSC service thread 1-3) WFLYNAM0003: Starting Naming Service
[0m[0m11:35:01,232 INFO  [org.jboss.as.mail.extension] (MSC service thread 1-2) WFLYMAIL0001: Bound mail session [java:jboss/mail/Default]
[0m[33m11:35:01,245 WARN  [org.wildfly.extension.elytron] (MSC service thread 1-2) WFLYELY00023: KeyStore file '/Users/johnnycrupi/Documents/devel/KickAnalytics/EndeavorVelocity/qto/.wildfly-qto/configuration/application.keystore' does not exist. Used blank.
[0m[33m11:35:01,257 WARN  [org.wildfly.extension.elytron] (MSC service thread 1-2) WFLYELY01084: KeyStore /Users/johnnycrupi/Documents/devel/KickAnalytics/EndeavorVelocity/qto/.wildfly-qto/configuration/application.keystore not found, it will be auto generated on first use with a self-signed certificate for host localhost
[0m[0m11:35:01,262 INFO  [org.wildfly.extension.undertow] (ServerService Thread Pool -- 77) WFLYUT0014: Creating file handler for path '/Users/johnnycrupi/servers/wildfly-27.0.1.Final/welcome-content' with options [directory-listing: 'false', follow-symlink: 'false', case-sensitive: 'true', safe-symlink-paths: '[]']
[0m[0m11:35:01,269 INFO  [org.jboss.as.ejb3] (MSC service thread 1-3) WFLYEJB0481: Strict pool slsb-strict-max-pool is using a max instance size of 192 (per class), which is derived from thread worker pool sizing.
[0m[0m11:35:01,270 INFO  [org.jboss.as.ejb3] (MSC service thread 1-4) WFLYEJB0482: Strict pool mdb-strict-max-pool is using a max instance size of 48 (per class), which is derived from the number of CPUs on this host.
[0m[0m11:35:01,273 INFO  [org.wildfly.extension.undertow] (MSC service thread 1-6) WFLYUT0012: Started server default-server.
[0m[0m11:35:01,274 INFO  [org.wildfly.extension.undertow] (MSC service thread 1-4) Queuing requests.
[0m[0m11:35:01,276 INFO  [org.wildfly.extension.undertow] (MSC service thread 1-4) WFLYUT0018: Host default-host starting
[0m[0m11:35:01,306 INFO  [org.wildfly.extension.undertow] (MSC service thread 1-6) WFLYUT0006: Undertow HTTP listener default listening on 127.0.0.1:8180
[0m[0m11:35:01,334 INFO  [org.jboss.as.ejb3] (MSC service thread 1-2) WFLYEJB0493: Jakarta Enterprise Beans subsystem suspension complete
[0m[0m11:35:01,338 INFO  [org.wildfly.extension.undertow] (MSC service thread 1-5) WFLYUT0006: Undertow HTTPS listener https listening on 127.0.0.1:8543
[0m[0m11:35:01,355 INFO  [org.jboss.as.connector.subsystems.datasources] (MSC service thread 1-3) WFLYJCA0001: Bound data source [java:jboss/datasources/qto]
[0m[0m11:35:01,355 INFO  [org.jboss.as.connector.subsystems.datasources] (MSC service thread 1-1) WFLYJCA0001: Bound data source [java:jboss/datasources/ExampleDS]
[0m[0m11:35:01,355 INFO  [org.jboss.as.connector.subsystems.datasources] (MSC service thread 1-2) WFLYJCA0001: Bound data source [java:jboss/datasources/platform]
[0m[0m11:35:01,394 INFO  [org.jboss.as.patching] (MSC service thread 1-8) WFLYPAT0050: WildFly Full cumulative patch ID is: base, one-off patches include: none
[0m[0m11:35:01,395 INFO  [org.jboss.as.server.deployment.scanner] (MSC service thread 1-1) WFLYDS0013: Started FileSystemDeploymentService for directory /Users/johnnycrupi/Documents/devel/KickAnalytics/EndeavorVelocity/qto/.wildfly-qto/deployments
[0m[0m11:35:01,449 INFO  [org.jboss.ws.common.management] (MSC service thread 1-4) JBWS022052: Starting JBossWS 6.1.0.Final (Apache CXF 3.5.2.jbossorg-4) 
[0m[0m11:35:01,760 INFO  [org.jboss.as.connector.deployers.jdbc] (MSC service thread 1-1) WFLYJCA0005: Deploying non-JDBC-compliant driver class com.mysql.cj.jdbc.Driver (version 9.1)
[0m[0m11:35:01,767 INFO  [org.jboss.as.connector.deployers.jdbc] (MSC service thread 1-4) WFLYJCA0018: Started Driver service with driver-name = mysql-connector-j.jar
[0m[0m11:35:08,319 INFO  [org.jboss.as.jpa] (MSC service thread 1-7) WFLYJPA0002: Read persistence.xml for qto
[0m[0m11:35:08,319 INFO  [org.jboss.as.jpa] (MSC service thread 1-7) WFLYJPA0002: Read persistence.xml for platform
[0m[0m11:35:08,542 INFO  [org.jipijapa] (MSC service thread 1-2) JIPIORMV6020260: Second level cache enabled for qto.war#qto
[0m[0m11:35:08,542 INFO  [org.jipijapa] (MSC service thread 1-2) JIPIORMV6020260: Second level cache enabled for qto.war#platform
[0m[33m11:35:08,585 WARN  [org.jboss.modules.define] (MSC service thread 1-5) Failed to define class org.apache.shiro.web.tags.SecureTag in Module "deployment.qto.war" from Service Module Loader: java.lang.NoClassDefFoundError: Failed to link org/apache/shiro/web/tags/SecureTag (Module "deployment.qto.war" from Service Module Loader): javax/servlet/jsp/tagext/TagSupport
	at java.base/java.lang.ClassLoader.defineClass1(Native Method)
	at java.base/java.lang.ClassLoader.defineClass(ClassLoader.java:1017)
	at java.base/java.lang.ClassLoader.defineClass(ClassLoader.java:1095)
	at org.jboss.modules.ModuleClassLoader.doDefineOrLoadClass(ModuleClassLoader.java:351)
	at org.jboss.modules.ModuleClassLoader.defineClass(ModuleClassLoader.java:482)
	at org.jboss.modules.ModuleClassLoader.loadClassLocal(ModuleClassLoader.java:276)
	at org.jboss.modules.ModuleClassLoader$1.loadClassLocal(ModuleClassLoader.java:79)
	at org.jboss.modules.Module.loadModuleClass(Module.java:765)
	at org.jboss.modules.ModuleClassLoader.findClass(ModuleClassLoader.java:192)
	at org.jboss.modules.ConcurrentClassLoader.performLoadClassUnchecked(ConcurrentClassLoader.java:410)
	at org.jboss.modules.ConcurrentClassLoader.performLoadClass(ConcurrentClassLoader.java:398)
	at org.jboss.modules.ConcurrentClassLoader.loadClass(ConcurrentClassLoader.java:116)
	at java.base/java.lang.ClassLoader.defineClass1(Native Method)
	at java.base/java.lang.ClassLoader.defineClass(ClassLoader.java:1017)
	at java.base/java.lang.ClassLoader.defineClass(ClassLoader.java:1095)
	at org.jboss.modules.ModuleClassLoader.doDefineOrLoadClass(ModuleClassLoader.java:351)
	at org.jboss.modules.ModuleClassLoader.defineClass(ModuleClassLoader.java:482)
	at org.jboss.modules.ModuleClassLoader.loadClassLocal(ModuleClassLoader.java:276)
	at org.jboss.modules.ModuleClassLoader$1.loadClassLocal(ModuleClassLoader.java:79)
	at org.jboss.modules.Module.loadModuleClass(Module.java:765)
	at org.jboss.modules.ModuleClassLoader.findClass(ModuleClassLoader.java:192)
	at org.jboss.modules.ConcurrentClassLoader.performLoadClassUnchecked(ConcurrentClassLoader.java:410)
	at org.jboss.modules.ConcurrentClassLoader.performLoadClass(ConcurrentClassLoader.java:398)
	at org.jboss.modules.ConcurrentClassLoader.loadClass(ConcurrentClassLoader.java:116)
	at java.base/java.lang.Class.forName0(Native Method)
	at java.base/java.lang.Class.forName(Class.java:467)
	at org.jboss.as.ee@27.0.1.Final//org.jboss.as.ee.utils.ClassLoadingUtils.loadClass(ClassLoadingUtils.java:21)
	at org.jboss.as.ee@27.0.1.Final//org.jboss.as.ee.utils.ClassLoadingUtils.loadClass(ClassLoadingUtils.java:14)
	at org.jboss.as.ee@27.0.1.Final//org.jboss.as.ee.component.deployers.InterceptorAnnotationProcessor.processComponentConfig(InterceptorAnnotationProcessor.java:84)
	at org.jboss.as.ee@27.0.1.Final//org.jboss.as.ee.component.deployers.InterceptorAnnotationProcessor.deploy(InterceptorAnnotationProcessor.java:77)
	at org.jboss.as.server@19.0.1.Final//org.jboss.as.server.deployment.DeploymentUnitPhaseService.start(DeploymentUnitPhaseService.java:182)
	at org.jboss.msc@1.4.13.Final//org.jboss.msc.service.ServiceControllerImpl$StartTask.startService(ServiceControllerImpl.java:1739)
	at org.jboss.msc@1.4.13.Final//org.jboss.msc.service.ServiceControllerImpl$StartTask.execute(ServiceControllerImpl.java:1701)
	at org.jboss.msc@1.4.13.Final//org.jboss.msc.service.ServiceControllerImpl$ControllerTask.run(ServiceControllerImpl.java:1559)
	at org.jboss.threads@2.4.0.Final//org.jboss.threads.ContextClassLoaderSavingRunnable.run(ContextClassLoaderSavingRunnable.java:35)
	at org.jboss.threads@2.4.0.Final//org.jboss.threads.EnhancedQueueExecutor.safeRun(EnhancedQueueExecutor.java:1990)
	at org.jboss.threads@2.4.0.Final//org.jboss.threads.EnhancedQueueExecutor$ThreadBody.doRunTask(EnhancedQueueExecutor.java:1486)
	at org.jboss.threads@2.4.0.Final//org.jboss.threads.EnhancedQueueExecutor$ThreadBody.run(EnhancedQueueExecutor.java:1363)
	at java.base/java.lang.Thread.run(Thread.java:840)

[0m[33m11:35:08,587 WARN  [org.jboss.modules.define] (MSC service thread 1-5) Failed to define class org.apache.shiro.web.tags.GuestTag in Module "deployment.qto.war" from Service Module Loader: java.lang.NoClassDefFoundError: Failed to link org/apache/shiro/web/tags/GuestTag (Module "deployment.qto.war" from Service Module Loader): Failed to link org/apache/shiro/web/tags/SecureTag (Module "deployment.qto.war" from Service Module Loader): javax/servlet/jsp/tagext/TagSupport
	at java.base/java.lang.ClassLoader.defineClass1(Native Method)
	at java.base/java.lang.ClassLoader.defineClass(ClassLoader.java:1017)
	at java.base/java.lang.ClassLoader.defineClass(ClassLoader.java:1095)
	at org.jboss.modules.ModuleClassLoader.doDefineOrLoadClass(ModuleClassLoader.java:351)
	at org.jboss.modules.ModuleClassLoader.defineClass(ModuleClassLoader.java:482)
	at org.jboss.modules.ModuleClassLoader.loadClassLocal(ModuleClassLoader.java:276)
	at org.jboss.modules.ModuleClassLoader$1.loadClassLocal(ModuleClassLoader.java:79)
	at org.jboss.modules.Module.loadModuleClass(Module.java:765)
	at org.jboss.modules.ModuleClassLoader.findClass(ModuleClassLoader.java:192)
	at org.jboss.modules.ConcurrentClassLoader.performLoadClassUnchecked(ConcurrentClassLoader.java:410)
	at org.jboss.modules.ConcurrentClassLoader.performLoadClass(ConcurrentClassLoader.java:398)
	at org.jboss.modules.ConcurrentClassLoader.loadClass(ConcurrentClassLoader.java:116)
	at java.base/java.lang.ClassLoader.defineClass1(Native Method)
	at java.base/java.lang.ClassLoader.defineClass(ClassLoader.java:1017)
	at java.base/java.lang.ClassLoader.defineClass(ClassLoader.java:1095)
	at org.jboss.modules.ModuleClassLoader.doDefineOrLoadClass(ModuleClassLoader.java:351)
	at org.jboss.modules.ModuleClassLoader.defineClass(ModuleClassLoader.java:482)
	at org.jboss.modules.ModuleClassLoader.loadClassLocal(ModuleClassLoader.java:276)
	at org.jboss.modules.ModuleClassLoader$1.loadClassLocal(ModuleClassLoader.java:79)
	at org.jboss.modules.Module.loadModuleClass(Module.java:765)
	at org.jboss.modules.ModuleClassLoader.findClass(ModuleClassLoader.java:192)
	at org.jboss.modules.ConcurrentClassLoader.performLoadClassUnchecked(ConcurrentClassLoader.java:410)
	at org.jboss.modules.ConcurrentClassLoader.performLoadClass(ConcurrentClassLoader.java:398)
	at org.jboss.modules.ConcurrentClassLoader.loadClass(ConcurrentClassLoader.java:116)
	at java.base/java.lang.Class.forName0(Native Method)
	at java.base/java.lang.Class.forName(Class.java:467)
	at org.jboss.as.ee@27.0.1.Final//org.jboss.as.ee.utils.ClassLoadingUtils.loadClass(ClassLoadingUtils.java:21)
	at org.jboss.as.ee@27.0.1.Final//org.jboss.as.ee.utils.ClassLoadingUtils.loadClass(ClassLoadingUtils.java:14)
	at org.jboss.as.ee@27.0.1.Final//org.jboss.as.ee.component.deployers.InterceptorAnnotationProcessor.processComponentConfig(InterceptorAnnotationProcessor.java:84)
	at org.jboss.as.ee@27.0.1.Final//org.jboss.as.ee.component.deployers.InterceptorAnnotationProcessor.deploy(InterceptorAnnotationProcessor.java:77)
	at org.jboss.as.server@19.0.1.Final//org.jboss.as.server.deployment.DeploymentUnitPhaseService.start(DeploymentUnitPhaseService.java:182)
	at org.jboss.msc@1.4.13.Final//org.jboss.msc.service.ServiceControllerImpl$StartTask.startService(ServiceControllerImpl.java:1739)
	at org.jboss.msc@1.4.13.Final//org.jboss.msc.service.ServiceControllerImpl$StartTask.execute(ServiceControllerImpl.java:1701)
	at org.jboss.msc@1.4.13.Final//org.jboss.msc.service.ServiceControllerImpl$ControllerTask.run(ServiceControllerImpl.java:1559)
	at org.jboss.threads@2.4.0.Final//org.jboss.threads.ContextClassLoaderSavingRunnable.run(ContextClassLoaderSavingRunnable.java:35)
	at org.jboss.threads@2.4.0.Final//org.jboss.threads.EnhancedQueueExecutor.safeRun(EnhancedQueueExecutor.java:1990)
	at org.jboss.threads@2.4.0.Final//org.jboss.threads.EnhancedQueueExecutor$ThreadBody.doRunTask(EnhancedQueueExecutor.java:1486)
	at org.jboss.threads@2.4.0.Final//org.jboss.threads.EnhancedQueueExecutor$ThreadBody.run(EnhancedQueueExecutor.java:1363)
	at java.base/java.lang.Thread.run(Thread.java:840)

[0m[33m11:35:08,588 WARN  [org.jboss.modules.define] (MSC service thread 1-5) Failed to define class org.apache.shiro.web.tags.SecureTag in Module "deployment.qto.war" from Service Module Loader: java.lang.NoClassDefFoundError: Failed to link org/apache/shiro/web/tags/SecureTag (Module "deployment.qto.war" from Service Module Loader): javax/servlet/jsp/tagext/TagSupport
	at java.base/java.lang.ClassLoader.defineClass1(Native Method)
	at java.base/java.lang.ClassLoader.defineClass(ClassLoader.java:1017)
	at java.base/java.lang.ClassLoader.defineClass(ClassLoader.java:1095)
	at org.jboss.modules.ModuleClassLoader.doDefineOrLoadClass(ModuleClassLoader.java:351)
	at org.jboss.modules.ModuleClassLoader.defineClass(ModuleClassLoader.java:482)
	at org.jboss.modules.ModuleClassLoader.loadClassLocal(ModuleClassLoader.java:276)
	at org.jboss.modules.ModuleClassLoader$1.loadClassLocal(ModuleClassLoader.java:79)
	at org.jboss.modules.Module.loadModuleClass(Module.java:765)
	at org.jboss.modules.ModuleClassLoader.findClass(ModuleClassLoader.java:192)
	at org.jboss.modules.ConcurrentClassLoader.performLoadClassUnchecked(ConcurrentClassLoader.java:410)
	at org.jboss.modules.ConcurrentClassLoader.performLoadClass(ConcurrentClassLoader.java:398)
	at org.jboss.modules.ConcurrentClassLoader.loadClass(ConcurrentClassLoader.java:116)
	at java.base/java.lang.ClassLoader.defineClass1(Native Method)
	at java.base/java.lang.ClassLoader.defineClass(ClassLoader.java:1017)
	at java.base/java.lang.ClassLoader.defineClass(ClassLoader.java:1095)
	at org.jboss.modules.ModuleClassLoader.doDefineOrLoadClass(ModuleClassLoader.java:351)
	at org.jboss.modules.ModuleClassLoader.defineClass(ModuleClassLoader.java:482)
	at org.jboss.modules.ModuleClassLoader.loadClassLocal(ModuleClassLoader.java:276)
	at org.jboss.modules.ModuleClassLoader$1.loadClassLocal(ModuleClassLoader.java:79)
	at org.jboss.modules.Module.loadModuleClass(Module.java:765)
	at org.jboss.modules.ModuleClassLoader.findClass(ModuleClassLoader.java:192)
	at org.jboss.modules.ConcurrentClassLoader.performLoadClassUnchecked(ConcurrentClassLoader.java:410)
	at org.jboss.modules.ConcurrentClassLoader.performLoadClass(ConcurrentClassLoader.java:398)
	at org.jboss.modules.ConcurrentClassLoader.loadClass(ConcurrentClassLoader.java:116)
	at java.base/java.lang.Class.forName0(Native Method)
	at java.base/java.lang.Class.forName(Class.java:467)
	at org.jboss.as.ee@27.0.1.Final//org.jboss.as.ee.utils.ClassLoadingUtils.loadClass(ClassLoadingUtils.java:21)
	at org.jboss.as.ee@27.0.1.Final//org.jboss.as.ee.utils.ClassLoadingUtils.loadClass(ClassLoadingUtils.java:14)
	at org.jboss.as.ee@27.0.1.Final//org.jboss.as.ee.component.deployers.InterceptorAnnotationProcessor.processComponentConfig(InterceptorAnnotationProcessor.java:84)
	at org.jboss.as.ee@27.0.1.Final//org.jboss.as.ee.component.deployers.InterceptorAnnotationProcessor.deploy(InterceptorAnnotationProcessor.java:77)
	at org.jboss.as.server@19.0.1.Final//org.jboss.as.server.deployment.DeploymentUnitPhaseService.start(DeploymentUnitPhaseService.java:182)
	at org.jboss.msc@1.4.13.Final//org.jboss.msc.service.ServiceControllerImpl$StartTask.startService(ServiceControllerImpl.java:1739)
	at org.jboss.msc@1.4.13.Final//org.jboss.msc.service.ServiceControllerImpl$StartTask.execute(ServiceControllerImpl.java:1701)
	at org.jboss.msc@1.4.13.Final//org.jboss.msc.service.ServiceControllerImpl$ControllerTask.run(ServiceControllerImpl.java:1559)
	at org.jboss.threads@2.4.0.Final//org.jboss.threads.ContextClassLoaderSavingRunnable.run(ContextClassLoaderSavingRunnable.java:35)
	at org.jboss.threads@2.4.0.Final//org.jboss.threads.EnhancedQueueExecutor.safeRun(EnhancedQueueExecutor.java:1990)
	at org.jboss.threads@2.4.0.Final//org.jboss.threads.EnhancedQueueExecutor$ThreadBody.doRunTask(EnhancedQueueExecutor.java:1486)
	at org.jboss.threads@2.4.0.Final//org.jboss.threads.EnhancedQueueExecutor$ThreadBody.run(EnhancedQueueExecutor.java:1363)
	at java.base/java.lang.Thread.run(Thread.java:840)

[0m[33m11:35:08,589 WARN  [org.jboss.modules.define] (MSC service thread 1-5) Failed to define class org.apache.shiro.web.tags.AuthenticatedTag in Module "deployment.qto.war" from Service Module Loader: java.lang.NoClassDefFoundError: Failed to link org/apache/shiro/web/tags/AuthenticatedTag (Module "deployment.qto.war" from Service Module Loader): Failed to link org/apache/shiro/web/tags/SecureTag (Module "deployment.qto.war" from Service Module Loader): javax/servlet/jsp/tagext/TagSupport
	at java.base/java.lang.ClassLoader.defineClass1(Native Method)
	at java.base/java.lang.ClassLoader.defineClass(ClassLoader.java:1017)
	at java.base/java.lang.ClassLoader.defineClass(ClassLoader.java:1095)
	at org.jboss.modules.ModuleClassLoader.doDefineOrLoadClass(ModuleClassLoader.java:351)
	at org.jboss.modules.ModuleClassLoader.defineClass(ModuleClassLoader.java:482)
	at org.jboss.modules.ModuleClassLoader.loadClassLocal(ModuleClassLoader.java:276)
	at org.jboss.modules.ModuleClassLoader$1.loadClassLocal(ModuleClassLoader.java:79)
	at org.jboss.modules.Module.loadModuleClass(Module.java:765)
	at org.jboss.modules.ModuleClassLoader.findClass(ModuleClassLoader.java:192)
	at org.jboss.modules.ConcurrentClassLoader.performLoadClassUnchecked(ConcurrentClassLoader.java:410)
	at org.jboss.modules.ConcurrentClassLoader.performLoadClass(ConcurrentClassLoader.java:398)
	at org.jboss.modules.ConcurrentClassLoader.loadClass(ConcurrentClassLoader.java:116)
	at java.base/java.lang.ClassLoader.defineClass1(Native Method)
	at java.base/java.lang.ClassLoader.defineClass(ClassLoader.java:1017)
	at java.base/java.lang.ClassLoader.defineClass(ClassLoader.java:1095)
	at org.jboss.modules.ModuleClassLoader.doDefineOrLoadClass(ModuleClassLoader.java:351)
	at org.jboss.modules.ModuleClassLoader.defineClass(ModuleClassLoader.java:482)
	at org.jboss.modules.ModuleClassLoader.loadClassLocal(ModuleClassLoader.java:276)
	at org.jboss.modules.ModuleClassLoader$1.loadClassLocal(ModuleClassLoader.java:79)
	at org.jboss.modules.Module.loadModuleClass(Module.java:765)
	at org.jboss.modules.ModuleClassLoader.findClass(ModuleClassLoader.java:192)
	at org.jboss.modules.ConcurrentClassLoader.performLoadClassUnchecked(ConcurrentClassLoader.java:410)
	at org.jboss.modules.ConcurrentClassLoader.performLoadClass(ConcurrentClassLoader.java:398)
	at org.jboss.modules.ConcurrentClassLoader.loadClass(ConcurrentClassLoader.java:116)
	at java.base/java.lang.Class.forName0(Native Method)
	at java.base/java.lang.Class.forName(Class.java:467)
	at org.jboss.as.ee@27.0.1.Final//org.jboss.as.ee.utils.ClassLoadingUtils.loadClass(ClassLoadingUtils.java:21)
	at org.jboss.as.ee@27.0.1.Final//org.jboss.as.ee.utils.ClassLoadingUtils.loadClass(ClassLoadingUtils.java:14)
	at org.jboss.as.ee@27.0.1.Final//org.jboss.as.ee.component.deployers.InterceptorAnnotationProcessor.processComponentConfig(InterceptorAnnotationProcessor.java:84)
	at org.jboss.as.ee@27.0.1.Final//org.jboss.as.ee.component.deployers.InterceptorAnnotationProcessor.deploy(InterceptorAnnotationProcessor.java:77)
	at org.jboss.as.server@19.0.1.Final//org.jboss.as.server.deployment.DeploymentUnitPhaseService.start(DeploymentUnitPhaseService.java:182)
	at org.jboss.msc@1.4.13.Final//org.jboss.msc.service.ServiceControllerImpl$StartTask.startService(ServiceControllerImpl.java:1739)
	at org.jboss.msc@1.4.13.Final//org.jboss.msc.service.ServiceControllerImpl$StartTask.execute(ServiceControllerImpl.java:1701)
	at org.jboss.msc@1.4.13.Final//org.jboss.msc.service.ServiceControllerImpl$ControllerTask.run(ServiceControllerImpl.java:1559)
	at org.jboss.threads@2.4.0.Final//org.jboss.threads.ContextClassLoaderSavingRunnable.run(ContextClassLoaderSavingRunnable.java:35)
	at org.jboss.threads@2.4.0.Final//org.jboss.threads.EnhancedQueueExecutor.safeRun(EnhancedQueueExecutor.java:1990)
	at org.jboss.threads@2.4.0.Final//org.jboss.threads.EnhancedQueueExecutor$ThreadBody.doRunTask(EnhancedQueueExecutor.java:1486)
	at org.jboss.threads@2.4.0.Final//org.jboss.threads.EnhancedQueueExecutor$ThreadBody.run(EnhancedQueueExecutor.java:1363)
	at java.base/java.lang.Thread.run(Thread.java:840)

[0m[33m11:35:08,589 WARN  [org.jboss.modules.define] (MSC service thread 1-5) Failed to define class org.apache.shiro.web.tags.SecureTag in Module "deployment.qto.war" from Service Module Loader: java.lang.NoClassDefFoundError: Failed to link org/apache/shiro/web/tags/SecureTag (Module "deployment.qto.war" from Service Module Loader): javax/servlet/jsp/tagext/TagSupport
	at java.base/java.lang.ClassLoader.defineClass1(Native Method)
	at java.base/java.lang.ClassLoader.defineClass(ClassLoader.java:1017)
	at java.base/java.lang.ClassLoader.defineClass(ClassLoader.java:1095)
	at org.jboss.modules.ModuleClassLoader.doDefineOrLoadClass(ModuleClassLoader.java:351)
	at org.jboss.modules.ModuleClassLoader.defineClass(ModuleClassLoader.java:482)
	at org.jboss.modules.ModuleClassLoader.loadClassLocal(ModuleClassLoader.java:276)
	at org.jboss.modules.ModuleClassLoader$1.loadClassLocal(ModuleClassLoader.java:79)
	at org.jboss.modules.Module.loadModuleClass(Module.java:765)
	at org.jboss.modules.ModuleClassLoader.findClass(ModuleClassLoader.java:192)
	at org.jboss.modules.ConcurrentClassLoader.performLoadClassUnchecked(ConcurrentClassLoader.java:410)
	at org.jboss.modules.ConcurrentClassLoader.performLoadClass(ConcurrentClassLoader.java:398)
	at org.jboss.modules.ConcurrentClassLoader.loadClass(ConcurrentClassLoader.java:116)
	at java.base/java.lang.ClassLoader.defineClass1(Native Method)
	at java.base/java.lang.ClassLoader.defineClass(ClassLoader.java:1017)
	at java.base/java.lang.ClassLoader.defineClass(ClassLoader.java:1095)
	at org.jboss.modules.ModuleClassLoader.doDefineOrLoadClass(ModuleClassLoader.java:351)
	at org.jboss.modules.ModuleClassLoader.defineClass(ModuleClassLoader.java:482)
	at org.jboss.modules.ModuleClassLoader.loadClassLocal(ModuleClassLoader.java:276)
	at org.jboss.modules.ModuleClassLoader$1.loadClassLocal(ModuleClassLoader.java:79)
	at org.jboss.modules.Module.loadModuleClass(Module.java:765)
	at org.jboss.modules.ModuleClassLoader.findClass(ModuleClassLoader.java:192)
	at org.jboss.modules.ConcurrentClassLoader.performLoadClassUnchecked(ConcurrentClassLoader.java:410)
	at org.jboss.modules.ConcurrentClassLoader.performLoadClass(ConcurrentClassLoader.java:398)
	at org.jboss.modules.ConcurrentClassLoader.loadClass(ConcurrentClassLoader.java:116)
	at java.base/java.lang.Class.forName0(Native Method)
	at java.base/java.lang.Class.forName(Class.java:467)
	at org.jboss.as.ee@27.0.1.Final//org.jboss.as.ee.utils.ClassLoadingUtils.loadClass(ClassLoadingUtils.java:21)
	at org.jboss.as.ee@27.0.1.Final//org.jboss.as.ee.utils.ClassLoadingUtils.loadClass(ClassLoadingUtils.java:14)
	at org.jboss.as.ee@27.0.1.Final//org.jboss.as.ee.component.deployers.InterceptorAnnotationProcessor.processComponentConfig(InterceptorAnnotationProcessor.java:84)
	at org.jboss.as.ee@27.0.1.Final//org.jboss.as.ee.component.deployers.InterceptorAnnotationProcessor.deploy(InterceptorAnnotationProcessor.java:77)
	at org.jboss.as.server@19.0.1.Final//org.jboss.as.server.deployment.DeploymentUnitPhaseService.start(DeploymentUnitPhaseService.java:182)
	at org.jboss.msc@1.4.13.Final//org.jboss.msc.service.ServiceControllerImpl$StartTask.startService(ServiceControllerImpl.java:1739)
	at org.jboss.msc@1.4.13.Final//org.jboss.msc.service.ServiceControllerImpl$StartTask.execute(ServiceControllerImpl.java:1701)
	at org.jboss.msc@1.4.13.Final//org.jboss.msc.service.ServiceControllerImpl$ControllerTask.run(ServiceControllerImpl.java:1559)
	at org.jboss.threads@2.4.0.Final//org.jboss.threads.ContextClassLoaderSavingRunnable.run(ContextClassLoaderSavingRunnable.java:35)
	at org.jboss.threads@2.4.0.Final//org.jboss.threads.EnhancedQueueExecutor.safeRun(EnhancedQueueExecutor.java:1990)
	at org.jboss.threads@2.4.0.Final//org.jboss.threads.EnhancedQueueExecutor$ThreadBody.doRunTask(EnhancedQueueExecutor.java:1486)
	at org.jboss.threads@2.4.0.Final//org.jboss.threads.EnhancedQueueExecutor$ThreadBody.run(EnhancedQueueExecutor.java:1363)
	at java.base/java.lang.Thread.run(Thread.java:840)

[0m[33m11:35:08,589 WARN  [org.jboss.modules.define] (MSC service thread 1-5) Failed to define class org.apache.shiro.web.tags.UserTag in Module "deployment.qto.war" from Service Module Loader: java.lang.NoClassDefFoundError: Failed to link org/apache/shiro/web/tags/UserTag (Module "deployment.qto.war" from Service Module Loader): Failed to link org/apache/shiro/web/tags/SecureTag (Module "deployment.qto.war" from Service Module Loader): javax/servlet/jsp/tagext/TagSupport
	at java.base/java.lang.ClassLoader.defineClass1(Native Method)
	at java.base/java.lang.ClassLoader.defineClass(ClassLoader.java:1017)
	at java.base/java.lang.ClassLoader.defineClass(ClassLoader.java:1095)
	at org.jboss.modules.ModuleClassLoader.doDefineOrLoadClass(ModuleClassLoader.java:351)
	at org.jboss.modules.ModuleClassLoader.defineClass(ModuleClassLoader.java:482)
	at org.jboss.modules.ModuleClassLoader.loadClassLocal(ModuleClassLoader.java:276)
	at org.jboss.modules.ModuleClassLoader$1.loadClassLocal(ModuleClassLoader.java:79)
	at org.jboss.modules.Module.loadModuleClass(Module.java:765)
	at org.jboss.modules.ModuleClassLoader.findClass(ModuleClassLoader.java:192)
	at org.jboss.modules.ConcurrentClassLoader.performLoadClassUnchecked(ConcurrentClassLoader.java:410)
	at org.jboss.modules.ConcurrentClassLoader.performLoadClass(ConcurrentClassLoader.java:398)
	at org.jboss.modules.ConcurrentClassLoader.loadClass(ConcurrentClassLoader.java:116)
	at java.base/java.lang.ClassLoader.defineClass1(Native Method)
	at java.base/java.lang.ClassLoader.defineClass(ClassLoader.java:1017)
	at java.base/java.lang.ClassLoader.defineClass(ClassLoader.java:1095)
	at org.jboss.modules.ModuleClassLoader.doDefineOrLoadClass(ModuleClassLoader.java:351)
	at org.jboss.modules.ModuleClassLoader.defineClass(ModuleClassLoader.java:482)
	at org.jboss.modules.ModuleClassLoader.loadClassLocal(ModuleClassLoader.java:276)
	at org.jboss.modules.ModuleClassLoader$1.loadClassLocal(ModuleClassLoader.java:79)
	at org.jboss.modules.Module.loadModuleClass(Module.java:765)
	at org.jboss.modules.ModuleClassLoader.findClass(ModuleClassLoader.java:192)
	at org.jboss.modules.ConcurrentClassLoader.performLoadClassUnchecked(ConcurrentClassLoader.java:410)
	at org.jboss.modules.ConcurrentClassLoader.performLoadClass(ConcurrentClassLoader.java:398)
	at org.jboss.modules.ConcurrentClassLoader.loadClass(ConcurrentClassLoader.java:116)
	at java.base/java.lang.Class.forName0(Native Method)
	at java.base/java.lang.Class.forName(Class.java:467)
	at org.jboss.as.ee@27.0.1.Final//org.jboss.as.ee.utils.ClassLoadingUtils.loadClass(ClassLoadingUtils.java:21)
	at org.jboss.as.ee@27.0.1.Final//org.jboss.as.ee.utils.ClassLoadingUtils.loadClass(ClassLoadingUtils.java:14)
	at org.jboss.as.ee@27.0.1.Final//org.jboss.as.ee.component.deployers.InterceptorAnnotationProcessor.processComponentConfig(InterceptorAnnotationProcessor.java:84)
	at org.jboss.as.ee@27.0.1.Final//org.jboss.as.ee.component.deployers.InterceptorAnnotationProcessor.deploy(InterceptorAnnotationProcessor.java:77)
	at org.jboss.as.server@19.0.1.Final//org.jboss.as.server.deployment.DeploymentUnitPhaseService.start(DeploymentUnitPhaseService.java:182)
	at org.jboss.msc@1.4.13.Final//org.jboss.msc.service.ServiceControllerImpl$StartTask.startService(ServiceControllerImpl.java:1739)
	at org.jboss.msc@1.4.13.Final//org.jboss.msc.service.ServiceControllerImpl$StartTask.execute(ServiceControllerImpl.java:1701)
	at org.jboss.msc@1.4.13.Final//org.jboss.msc.service.ServiceControllerImpl$ControllerTask.run(ServiceControllerImpl.java:1559)
	at org.jboss.threads@2.4.0.Final//org.jboss.threads.ContextClassLoaderSavingRunnable.run(ContextClassLoaderSavingRunnable.java:35)
	at org.jboss.threads@2.4.0.Final//org.jboss.threads.EnhancedQueueExecutor.safeRun(EnhancedQueueExecutor.java:1990)
	at org.jboss.threads@2.4.0.Final//org.jboss.threads.EnhancedQueueExecutor$ThreadBody.doRunTask(EnhancedQueueExecutor.java:1486)
	at org.jboss.threads@2.4.0.Final//org.jboss.threads.EnhancedQueueExecutor$ThreadBody.run(EnhancedQueueExecutor.java:1363)
	at java.base/java.lang.Thread.run(Thread.java:840)

[0m[33m11:35:08,594 WARN  [org.jboss.modules.define] (MSC service thread 1-5) Failed to define class org.apache.shiro.web.tags.SecureTag in Module "deployment.qto.war" from Service Module Loader: java.lang.NoClassDefFoundError: Failed to link org/apache/shiro/web/tags/SecureTag (Module "deployment.qto.war" from Service Module Loader): javax/servlet/jsp/tagext/TagSupport
	at java.base/java.lang.ClassLoader.defineClass1(Native Method)
	at java.base/java.lang.ClassLoader.defineClass(ClassLoader.java:1017)
	at java.base/java.lang.ClassLoader.defineClass(ClassLoader.java:1095)
	at org.jboss.modules.ModuleClassLoader.doDefineOrLoadClass(ModuleClassLoader.java:351)
	at org.jboss.modules.ModuleClassLoader.defineClass(ModuleClassLoader.java:482)
	at org.jboss.modules.ModuleClassLoader.loadClassLocal(ModuleClassLoader.java:276)
	at org.jboss.modules.ModuleClassLoader$1.loadClassLocal(ModuleClassLoader.java:79)
	at org.jboss.modules.Module.loadModuleClass(Module.java:765)
	at org.jboss.modules.ModuleClassLoader.findClass(ModuleClassLoader.java:192)
	at org.jboss.modules.ConcurrentClassLoader.performLoadClassUnchecked(ConcurrentClassLoader.java:410)
	at org.jboss.modules.ConcurrentClassLoader.performLoadClass(ConcurrentClassLoader.java:398)
	at org.jboss.modules.ConcurrentClassLoader.loadClass(ConcurrentClassLoader.java:116)
	at java.base/java.lang.ClassLoader.defineClass1(Native Method)
	at java.base/java.lang.ClassLoader.defineClass(ClassLoader.java:1017)
	at java.base/java.lang.ClassLoader.defineClass(ClassLoader.java:1095)
	at org.jboss.modules.ModuleClassLoader.doDefineOrLoadClass(ModuleClassLoader.java:351)
	at org.jboss.modules.ModuleClassLoader.defineClass(ModuleClassLoader.java:482)
	at org.jboss.modules.ModuleClassLoader.loadClassLocal(ModuleClassLoader.java:276)
	at org.jboss.modules.ModuleClassLoader$1.loadClassLocal(ModuleClassLoader.java:79)
	at org.jboss.modules.Module.loadModuleClass(Module.java:765)
	at org.jboss.modules.ModuleClassLoader.findClass(ModuleClassLoader.java:192)
	at org.jboss.modules.ConcurrentClassLoader.performLoadClassUnchecked(ConcurrentClassLoader.java:410)
	at org.jboss.modules.ConcurrentClassLoader.performLoadClass(ConcurrentClassLoader.java:398)
	at org.jboss.modules.ConcurrentClassLoader.loadClass(ConcurrentClassLoader.java:116)
	at java.base/java.lang.ClassLoader.defineClass1(Native Method)
	at java.base/java.lang.ClassLoader.defineClass(ClassLoader.java:1017)
	at java.base/java.lang.ClassLoader.defineClass(ClassLoader.java:1095)
	at org.jboss.modules.ModuleClassLoader.doDefineOrLoadClass(ModuleClassLoader.java:351)
	at org.jboss.modules.ModuleClassLoader.defineClass(ModuleClassLoader.java:482)
	at org.jboss.modules.ModuleClassLoader.loadClassLocal(ModuleClassLoader.java:276)
	at org.jboss.modules.ModuleClassLoader$1.loadClassLocal(ModuleClassLoader.java:79)
	at org.jboss.modules.Module.loadModuleClass(Module.java:765)
	at org.jboss.modules.ModuleClassLoader.findClass(ModuleClassLoader.java:192)
	at org.jboss.modules.ConcurrentClassLoader.performLoadClassUnchecked(ConcurrentClassLoader.java:410)
	at org.jboss.modules.ConcurrentClassLoader.performLoadClass(ConcurrentClassLoader.java:398)
	at org.jboss.modules.ConcurrentClassLoader.loadClass(ConcurrentClassLoader.java:116)
	at java.base/java.lang.Class.forName0(Native Method)
	at java.base/java.lang.Class.forName(Class.java:467)
	at org.jboss.as.ee@27.0.1.Final//org.jboss.as.ee.utils.ClassLoadingUtils.loadClass(ClassLoadingUtils.java:21)
	at org.jboss.as.ee@27.0.1.Final//org.jboss.as.ee.utils.ClassLoadingUtils.loadClass(ClassLoadingUtils.java:14)
	at org.jboss.as.ee@27.0.1.Final//org.jboss.as.ee.component.deployers.InterceptorAnnotationProcessor.processComponentConfig(InterceptorAnnotationProcessor.java:84)
	at org.jboss.as.ee@27.0.1.Final//org.jboss.as.ee.component.deployers.InterceptorAnnotationProcessor.deploy(InterceptorAnnotationProcessor.java:77)
	at org.jboss.as.server@19.0.1.Final//org.jboss.as.server.deployment.DeploymentUnitPhaseService.start(DeploymentUnitPhaseService.java:182)
	at org.jboss.msc@1.4.13.Final//org.jboss.msc.service.ServiceControllerImpl$StartTask.startService(ServiceControllerImpl.java:1739)
	at org.jboss.msc@1.4.13.Final//org.jboss.msc.service.ServiceControllerImpl$StartTask.execute(ServiceControllerImpl.java:1701)
	at org.jboss.msc@1.4.13.Final//org.jboss.msc.service.ServiceControllerImpl$ControllerTask.run(ServiceControllerImpl.java:1559)
	at org.jboss.threads@2.4.0.Final//org.jboss.threads.ContextClassLoaderSavingRunnable.run(ContextClassLoaderSavingRunnable.java:35)
	at org.jboss.threads@2.4.0.Final//org.jboss.threads.EnhancedQueueExecutor.safeRun(EnhancedQueueExecutor.java:1990)
	at org.jboss.threads@2.4.0.Final//org.jboss.threads.EnhancedQueueExecutor$ThreadBody.doRunTask(EnhancedQueueExecutor.java:1486)
	at org.jboss.threads@2.4.0.Final//org.jboss.threads.EnhancedQueueExecutor$ThreadBody.run(EnhancedQueueExecutor.java:1363)
	at java.base/java.lang.Thread.run(Thread.java:840)

[0m[33m11:35:08,594 WARN  [org.jboss.modules.define] (MSC service thread 1-5) Failed to define class org.apache.shiro.web.tags.RoleTag in Module "deployment.qto.war" from Service Module Loader: java.lang.NoClassDefFoundError: Failed to link org/apache/shiro/web/tags/RoleTag (Module "deployment.qto.war" from Service Module Loader): Failed to link org/apache/shiro/web/tags/SecureTag (Module "deployment.qto.war" from Service Module Loader): javax/servlet/jsp/tagext/TagSupport
	at java.base/java.lang.ClassLoader.defineClass1(Native Method)
	at java.base/java.lang.ClassLoader.defineClass(ClassLoader.java:1017)
	at java.base/java.lang.ClassLoader.defineClass(ClassLoader.java:1095)
	at org.jboss.modules.ModuleClassLoader.doDefineOrLoadClass(ModuleClassLoader.java:351)
	at org.jboss.modules.ModuleClassLoader.defineClass(ModuleClassLoader.java:482)
	at org.jboss.modules.ModuleClassLoader.loadClassLocal(ModuleClassLoader.java:276)
	at org.jboss.modules.ModuleClassLoader$1.loadClassLocal(ModuleClassLoader.java:79)
	at org.jboss.modules.Module.loadModuleClass(Module.java:765)
	at org.jboss.modules.ModuleClassLoader.findClass(ModuleClassLoader.java:192)
	at org.jboss.modules.ConcurrentClassLoader.performLoadClassUnchecked(ConcurrentClassLoader.java:410)
	at org.jboss.modules.ConcurrentClassLoader.performLoadClass(ConcurrentClassLoader.java:398)
	at org.jboss.modules.ConcurrentClassLoader.loadClass(ConcurrentClassLoader.java:116)
	at java.base/java.lang.ClassLoader.defineClass1(Native Method)
	at java.base/java.lang.ClassLoader.defineClass(ClassLoader.java:1017)
	at java.base/java.lang.ClassLoader.defineClass(ClassLoader.java:1095)
	at org.jboss.modules.ModuleClassLoader.doDefineOrLoadClass(ModuleClassLoader.java:351)
	at org.jboss.modules.ModuleClassLoader.defineClass(ModuleClassLoader.java:482)
	at org.jboss.modules.ModuleClassLoader.loadClassLocal(ModuleClassLoader.java:276)
	at org.jboss.modules.ModuleClassLoader$1.loadClassLocal(ModuleClassLoader.java:79)
	at org.jboss.modules.Module.loadModuleClass(Module.java:765)
	at org.jboss.modules.ModuleClassLoader.findClass(ModuleClassLoader.java:192)
	at org.jboss.modules.ConcurrentClassLoader.performLoadClassUnchecked(ConcurrentClassLoader.java:410)
	at org.jboss.modules.ConcurrentClassLoader.performLoadClass(ConcurrentClassLoader.java:398)
	at org.jboss.modules.ConcurrentClassLoader.loadClass(ConcurrentClassLoader.java:116)
	at java.base/java.lang.ClassLoader.defineClass1(Native Method)
	at java.base/java.lang.ClassLoader.defineClass(ClassLoader.java:1017)
	at java.base/java.lang.ClassLoader.defineClass(ClassLoader.java:1095)
	at org.jboss.modules.ModuleClassLoader.doDefineOrLoadClass(ModuleClassLoader.java:351)
	at org.jboss.modules.ModuleClassLoader.defineClass(ModuleClassLoader.java:482)
	at org.jboss.modules.ModuleClassLoader.loadClassLocal(ModuleClassLoader.java:276)
	at org.jboss.modules.ModuleClassLoader$1.loadClassLocal(ModuleClassLoader.java:79)
	at org.jboss.modules.Module.loadModuleClass(Module.java:765)
	at org.jboss.modules.ModuleClassLoader.findClass(ModuleClassLoader.java:192)
	at org.jboss.modules.ConcurrentClassLoader.performLoadClassUnchecked(ConcurrentClassLoader.java:410)
	at org.jboss.modules.ConcurrentClassLoader.performLoadClass(ConcurrentClassLoader.java:398)
	at org.jboss.modules.ConcurrentClassLoader.loadClass(ConcurrentClassLoader.java:116)
	at java.base/java.lang.Class.forName0(Native Method)
	at java.base/java.lang.Class.forName(Class.java:467)
	at org.jboss.as.ee@27.0.1.Final//org.jboss.as.ee.utils.ClassLoadingUtils.loadClass(ClassLoadingUtils.java:21)
	at org.jboss.as.ee@27.0.1.Final//org.jboss.as.ee.utils.ClassLoadingUtils.loadClass(ClassLoadingUtils.java:14)
	at org.jboss.as.ee@27.0.1.Final//org.jboss.as.ee.component.deployers.InterceptorAnnotationProcessor.processComponentConfig(InterceptorAnnotationProcessor.java:84)
	at org.jboss.as.ee@27.0.1.Final//org.jboss.as.ee.component.deployers.InterceptorAnnotationProcessor.deploy(InterceptorAnnotationProcessor.java:77)
	at org.jboss.as.server@19.0.1.Final//org.jboss.as.server.deployment.DeploymentUnitPhaseService.start(DeploymentUnitPhaseService.java:182)
	at org.jboss.msc@1.4.13.Final//org.jboss.msc.service.ServiceControllerImpl$StartTask.startService(ServiceControllerImpl.java:1739)
	at org.jboss.msc@1.4.13.Final//org.jboss.msc.service.ServiceControllerImpl$StartTask.execute(ServiceControllerImpl.java:1701)
	at org.jboss.msc@1.4.13.Final//org.jboss.msc.service.ServiceControllerImpl$ControllerTask.run(ServiceControllerImpl.java:1559)
	at org.jboss.threads@2.4.0.Final//org.jboss.threads.ContextClassLoaderSavingRunnable.run(ContextClassLoaderSavingRunnable.java:35)
	at org.jboss.threads@2.4.0.Final//org.jboss.threads.EnhancedQueueExecutor.safeRun(EnhancedQueueExecutor.java:1990)
	at org.jboss.threads@2.4.0.Final//org.jboss.threads.EnhancedQueueExecutor$ThreadBody.doRunTask(EnhancedQueueExecutor.java:1486)
	at org.jboss.threads@2.4.0.Final//org.jboss.threads.EnhancedQueueExecutor$ThreadBody.run(EnhancedQueueExecutor.java:1363)
	at java.base/java.lang.Thread.run(Thread.java:840)

[0m[33m11:35:08,594 WARN  [org.jboss.modules.define] (MSC service thread 1-5) Failed to define class org.apache.shiro.web.tags.HasAnyRolesTag in Module "deployment.qto.war" from Service Module Loader: java.lang.NoClassDefFoundError: Failed to link org/apache/shiro/web/tags/HasAnyRolesTag (Module "deployment.qto.war" from Service Module Loader): Failed to link org/apache/shiro/web/tags/RoleTag (Module "deployment.qto.war" from Service Module Loader): Failed to link org/apache/shiro/web/tags/SecureTag (Module "deployment.qto.war" from Service Module Loader): javax/servlet/jsp/tagext/TagSupport
	at java.base/java.lang.ClassLoader.defineClass1(Native Method)
	at java.base/java.lang.ClassLoader.defineClass(ClassLoader.java:1017)
	at java.base/java.lang.ClassLoader.defineClass(ClassLoader.java:1095)
	at org.jboss.modules.ModuleClassLoader.doDefineOrLoadClass(ModuleClassLoader.java:351)
	at org.jboss.modules.ModuleClassLoader.defineClass(ModuleClassLoader.java:482)
	at org.jboss.modules.ModuleClassLoader.loadClassLocal(ModuleClassLoader.java:276)
	at org.jboss.modules.ModuleClassLoader$1.loadClassLocal(ModuleClassLoader.java:79)
	at org.jboss.modules.Module.loadModuleClass(Module.java:765)
	at org.jboss.modules.ModuleClassLoader.findClass(ModuleClassLoader.java:192)
	at org.jboss.modules.ConcurrentClassLoader.performLoadClassUnchecked(ConcurrentClassLoader.java:410)
	at org.jboss.modules.ConcurrentClassLoader.performLoadClass(ConcurrentClassLoader.java:398)
	at org.jboss.modules.ConcurrentClassLoader.loadClass(ConcurrentClassLoader.java:116)
	at java.base/java.lang.ClassLoader.defineClass1(Native Method)
	at java.base/java.lang.ClassLoader.defineClass(ClassLoader.java:1017)
	at java.base/java.lang.ClassLoader.defineClass(ClassLoader.java:1095)
	at org.jboss.modules.ModuleClassLoader.doDefineOrLoadClass(ModuleClassLoader.java:351)
	at org.jboss.modules.ModuleClassLoader.defineClass(ModuleClassLoader.java:482)
	at org.jboss.modules.ModuleClassLoader.loadClassLocal(ModuleClassLoader.java:276)
	at org.jboss.modules.ModuleClassLoader$1.loadClassLocal(ModuleClassLoader.java:79)
	at org.jboss.modules.Module.loadModuleClass(Module.java:765)
	at org.jboss.modules.ModuleClassLoader.findClass(ModuleClassLoader.java:192)
	at org.jboss.modules.ConcurrentClassLoader.performLoadClassUnchecked(ConcurrentClassLoader.java:410)
	at org.jboss.modules.ConcurrentClassLoader.performLoadClass(ConcurrentClassLoader.java:398)
	at org.jboss.modules.ConcurrentClassLoader.loadClass(ConcurrentClassLoader.java:116)
	at java.base/java.lang.ClassLoader.defineClass1(Native Method)
	at java.base/java.lang.ClassLoader.defineClass(ClassLoader.java:1017)
	at java.base/java.lang.ClassLoader.defineClass(ClassLoader.java:1095)
	at org.jboss.modules.ModuleClassLoader.doDefineOrLoadClass(ModuleClassLoader.java:351)
	at org.jboss.modules.ModuleClassLoader.defineClass(ModuleClassLoader.java:482)
	at org.jboss.modules.ModuleClassLoader.loadClassLocal(ModuleClassLoader.java:276)
	at org.jboss.modules.ModuleClassLoader$1.loadClassLocal(ModuleClassLoader.java:79)
	at org.jboss.modules.Module.loadModuleClass(Module.java:765)
	at org.jboss.modules.ModuleClassLoader.findClass(ModuleClassLoader.java:192)
	at org.jboss.modules.ConcurrentClassLoader.performLoadClassUnchecked(ConcurrentClassLoader.java:410)
	at org.jboss.modules.ConcurrentClassLoader.performLoadClass(ConcurrentClassLoader.java:398)
	at org.jboss.modules.ConcurrentClassLoader.loadClass(ConcurrentClassLoader.java:116)
	at java.base/java.lang.Class.forName0(Native Method)
	at java.base/java.lang.Class.forName(Class.java:467)
	at org.jboss.as.ee@27.0.1.Final//org.jboss.as.ee.utils.ClassLoadingUtils.loadClass(ClassLoadingUtils.java:21)
	at org.jboss.as.ee@27.0.1.Final//org.jboss.as.ee.utils.ClassLoadingUtils.loadClass(ClassLoadingUtils.java:14)
	at org.jboss.as.ee@27.0.1.Final//org.jboss.as.ee.component.deployers.InterceptorAnnotationProcessor.processComponentConfig(InterceptorAnnotationProcessor.java:84)
	at org.jboss.as.ee@27.0.1.Final//org.jboss.as.ee.component.deployers.InterceptorAnnotationProcessor.deploy(InterceptorAnnotationProcessor.java:77)
	at org.jboss.as.server@19.0.1.Final//org.jboss.as.server.deployment.DeploymentUnitPhaseService.start(DeploymentUnitPhaseService.java:182)
	at org.jboss.msc@1.4.13.Final//org.jboss.msc.service.ServiceControllerImpl$StartTask.startService(ServiceControllerImpl.java:1739)
	at org.jboss.msc@1.4.13.Final//org.jboss.msc.service.ServiceControllerImpl$StartTask.execute(ServiceControllerImpl.java:1701)
	at org.jboss.msc@1.4.13.Final//org.jboss.msc.service.ServiceControllerImpl$ControllerTask.run(ServiceControllerImpl.java:1559)
	at org.jboss.threads@2.4.0.Final//org.jboss.threads.ContextClassLoaderSavingRunnable.run(ContextClassLoaderSavingRunnable.java:35)
	at org.jboss.threads@2.4.0.Final//org.jboss.threads.EnhancedQueueExecutor.safeRun(EnhancedQueueExecutor.java:1990)
	at org.jboss.threads@2.4.0.Final//org.jboss.threads.EnhancedQueueExecutor$ThreadBody.doRunTask(EnhancedQueueExecutor.java:1486)
	at org.jboss.threads@2.4.0.Final//org.jboss.threads.EnhancedQueueExecutor$ThreadBody.run(EnhancedQueueExecutor.java:1363)
	at java.base/java.lang.Thread.run(Thread.java:840)

[0m[33m11:35:08,595 WARN  [org.jboss.modules.define] (MSC service thread 1-5) Failed to define class org.apache.shiro.web.tags.SecureTag in Module "deployment.qto.war" from Service Module Loader: java.lang.NoClassDefFoundError: Failed to link org/apache/shiro/web/tags/SecureTag (Module "deployment.qto.war" from Service Module Loader): javax/servlet/jsp/tagext/TagSupport
	at java.base/java.lang.ClassLoader.defineClass1(Native Method)
	at java.base/java.lang.ClassLoader.defineClass(ClassLoader.java:1017)
	at java.base/java.lang.ClassLoader.defineClass(ClassLoader.java:1095)
	at org.jboss.modules.ModuleClassLoader.doDefineOrLoadClass(ModuleClassLoader.java:351)
	at org.jboss.modules.ModuleClassLoader.defineClass(ModuleClassLoader.java:482)
	at org.jboss.modules.ModuleClassLoader.loadClassLocal(ModuleClassLoader.java:276)
	at org.jboss.modules.ModuleClassLoader$1.loadClassLocal(ModuleClassLoader.java:79)
	at org.jboss.modules.Module.loadModuleClass(Module.java:765)
	at org.jboss.modules.ModuleClassLoader.findClass(ModuleClassLoader.java:192)
	at org.jboss.modules.ConcurrentClassLoader.performLoadClassUnchecked(ConcurrentClassLoader.java:410)
	at org.jboss.modules.ConcurrentClassLoader.performLoadClass(ConcurrentClassLoader.java:398)
	at org.jboss.modules.ConcurrentClassLoader.loadClass(ConcurrentClassLoader.java:116)
	at java.base/java.lang.ClassLoader.defineClass1(Native Method)
	at java.base/java.lang.ClassLoader.defineClass(ClassLoader.java:1017)
	at java.base/java.lang.ClassLoader.defineClass(ClassLoader.java:1095)
	at org.jboss.modules.ModuleClassLoader.doDefineOrLoadClass(ModuleClassLoader.java:351)
	at org.jboss.modules.ModuleClassLoader.defineClass(ModuleClassLoader.java:482)
	at org.jboss.modules.ModuleClassLoader.loadClassLocal(ModuleClassLoader.java:276)
	at org.jboss.modules.ModuleClassLoader$1.loadClassLocal(ModuleClassLoader.java:79)
	at org.jboss.modules.Module.loadModuleClass(Module.java:765)
	at org.jboss.modules.ModuleClassLoader.findClass(ModuleClassLoader.java:192)
	at org.jboss.modules.ConcurrentClassLoader.performLoadClassUnchecked(ConcurrentClassLoader.java:410)
	at org.jboss.modules.ConcurrentClassLoader.performLoadClass(ConcurrentClassLoader.java:398)
	at org.jboss.modules.ConcurrentClassLoader.loadClass(ConcurrentClassLoader.java:116)
	at java.base/java.lang.ClassLoader.defineClass1(Native Method)
	at java.base/java.lang.ClassLoader.defineClass(ClassLoader.java:1017)
	at java.base/java.lang.ClassLoader.defineClass(ClassLoader.java:1095)
	at org.jboss.modules.ModuleClassLoader.doDefineOrLoadClass(ModuleClassLoader.java:351)
	at org.jboss.modules.ModuleClassLoader.defineClass(ModuleClassLoader.java:482)
	at org.jboss.modules.ModuleClassLoader.loadClassLocal(ModuleClassLoader.java:276)
	at org.jboss.modules.ModuleClassLoader$1.loadClassLocal(ModuleClassLoader.java:79)
	at org.jboss.modules.Module.loadModuleClass(Module.java:765)
	at org.jboss.modules.ModuleClassLoader.findClass(ModuleClassLoader.java:192)
	at org.jboss.modules.ConcurrentClassLoader.performLoadClassUnchecked(ConcurrentClassLoader.java:410)
	at org.jboss.modules.ConcurrentClassLoader.performLoadClass(ConcurrentClassLoader.java:398)
	at org.jboss.modules.ConcurrentClassLoader.loadClass(ConcurrentClassLoader.java:116)
	at java.base/java.lang.Class.forName0(Native Method)
	at java.base/java.lang.Class.forName(Class.java:467)
	at org.jboss.as.ee@27.0.1.Final//org.jboss.as.ee.utils.ClassLoadingUtils.loadClass(ClassLoadingUtils.java:21)
	at org.jboss.as.ee@27.0.1.Final//org.jboss.as.ee.utils.ClassLoadingUtils.loadClass(ClassLoadingUtils.java:14)
	at org.jboss.as.ee@27.0.1.Final//org.jboss.as.ee.component.deployers.InterceptorAnnotationProcessor.processComponentConfig(InterceptorAnnotationProcessor.java:84)
	at org.jboss.as.ee@27.0.1.Final//org.jboss.as.ee.component.deployers.InterceptorAnnotationProcessor.deploy(InterceptorAnnotationProcessor.java:77)
	at org.jboss.as.server@19.0.1.Final//org.jboss.as.server.deployment.DeploymentUnitPhaseService.start(DeploymentUnitPhaseService.java:182)
	at org.jboss.msc@1.4.13.Final//org.jboss.msc.service.ServiceControllerImpl$StartTask.startService(ServiceControllerImpl.java:1739)
	at org.jboss.msc@1.4.13.Final//org.jboss.msc.service.ServiceControllerImpl$StartTask.execute(ServiceControllerImpl.java:1701)
	at org.jboss.msc@1.4.13.Final//org.jboss.msc.service.ServiceControllerImpl$ControllerTask.run(ServiceControllerImpl.java:1559)
	at org.jboss.threads@2.4.0.Final//org.jboss.threads.ContextClassLoaderSavingRunnable.run(ContextClassLoaderSavingRunnable.java:35)
	at org.jboss.threads@2.4.0.Final//org.jboss.threads.EnhancedQueueExecutor.safeRun(EnhancedQueueExecutor.java:1990)
	at org.jboss.threads@2.4.0.Final//org.jboss.threads.EnhancedQueueExecutor$ThreadBody.doRunTask(EnhancedQueueExecutor.java:1486)
	at org.jboss.threads@2.4.0.Final//org.jboss.threads.EnhancedQueueExecutor$ThreadBody.run(EnhancedQueueExecutor.java:1363)
	at java.base/java.lang.Thread.run(Thread.java:840)

[0m[33m11:35:08,595 WARN  [org.jboss.modules.define] (MSC service thread 1-5) Failed to define class org.apache.shiro.web.tags.RoleTag in Module "deployment.qto.war" from Service Module Loader: java.lang.NoClassDefFoundError: Failed to link org/apache/shiro/web/tags/RoleTag (Module "deployment.qto.war" from Service Module Loader): Failed to link org/apache/shiro/web/tags/SecureTag (Module "deployment.qto.war" from Service Module Loader): javax/servlet/jsp/tagext/TagSupport
	at java.base/java.lang.ClassLoader.defineClass1(Native Method)
	at java.base/java.lang.ClassLoader.defineClass(ClassLoader.java:1017)
	at java.base/java.lang.ClassLoader.defineClass(ClassLoader.java:1095)
	at org.jboss.modules.ModuleClassLoader.doDefineOrLoadClass(ModuleClassLoader.java:351)
	at org.jboss.modules.ModuleClassLoader.defineClass(ModuleClassLoader.java:482)
	at org.jboss.modules.ModuleClassLoader.loadClassLocal(ModuleClassLoader.java:276)
	at org.jboss.modules.ModuleClassLoader$1.loadClassLocal(ModuleClassLoader.java:79)
	at org.jboss.modules.Module.loadModuleClass(Module.java:765)
	at org.jboss.modules.ModuleClassLoader.findClass(ModuleClassLoader.java:192)
	at org.jboss.modules.ConcurrentClassLoader.performLoadClassUnchecked(ConcurrentClassLoader.java:410)
	at org.jboss.modules.ConcurrentClassLoader.performLoadClass(ConcurrentClassLoader.java:398)
	at org.jboss.modules.ConcurrentClassLoader.loadClass(ConcurrentClassLoader.java:116)
	at java.base/java.lang.ClassLoader.defineClass1(Native Method)
	at java.base/java.lang.ClassLoader.defineClass(ClassLoader.java:1017)
	at java.base/java.lang.ClassLoader.defineClass(ClassLoader.java:1095)
	at org.jboss.modules.ModuleClassLoader.doDefineOrLoadClass(ModuleClassLoader.java:351)
	at org.jboss.modules.ModuleClassLoader.defineClass(ModuleClassLoader.java:482)
	at org.jboss.modules.ModuleClassLoader.loadClassLocal(ModuleClassLoader.java:276)
	at org.jboss.modules.ModuleClassLoader$1.loadClassLocal(ModuleClassLoader.java:79)
	at org.jboss.modules.Module.loadModuleClass(Module.java:765)
	at org.jboss.modules.ModuleClassLoader.findClass(ModuleClassLoader.java:192)
	at org.jboss.modules.ConcurrentClassLoader.performLoadClassUnchecked(ConcurrentClassLoader.java:410)
	at org.jboss.modules.ConcurrentClassLoader.performLoadClass(ConcurrentClassLoader.java:398)
	at org.jboss.modules.ConcurrentClassLoader.loadClass(ConcurrentClassLoader.java:116)
	at java.base/java.lang.ClassLoader.defineClass1(Native Method)
	at java.base/java.lang.ClassLoader.defineClass(ClassLoader.java:1017)
	at java.base/java.lang.ClassLoader.defineClass(ClassLoader.java:1095)
	at org.jboss.modules.ModuleClassLoader.doDefineOrLoadClass(ModuleClassLoader.java:351)
	at org.jboss.modules.ModuleClassLoader.defineClass(ModuleClassLoader.java:482)
	at org.jboss.modules.ModuleClassLoader.loadClassLocal(ModuleClassLoader.java:276)
	at org.jboss.modules.ModuleClassLoader$1.loadClassLocal(ModuleClassLoader.java:79)
	at org.jboss.modules.Module.loadModuleClass(Module.java:765)
	at org.jboss.modules.ModuleClassLoader.findClass(ModuleClassLoader.java:192)
	at org.jboss.modules.ConcurrentClassLoader.performLoadClassUnchecked(ConcurrentClassLoader.java:410)
	at org.jboss.modules.ConcurrentClassLoader.performLoadClass(ConcurrentClassLoader.java:398)
	at org.jboss.modules.ConcurrentClassLoader.loadClass(ConcurrentClassLoader.java:116)
	at java.base/java.lang.Class.forName0(Native Method)
	at java.base/java.lang.Class.forName(Class.java:467)
	at org.jboss.as.ee@27.0.1.Final//org.jboss.as.ee.utils.ClassLoadingUtils.loadClass(ClassLoadingUtils.java:21)
	at org.jboss.as.ee@27.0.1.Final//org.jboss.as.ee.utils.ClassLoadingUtils.loadClass(ClassLoadingUtils.java:14)
	at org.jboss.as.ee@27.0.1.Final//org.jboss.as.ee.component.deployers.InterceptorAnnotationProcessor.processComponentConfig(InterceptorAnnotationProcessor.java:84)
	at org.jboss.as.ee@27.0.1.Final//org.jboss.as.ee.component.deployers.InterceptorAnnotationProcessor.deploy(InterceptorAnnotationProcessor.java:77)
	at org.jboss.as.server@19.0.1.Final//org.jboss.as.server.deployment.DeploymentUnitPhaseService.start(DeploymentUnitPhaseService.java:182)
	at org.jboss.msc@1.4.13.Final//org.jboss.msc.service.ServiceControllerImpl$StartTask.startService(ServiceControllerImpl.java:1739)
	at org.jboss.msc@1.4.13.Final//org.jboss.msc.service.ServiceControllerImpl$StartTask.execute(ServiceControllerImpl.java:1701)
	at org.jboss.msc@1.4.13.Final//org.jboss.msc.service.ServiceControllerImpl$ControllerTask.run(ServiceControllerImpl.java:1559)
	at org.jboss.threads@2.4.0.Final//org.jboss.threads.ContextClassLoaderSavingRunnable.run(ContextClassLoaderSavingRunnable.java:35)
	at org.jboss.threads@2.4.0.Final//org.jboss.threads.EnhancedQueueExecutor.safeRun(EnhancedQueueExecutor.java:1990)
	at org.jboss.threads@2.4.0.Final//org.jboss.threads.EnhancedQueueExecutor$ThreadBody.doRunTask(EnhancedQueueExecutor.java:1486)
	at org.jboss.threads@2.4.0.Final//org.jboss.threads.EnhancedQueueExecutor$ThreadBody.run(EnhancedQueueExecutor.java:1363)
	at java.base/java.lang.Thread.run(Thread.java:840)

[0m[33m11:35:08,595 WARN  [org.jboss.modules.define] (MSC service thread 1-5) Failed to define class org.apache.shiro.web.tags.HasRoleTag in Module "deployment.qto.war" from Service Module Loader: java.lang.NoClassDefFoundError: Failed to link org/apache/shiro/web/tags/HasRoleTag (Module "deployment.qto.war" from Service Module Loader): Failed to link org/apache/shiro/web/tags/RoleTag (Module "deployment.qto.war" from Service Module Loader): Failed to link org/apache/shiro/web/tags/SecureTag (Module "deployment.qto.war" from Service Module Loader): javax/servlet/jsp/tagext/TagSupport
	at java.base/java.lang.ClassLoader.defineClass1(Native Method)
	at java.base/java.lang.ClassLoader.defineClass(ClassLoader.java:1017)
	at java.base/java.lang.ClassLoader.defineClass(ClassLoader.java:1095)
	at org.jboss.modules.ModuleClassLoader.doDefineOrLoadClass(ModuleClassLoader.java:351)
	at org.jboss.modules.ModuleClassLoader.defineClass(ModuleClassLoader.java:482)
	at org.jboss.modules.ModuleClassLoader.loadClassLocal(ModuleClassLoader.java:276)
	at org.jboss.modules.ModuleClassLoader$1.loadClassLocal(ModuleClassLoader.java:79)
	at org.jboss.modules.Module.loadModuleClass(Module.java:765)
	at org.jboss.modules.ModuleClassLoader.findClass(ModuleClassLoader.java:192)
	at org.jboss.modules.ConcurrentClassLoader.performLoadClassUnchecked(ConcurrentClassLoader.java:410)
	at org.jboss.modules.ConcurrentClassLoader.performLoadClass(ConcurrentClassLoader.java:398)
	at org.jboss.modules.ConcurrentClassLoader.loadClass(ConcurrentClassLoader.java:116)
	at java.base/java.lang.ClassLoader.defineClass1(Native Method)
	at java.base/java.lang.ClassLoader.defineClass(ClassLoader.java:1017)
	at java.base/java.lang.ClassLoader.defineClass(ClassLoader.java:1095)
	at org.jboss.modules.ModuleClassLoader.doDefineOrLoadClass(ModuleClassLoader.java:351)
	at org.jboss.modules.ModuleClassLoader.defineClass(ModuleClassLoader.java:482)
	at org.jboss.modules.ModuleClassLoader.loadClassLocal(ModuleClassLoader.java:276)
	at org.jboss.modules.ModuleClassLoader$1.loadClassLocal(ModuleClassLoader.java:79)
	at org.jboss.modules.Module.loadModuleClass(Module.java:765)
	at org.jboss.modules.ModuleClassLoader.findClass(ModuleClassLoader.java:192)
	at org.jboss.modules.ConcurrentClassLoader.performLoadClassUnchecked(ConcurrentClassLoader.java:410)
	at org.jboss.modules.ConcurrentClassLoader.performLoadClass(ConcurrentClassLoader.java:398)
	at org.jboss.modules.ConcurrentClassLoader.loadClass(ConcurrentClassLoader.java:116)
	at java.base/java.lang.ClassLoader.defineClass1(Native Method)
	at java.base/java.lang.ClassLoader.defineClass(ClassLoader.java:1017)
	at java.base/java.lang.ClassLoader.defineClass(ClassLoader.java:1095)
	at org.jboss.modules.ModuleClassLoader.doDefineOrLoadClass(ModuleClassLoader.java:351)
	at org.jboss.modules.ModuleClassLoader.defineClass(ModuleClassLoader.java:482)
	at org.jboss.modules.ModuleClassLoader.loadClassLocal(ModuleClassLoader.java:276)
	at org.jboss.modules.ModuleClassLoader$1.loadClassLocal(ModuleClassLoader.java:79)
	at org.jboss.modules.Module.loadModuleClass(Module.java:765)
	at org.jboss.modules.ModuleClassLoader.findClass(ModuleClassLoader.java:192)
	at org.jboss.modules.ConcurrentClassLoader.performLoadClassUnchecked(ConcurrentClassLoader.java:410)
	at org.jboss.modules.ConcurrentClassLoader.performLoadClass(ConcurrentClassLoader.java:398)
	at org.jboss.modules.ConcurrentClassLoader.loadClass(ConcurrentClassLoader.java:116)
	at java.base/java.lang.Class.forName0(Native Method)
	at java.base/java.lang.Class.forName(Class.java:467)
	at org.jboss.as.ee@27.0.1.Final//org.jboss.as.ee.utils.ClassLoadingUtils.loadClass(ClassLoadingUtils.java:21)
	at org.jboss.as.ee@27.0.1.Final//org.jboss.as.ee.utils.ClassLoadingUtils.loadClass(ClassLoadingUtils.java:14)
	at org.jboss.as.ee@27.0.1.Final//org.jboss.as.ee.component.deployers.InterceptorAnnotationProcessor.processComponentConfig(InterceptorAnnotationProcessor.java:84)
	at org.jboss.as.ee@27.0.1.Final//org.jboss.as.ee.component.deployers.InterceptorAnnotationProcessor.deploy(InterceptorAnnotationProcessor.java:77)
	at org.jboss.as.server@19.0.1.Final//org.jboss.as.server.deployment.DeploymentUnitPhaseService.start(DeploymentUnitPhaseService.java:182)
	at org.jboss.msc@1.4.13.Final//org.jboss.msc.service.ServiceControllerImpl$StartTask.startService(ServiceControllerImpl.java:1739)
	at org.jboss.msc@1.4.13.Final//org.jboss.msc.service.ServiceControllerImpl$StartTask.execute(ServiceControllerImpl.java:1701)
	at org.jboss.msc@1.4.13.Final//org.jboss.msc.service.ServiceControllerImpl$ControllerTask.run(ServiceControllerImpl.java:1559)
	at org.jboss.threads@2.4.0.Final//org.jboss.threads.ContextClassLoaderSavingRunnable.run(ContextClassLoaderSavingRunnable.java:35)
	at org.jboss.threads@2.4.0.Final//org.jboss.threads.EnhancedQueueExecutor.safeRun(EnhancedQueueExecutor.java:1990)
	at org.jboss.threads@2.4.0.Final//org.jboss.threads.EnhancedQueueExecutor$ThreadBody.doRunTask(EnhancedQueueExecutor.java:1486)
	at org.jboss.threads@2.4.0.Final//org.jboss.threads.EnhancedQueueExecutor$ThreadBody.run(EnhancedQueueExecutor.java:1363)
	at java.base/java.lang.Thread.run(Thread.java:840)

[0m[33m11:35:08,595 WARN  [org.jboss.modules.define] (MSC service thread 1-5) Failed to define class org.apache.shiro.web.env.EnvironmentLoaderListener in Module "deployment.qto.war" from Service Module Loader: java.lang.NoClassDefFoundError: Failed to link org/apache/shiro/web/env/EnvironmentLoaderListener (Module "deployment.qto.war" from Service Module Loader): javax/servlet/ServletContextListener
	at java.base/java.lang.ClassLoader.defineClass1(Native Method)
	at java.base/java.lang.ClassLoader.defineClass(ClassLoader.java:1017)
	at java.base/java.lang.ClassLoader.defineClass(ClassLoader.java:1095)
	at org.jboss.modules.ModuleClassLoader.doDefineOrLoadClass(ModuleClassLoader.java:351)
	at org.jboss.modules.ModuleClassLoader.defineClass(ModuleClassLoader.java:482)
	at org.jboss.modules.ModuleClassLoader.loadClassLocal(ModuleClassLoader.java:276)
	at org.jboss.modules.ModuleClassLoader$1.loadClassLocal(ModuleClassLoader.java:79)
	at org.jboss.modules.Module.loadModuleClass(Module.java:765)
	at org.jboss.modules.ModuleClassLoader.findClass(ModuleClassLoader.java:192)
	at org.jboss.modules.ConcurrentClassLoader.performLoadClassUnchecked(ConcurrentClassLoader.java:410)
	at org.jboss.modules.ConcurrentClassLoader.performLoadClass(ConcurrentClassLoader.java:398)
	at org.jboss.modules.ConcurrentClassLoader.loadClass(ConcurrentClassLoader.java:116)
	at java.base/java.lang.Class.forName0(Native Method)
	at java.base/java.lang.Class.forName(Class.java:467)
	at org.jboss.as.ee@27.0.1.Final//org.jboss.as.ee.utils.ClassLoadingUtils.loadClass(ClassLoadingUtils.java:21)
	at org.jboss.as.ee@27.0.1.Final//org.jboss.as.ee.utils.ClassLoadingUtils.loadClass(ClassLoadingUtils.java:14)
	at org.jboss.as.ee@27.0.1.Final//org.jboss.as.ee.component.deployers.InterceptorAnnotationProcessor.processComponentConfig(InterceptorAnnotationProcessor.java:84)
	at org.jboss.as.ee@27.0.1.Final//org.jboss.as.ee.component.deployers.InterceptorAnnotationProcessor.deploy(InterceptorAnnotationProcessor.java:77)
	at org.jboss.as.server@19.0.1.Final//org.jboss.as.server.deployment.DeploymentUnitPhaseService.start(DeploymentUnitPhaseService.java:182)
	at org.jboss.msc@1.4.13.Final//org.jboss.msc.service.ServiceControllerImpl$StartTask.startService(ServiceControllerImpl.java:1739)
	at org.jboss.msc@1.4.13.Final//org.jboss.msc.service.ServiceControllerImpl$StartTask.execute(ServiceControllerImpl.java:1701)
	at org.jboss.msc@1.4.13.Final//org.jboss.msc.service.ServiceControllerImpl$ControllerTask.run(ServiceControllerImpl.java:1559)
	at org.jboss.threads@2.4.0.Final//org.jboss.threads.ContextClassLoaderSavingRunnable.run(ContextClassLoaderSavingRunnable.java:35)
	at org.jboss.threads@2.4.0.Final//org.jboss.threads.EnhancedQueueExecutor.safeRun(EnhancedQueueExecutor.java:1990)
	at org.jboss.threads@2.4.0.Final//org.jboss.threads.EnhancedQueueExecutor$ThreadBody.doRunTask(EnhancedQueueExecutor.java:1486)
	at org.jboss.threads@2.4.0.Final//org.jboss.threads.EnhancedQueueExecutor$ThreadBody.run(EnhancedQueueExecutor.java:1363)
	at java.base/java.lang.Thread.run(Thread.java:840)

[0m[33m11:35:08,596 WARN  [org.jboss.modules.define] (MSC service thread 1-5) Failed to define class org.apache.shiro.web.tags.SecureTag in Module "deployment.qto.war" from Service Module Loader: java.lang.NoClassDefFoundError: Failed to link org/apache/shiro/web/tags/SecureTag (Module "deployment.qto.war" from Service Module Loader): javax/servlet/jsp/tagext/TagSupport
	at java.base/java.lang.ClassLoader.defineClass1(Native Method)
	at java.base/java.lang.ClassLoader.defineClass(ClassLoader.java:1017)
	at java.base/java.lang.ClassLoader.defineClass(ClassLoader.java:1095)
	at org.jboss.modules.ModuleClassLoader.doDefineOrLoadClass(ModuleClassLoader.java:351)
	at org.jboss.modules.ModuleClassLoader.defineClass(ModuleClassLoader.java:482)
	at org.jboss.modules.ModuleClassLoader.loadClassLocal(ModuleClassLoader.java:276)
	at org.jboss.modules.ModuleClassLoader$1.loadClassLocal(ModuleClassLoader.java:79)
	at org.jboss.modules.Module.loadModuleClass(Module.java:765)
	at org.jboss.modules.ModuleClassLoader.findClass(ModuleClassLoader.java:192)
	at org.jboss.modules.ConcurrentClassLoader.performLoadClassUnchecked(ConcurrentClassLoader.java:410)
	at org.jboss.modules.ConcurrentClassLoader.performLoadClass(ConcurrentClassLoader.java:398)
	at org.jboss.modules.ConcurrentClassLoader.loadClass(ConcurrentClassLoader.java:116)
	at java.base/java.lang.ClassLoader.defineClass1(Native Method)
	at java.base/java.lang.ClassLoader.defineClass(ClassLoader.java:1017)
	at java.base/java.lang.ClassLoader.defineClass(ClassLoader.java:1095)
	at org.jboss.modules.ModuleClassLoader.doDefineOrLoadClass(ModuleClassLoader.java:351)
	at org.jboss.modules.ModuleClassLoader.defineClass(ModuleClassLoader.java:482)
	at org.jboss.modules.ModuleClassLoader.loadClassLocal(ModuleClassLoader.java:276)
	at org.jboss.modules.ModuleClassLoader$1.loadClassLocal(ModuleClassLoader.java:79)
	at org.jboss.modules.Module.loadModuleClass(Module.java:765)
	at org.jboss.modules.ModuleClassLoader.findClass(ModuleClassLoader.java:192)
	at org.jboss.modules.ConcurrentClassLoader.performLoadClassUnchecked(ConcurrentClassLoader.java:410)
	at org.jboss.modules.ConcurrentClassLoader.performLoadClass(ConcurrentClassLoader.java:398)
	at org.jboss.modules.ConcurrentClassLoader.loadClass(ConcurrentClassLoader.java:116)
	at java.base/java.lang.Class.forName0(Native Method)
	at java.base/java.lang.Class.forName(Class.java:467)
	at org.jboss.as.ee@27.0.1.Final//org.jboss.as.ee.utils.ClassLoadingUtils.loadClass(ClassLoadingUtils.java:21)
	at org.jboss.as.ee@27.0.1.Final//org.jboss.as.ee.utils.ClassLoadingUtils.loadClass(ClassLoadingUtils.java:14)
	at org.jboss.as.ee@27.0.1.Final//org.jboss.as.ee.component.deployers.InterceptorAnnotationProcessor.processComponentConfig(InterceptorAnnotationProcessor.java:84)
	at org.jboss.as.ee@27.0.1.Final//org.jboss.as.ee.component.deployers.InterceptorAnnotationProcessor.deploy(InterceptorAnnotationProcessor.java:77)
	at org.jboss.as.server@19.0.1.Final//org.jboss.as.server.deployment.DeploymentUnitPhaseService.start(DeploymentUnitPhaseService.java:182)
	at org.jboss.msc@1.4.13.Final//org.jboss.msc.service.ServiceControllerImpl$StartTask.startService(ServiceControllerImpl.java:1739)
	at org.jboss.msc@1.4.13.Final//org.jboss.msc.service.ServiceControllerImpl$StartTask.execute(ServiceControllerImpl.java:1701)
	at org.jboss.msc@1.4.13.Final//org.jboss.msc.service.ServiceControllerImpl$ControllerTask.run(ServiceControllerImpl.java:1559)
	at org.jboss.threads@2.4.0.Final//org.jboss.threads.ContextClassLoaderSavingRunnable.run(ContextClassLoaderSavingRunnable.java:35)
	at org.jboss.threads@2.4.0.Final//org.jboss.threads.EnhancedQueueExecutor.safeRun(EnhancedQueueExecutor.java:1990)
	at org.jboss.threads@2.4.0.Final//org.jboss.threads.EnhancedQueueExecutor$ThreadBody.doRunTask(EnhancedQueueExecutor.java:1486)
	at org.jboss.threads@2.4.0.Final//org.jboss.threads.EnhancedQueueExecutor$ThreadBody.run(EnhancedQueueExecutor.java:1363)
	at java.base/java.lang.Thread.run(Thread.java:840)

[0m[33m11:35:08,596 WARN  [org.jboss.modules.define] (MSC service thread 1-5) Failed to define class org.apache.shiro.web.tags.PrincipalTag in Module "deployment.qto.war" from Service Module Loader: java.lang.NoClassDefFoundError: Failed to link org/apache/shiro/web/tags/PrincipalTag (Module "deployment.qto.war" from Service Module Loader): Failed to link org/apache/shiro/web/tags/SecureTag (Module "deployment.qto.war" from Service Module Loader): javax/servlet/jsp/tagext/TagSupport
	at java.base/java.lang.ClassLoader.defineClass1(Native Method)
	at java.base/java.lang.ClassLoader.defineClass(ClassLoader.java:1017)
	at java.base/java.lang.ClassLoader.defineClass(ClassLoader.java:1095)
	at org.jboss.modules.ModuleClassLoader.doDefineOrLoadClass(ModuleClassLoader.java:351)
	at org.jboss.modules.ModuleClassLoader.defineClass(ModuleClassLoader.java:482)
	at org.jboss.modules.ModuleClassLoader.loadClassLocal(ModuleClassLoader.java:276)
	at org.jboss.modules.ModuleClassLoader$1.loadClassLocal(ModuleClassLoader.java:79)
	at org.jboss.modules.Module.loadModuleClass(Module.java:765)
	at org.jboss.modules.ModuleClassLoader.findClass(ModuleClassLoader.java:192)
	at org.jboss.modules.ConcurrentClassLoader.performLoadClassUnchecked(ConcurrentClassLoader.java:410)
	at org.jboss.modules.ConcurrentClassLoader.performLoadClass(ConcurrentClassLoader.java:398)
	at org.jboss.modules.ConcurrentClassLoader.loadClass(ConcurrentClassLoader.java:116)
	at java.base/java.lang.ClassLoader.defineClass1(Native Method)
	at java.base/java.lang.ClassLoader.defineClass(ClassLoader.java:1017)
	at java.base/java.lang.ClassLoader.defineClass(ClassLoader.java:1095)
	at org.jboss.modules.ModuleClassLoader.doDefineOrLoadClass(ModuleClassLoader.java:351)
	at org.jboss.modules.ModuleClassLoader.defineClass(ModuleClassLoader.java:482)
	at org.jboss.modules.ModuleClassLoader.loadClassLocal(ModuleClassLoader.java:276)
	at org.jboss.modules.ModuleClassLoader$1.loadClassLocal(ModuleClassLoader.java:79)
	at org.jboss.modules.Module.loadModuleClass(Module.java:765)
	at org.jboss.modules.ModuleClassLoader.findClass(ModuleClassLoader.java:192)
	at org.jboss.modules.ConcurrentClassLoader.performLoadClassUnchecked(ConcurrentClassLoader.java:410)
	at org.jboss.modules.ConcurrentClassLoader.performLoadClass(ConcurrentClassLoader.java:398)
	at org.jboss.modules.ConcurrentClassLoader.loadClass(ConcurrentClassLoader.java:116)
	at java.base/java.lang.Class.forName0(Native Method)
	at java.base/java.lang.Class.forName(Class.java:467)
	at org.jboss.as.ee@27.0.1.Final//org.jboss.as.ee.utils.ClassLoadingUtils.loadClass(ClassLoadingUtils.java:21)
	at org.jboss.as.ee@27.0.1.Final//org.jboss.as.ee.utils.ClassLoadingUtils.loadClass(ClassLoadingUtils.java:14)
	at org.jboss.as.ee@27.0.1.Final//org.jboss.as.ee.component.deployers.InterceptorAnnotationProcessor.processComponentConfig(InterceptorAnnotationProcessor.java:84)
	at org.jboss.as.ee@27.0.1.Final//org.jboss.as.ee.component.deployers.InterceptorAnnotationProcessor.deploy(InterceptorAnnotationProcessor.java:77)
	at org.jboss.as.server@19.0.1.Final//org.jboss.as.server.deployment.DeploymentUnitPhaseService.start(DeploymentUnitPhaseService.java:182)
	at org.jboss.msc@1.4.13.Final//org.jboss.msc.service.ServiceControllerImpl$StartTask.startService(ServiceControllerImpl.java:1739)
	at org.jboss.msc@1.4.13.Final//org.jboss.msc.service.ServiceControllerImpl$StartTask.execute(ServiceControllerImpl.java:1701)
	at org.jboss.msc@1.4.13.Final//org.jboss.msc.service.ServiceControllerImpl$ControllerTask.run(ServiceControllerImpl.java:1559)
	at org.jboss.threads@2.4.0.Final//org.jboss.threads.ContextClassLoaderSavingRunnable.run(ContextClassLoaderSavingRunnable.java:35)
	at org.jboss.threads@2.4.0.Final//org.jboss.threads.EnhancedQueueExecutor.safeRun(EnhancedQueueExecutor.java:1990)
	at org.jboss.threads@2.4.0.Final//org.jboss.threads.EnhancedQueueExecutor$ThreadBody.doRunTask(EnhancedQueueExecutor.java:1486)
	at org.jboss.threads@2.4.0.Final//org.jboss.threads.EnhancedQueueExecutor$ThreadBody.run(EnhancedQueueExecutor.java:1363)
	at java.base/java.lang.Thread.run(Thread.java:840)

[0m[33m11:35:08,596 WARN  [org.jboss.modules.define] (MSC service thread 1-5) Failed to define class org.apache.shiro.web.tags.SecureTag in Module "deployment.qto.war" from Service Module Loader: java.lang.NoClassDefFoundError: Failed to link org/apache/shiro/web/tags/SecureTag (Module "deployment.qto.war" from Service Module Loader): javax/servlet/jsp/tagext/TagSupport
	at java.base/java.lang.ClassLoader.defineClass1(Native Method)
	at java.base/java.lang.ClassLoader.defineClass(ClassLoader.java:1017)
	at java.base/java.lang.ClassLoader.defineClass(ClassLoader.java:1095)
	at org.jboss.modules.ModuleClassLoader.doDefineOrLoadClass(ModuleClassLoader.java:351)
	at org.jboss.modules.ModuleClassLoader.defineClass(ModuleClassLoader.java:482)
	at org.jboss.modules.ModuleClassLoader.loadClassLocal(ModuleClassLoader.java:276)
	at org.jboss.modules.ModuleClassLoader$1.loadClassLocal(ModuleClassLoader.java:79)
	at org.jboss.modules.Module.loadModuleClass(Module.java:765)
	at org.jboss.modules.ModuleClassLoader.findClass(ModuleClassLoader.java:192)
	at org.jboss.modules.ConcurrentClassLoader.performLoadClassUnchecked(ConcurrentClassLoader.java:410)
	at org.jboss.modules.ConcurrentClassLoader.performLoadClass(ConcurrentClassLoader.java:398)
	at org.jboss.modules.ConcurrentClassLoader.loadClass(ConcurrentClassLoader.java:116)
	at java.base/java.lang.ClassLoader.defineClass1(Native Method)
	at java.base/java.lang.ClassLoader.defineClass(ClassLoader.java:1017)
	at java.base/java.lang.ClassLoader.defineClass(ClassLoader.java:1095)
	at org.jboss.modules.ModuleClassLoader.doDefineOrLoadClass(ModuleClassLoader.java:351)
	at org.jboss.modules.ModuleClassLoader.defineClass(ModuleClassLoader.java:482)
	at org.jboss.modules.ModuleClassLoader.loadClassLocal(ModuleClassLoader.java:276)
	at org.jboss.modules.ModuleClassLoader$1.loadClassLocal(ModuleClassLoader.java:79)
	at org.jboss.modules.Module.loadModuleClass(Module.java:765)
	at org.jboss.modules.ModuleClassLoader.findClass(ModuleClassLoader.java:192)
	at org.jboss.modules.ConcurrentClassLoader.performLoadClassUnchecked(ConcurrentClassLoader.java:410)
	at org.jboss.modules.ConcurrentClassLoader.performLoadClass(ConcurrentClassLoader.java:398)
	at org.jboss.modules.ConcurrentClassLoader.loadClass(ConcurrentClassLoader.java:116)
	at java.base/java.lang.Class.forName0(Native Method)
	at java.base/java.lang.Class.forName(Class.java:467)
	at org.jboss.as.ee@27.0.1.Final//org.jboss.as.ee.utils.ClassLoadingUtils.loadClass(ClassLoadingUtils.java:21)
	at org.jboss.as.ee@27.0.1.Final//org.jboss.as.ee.utils.ClassLoadingUtils.loadClass(ClassLoadingUtils.java:14)
	at org.jboss.as.ee@27.0.1.Final//org.jboss.as.ee.component.deployers.InterceptorAnnotationProcessor.processComponentConfig(InterceptorAnnotationProcessor.java:84)
	at org.jboss.as.ee@27.0.1.Final//org.jboss.as.ee.component.deployers.InterceptorAnnotationProcessor.deploy(InterceptorAnnotationProcessor.java:77)
	at org.jboss.as.server@19.0.1.Final//org.jboss.as.server.deployment.DeploymentUnitPhaseService.start(DeploymentUnitPhaseService.java:182)
	at org.jboss.msc@1.4.13.Final//org.jboss.msc.service.ServiceControllerImpl$StartTask.startService(ServiceControllerImpl.java:1739)
	at org.jboss.msc@1.4.13.Final//org.jboss.msc.service.ServiceControllerImpl$StartTask.execute(ServiceControllerImpl.java:1701)
	at org.jboss.msc@1.4.13.Final//org.jboss.msc.service.ServiceControllerImpl$ControllerTask.run(ServiceControllerImpl.java:1559)
	at org.jboss.threads@2.4.0.Final//org.jboss.threads.ContextClassLoaderSavingRunnable.run(ContextClassLoaderSavingRunnable.java:35)
	at org.jboss.threads@2.4.0.Final//org.jboss.threads.EnhancedQueueExecutor.safeRun(EnhancedQueueExecutor.java:1990)
	at org.jboss.threads@2.4.0.Final//org.jboss.threads.EnhancedQueueExecutor$ThreadBody.doRunTask(EnhancedQueueExecutor.java:1486)
	at org.jboss.threads@2.4.0.Final//org.jboss.threads.EnhancedQueueExecutor$ThreadBody.run(EnhancedQueueExecutor.java:1363)
	at java.base/java.lang.Thread.run(Thread.java:840)

[0m[33m11:35:08,596 WARN  [org.jboss.modules.define] (MSC service thread 1-5) Failed to define class org.apache.shiro.web.tags.NotAuthenticatedTag in Module "deployment.qto.war" from Service Module Loader: java.lang.NoClassDefFoundError: Failed to link org/apache/shiro/web/tags/NotAuthenticatedTag (Module "deployment.qto.war" from Service Module Loader): Failed to link org/apache/shiro/web/tags/SecureTag (Module "deployment.qto.war" from Service Module Loader): javax/servlet/jsp/tagext/TagSupport
	at java.base/java.lang.ClassLoader.defineClass1(Native Method)
	at java.base/java.lang.ClassLoader.defineClass(ClassLoader.java:1017)
	at java.base/java.lang.ClassLoader.defineClass(ClassLoader.java:1095)
	at org.jboss.modules.ModuleClassLoader.doDefineOrLoadClass(ModuleClassLoader.java:351)
	at org.jboss.modules.ModuleClassLoader.defineClass(ModuleClassLoader.java:482)
	at org.jboss.modules.ModuleClassLoader.loadClassLocal(ModuleClassLoader.java:276)
	at org.jboss.modules.ModuleClassLoader$1.loadClassLocal(ModuleClassLoader.java:79)
	at org.jboss.modules.Module.loadModuleClass(Module.java:765)
	at org.jboss.modules.ModuleClassLoader.findClass(ModuleClassLoader.java:192)
	at org.jboss.modules.ConcurrentClassLoader.performLoadClassUnchecked(ConcurrentClassLoader.java:410)
	at org.jboss.modules.ConcurrentClassLoader.performLoadClass(ConcurrentClassLoader.java:398)
	at org.jboss.modules.ConcurrentClassLoader.loadClass(ConcurrentClassLoader.java:116)
	at java.base/java.lang.ClassLoader.defineClass1(Native Method)
	at java.base/java.lang.ClassLoader.defineClass(ClassLoader.java:1017)
	at java.base/java.lang.ClassLoader.defineClass(ClassLoader.java:1095)
	at org.jboss.modules.ModuleClassLoader.doDefineOrLoadClass(ModuleClassLoader.java:351)
	at org.jboss.modules.ModuleClassLoader.defineClass(ModuleClassLoader.java:482)
	at org.jboss.modules.ModuleClassLoader.loadClassLocal(ModuleClassLoader.java:276)
	at org.jboss.modules.ModuleClassLoader$1.loadClassLocal(ModuleClassLoader.java:79)
	at org.jboss.modules.Module.loadModuleClass(Module.java:765)
	at org.jboss.modules.ModuleClassLoader.findClass(ModuleClassLoader.java:192)
	at org.jboss.modules.ConcurrentClassLoader.performLoadClassUnchecked(ConcurrentClassLoader.java:410)
	at org.jboss.modules.ConcurrentClassLoader.performLoadClass(ConcurrentClassLoader.java:398)
	at org.jboss.modules.ConcurrentClassLoader.loadClass(ConcurrentClassLoader.java:116)
	at java.base/java.lang.Class.forName0(Native Method)
	at java.base/java.lang.Class.forName(Class.java:467)
	at org.jboss.as.ee@27.0.1.Final//org.jboss.as.ee.utils.ClassLoadingUtils.loadClass(ClassLoadingUtils.java:21)
	at org.jboss.as.ee@27.0.1.Final//org.jboss.as.ee.utils.ClassLoadingUtils.loadClass(ClassLoadingUtils.java:14)
	at org.jboss.as.ee@27.0.1.Final//org.jboss.as.ee.component.deployers.InterceptorAnnotationProcessor.processComponentConfig(InterceptorAnnotationProcessor.java:84)
	at org.jboss.as.ee@27.0.1.Final//org.jboss.as.ee.component.deployers.InterceptorAnnotationProcessor.deploy(InterceptorAnnotationProcessor.java:77)
	at org.jboss.as.server@19.0.1.Final//org.jboss.as.server.deployment.DeploymentUnitPhaseService.start(DeploymentUnitPhaseService.java:182)
	at org.jboss.msc@1.4.13.Final//org.jboss.msc.service.ServiceControllerImpl$StartTask.startService(ServiceControllerImpl.java:1739)
	at org.jboss.msc@1.4.13.Final//org.jboss.msc.service.ServiceControllerImpl$StartTask.execute(ServiceControllerImpl.java:1701)
	at org.jboss.msc@1.4.13.Final//org.jboss.msc.service.ServiceControllerImpl$ControllerTask.run(ServiceControllerImpl.java:1559)
	at org.jboss.threads@2.4.0.Final//org.jboss.threads.ContextClassLoaderSavingRunnable.run(ContextClassLoaderSavingRunnable.java:35)
	at org.jboss.threads@2.4.0.Final//org.jboss.threads.EnhancedQueueExecutor.safeRun(EnhancedQueueExecutor.java:1990)
	at org.jboss.threads@2.4.0.Final//org.jboss.threads.EnhancedQueueExecutor$ThreadBody.doRunTask(EnhancedQueueExecutor.java:1486)
	at org.jboss.threads@2.4.0.Final//org.jboss.threads.EnhancedQueueExecutor$ThreadBody.run(EnhancedQueueExecutor.java:1363)
	at java.base/java.lang.Thread.run(Thread.java:840)

[0m[33m11:35:08,596 WARN  [org.jboss.modules.define] (MSC service thread 1-5) Failed to define class org.apache.shiro.web.tags.SecureTag in Module "deployment.qto.war" from Service Module Loader: java.lang.NoClassDefFoundError: Failed to link org/apache/shiro/web/tags/SecureTag (Module "deployment.qto.war" from Service Module Loader): javax/servlet/jsp/tagext/TagSupport
	at java.base/java.lang.ClassLoader.defineClass1(Native Method)
	at java.base/java.lang.ClassLoader.defineClass(ClassLoader.java:1017)
	at java.base/java.lang.ClassLoader.defineClass(ClassLoader.java:1095)
	at org.jboss.modules.ModuleClassLoader.doDefineOrLoadClass(ModuleClassLoader.java:351)
	at org.jboss.modules.ModuleClassLoader.defineClass(ModuleClassLoader.java:482)
	at org.jboss.modules.ModuleClassLoader.loadClassLocal(ModuleClassLoader.java:276)
	at org.jboss.modules.ModuleClassLoader$1.loadClassLocal(ModuleClassLoader.java:79)
	at org.jboss.modules.Module.loadModuleClass(Module.java:765)
	at org.jboss.modules.ModuleClassLoader.findClass(ModuleClassLoader.java:192)
	at org.jboss.modules.ConcurrentClassLoader.performLoadClassUnchecked(ConcurrentClassLoader.java:410)
	at org.jboss.modules.ConcurrentClassLoader.performLoadClass(ConcurrentClassLoader.java:398)
	at org.jboss.modules.ConcurrentClassLoader.loadClass(ConcurrentClassLoader.java:116)
	at java.base/java.lang.ClassLoader.defineClass1(Native Method)
	at java.base/java.lang.ClassLoader.defineClass(ClassLoader.java:1017)
	at java.base/java.lang.ClassLoader.defineClass(ClassLoader.java:1095)
	at org.jboss.modules.ModuleClassLoader.doDefineOrLoadClass(ModuleClassLoader.java:351)
	at org.jboss.modules.ModuleClassLoader.defineClass(ModuleClassLoader.java:482)
	at org.jboss.modules.ModuleClassLoader.loadClassLocal(ModuleClassLoader.java:276)
	at org.jboss.modules.ModuleClassLoader$1.loadClassLocal(ModuleClassLoader.java:79)
	at org.jboss.modules.Module.loadModuleClass(Module.java:765)
	at org.jboss.modules.ModuleClassLoader.findClass(ModuleClassLoader.java:192)
	at org.jboss.modules.ConcurrentClassLoader.performLoadClassUnchecked(ConcurrentClassLoader.java:410)
	at org.jboss.modules.ConcurrentClassLoader.performLoadClass(ConcurrentClassLoader.java:398)
	at org.jboss.modules.ConcurrentClassLoader.loadClass(ConcurrentClassLoader.java:116)
	at java.base/java.lang.ClassLoader.defineClass1(Native Method)
	at java.base/java.lang.ClassLoader.defineClass(ClassLoader.java:1017)
	at java.base/java.lang.ClassLoader.defineClass(ClassLoader.java:1095)
	at org.jboss.modules.ModuleClassLoader.doDefineOrLoadClass(ModuleClassLoader.java:351)
	at org.jboss.modules.ModuleClassLoader.defineClass(ModuleClassLoader.java:482)
	at org.jboss.modules.ModuleClassLoader.loadClassLocal(ModuleClassLoader.java:276)
	at org.jboss.modules.ModuleClassLoader$1.loadClassLocal(ModuleClassLoader.java:79)
	at org.jboss.modules.Module.loadModuleClass(Module.java:765)
	at org.jboss.modules.ModuleClassLoader.findClass(ModuleClassLoader.java:192)
	at org.jboss.modules.ConcurrentClassLoader.performLoadClassUnchecked(ConcurrentClassLoader.java:410)
	at org.jboss.modules.ConcurrentClassLoader.performLoadClass(ConcurrentClassLoader.java:398)
	at org.jboss.modules.ConcurrentClassLoader.loadClass(ConcurrentClassLoader.java:116)
	at java.base/java.lang.Class.forName0(Native Method)
	at java.base/java.lang.Class.forName(Class.java:467)
	at org.jboss.as.ee@27.0.1.Final//org.jboss.as.ee.utils.ClassLoadingUtils.loadClass(ClassLoadingUtils.java:21)
	at org.jboss.as.ee@27.0.1.Final//org.jboss.as.ee.utils.ClassLoadingUtils.loadClass(ClassLoadingUtils.java:14)
	at org.jboss.as.ee@27.0.1.Final//org.jboss.as.ee.component.deployers.InterceptorAnnotationProcessor.processComponentConfig(InterceptorAnnotationProcessor.java:84)
	at org.jboss.as.ee@27.0.1.Final//org.jboss.as.ee.component.deployers.InterceptorAnnotationProcessor.deploy(InterceptorAnnotationProcessor.java:77)
	at org.jboss.as.server@19.0.1.Final//org.jboss.as.server.deployment.DeploymentUnitPhaseService.start(DeploymentUnitPhaseService.java:182)
	at org.jboss.msc@1.4.13.Final//org.jboss.msc.service.ServiceControllerImpl$StartTask.startService(ServiceControllerImpl.java:1739)
	at org.jboss.msc@1.4.13.Final//org.jboss.msc.service.ServiceControllerImpl$StartTask.execute(ServiceControllerImpl.java:1701)
	at org.jboss.msc@1.4.13.Final//org.jboss.msc.service.ServiceControllerImpl$ControllerTask.run(ServiceControllerImpl.java:1559)
	at org.jboss.threads@2.4.0.Final//org.jboss.threads.ContextClassLoaderSavingRunnable.run(ContextClassLoaderSavingRunnable.java:35)
	at org.jboss.threads@2.4.0.Final//org.jboss.threads.EnhancedQueueExecutor.safeRun(EnhancedQueueExecutor.java:1990)
	at org.jboss.threads@2.4.0.Final//org.jboss.threads.EnhancedQueueExecutor$ThreadBody.doRunTask(EnhancedQueueExecutor.java:1486)
	at org.jboss.threads@2.4.0.Final//org.jboss.threads.EnhancedQueueExecutor$ThreadBody.run(EnhancedQueueExecutor.java:1363)
	at java.base/java.lang.Thread.run(Thread.java:840)

[0m[33m11:35:08,597 WARN  [org.jboss.modules.define] (MSC service thread 1-5) Failed to define class org.apache.shiro.web.tags.RoleTag in Module "deployment.qto.war" from Service Module Loader: java.lang.NoClassDefFoundError: Failed to link org/apache/shiro/web/tags/RoleTag (Module "deployment.qto.war" from Service Module Loader): Failed to link org/apache/shiro/web/tags/SecureTag (Module "deployment.qto.war" from Service Module Loader): javax/servlet/jsp/tagext/TagSupport
	at java.base/java.lang.ClassLoader.defineClass1(Native Method)
	at java.base/java.lang.ClassLoader.defineClass(ClassLoader.java:1017)
	at java.base/java.lang.ClassLoader.defineClass(ClassLoader.java:1095)
	at org.jboss.modules.ModuleClassLoader.doDefineOrLoadClass(ModuleClassLoader.java:351)
	at org.jboss.modules.ModuleClassLoader.defineClass(ModuleClassLoader.java:482)
	at org.jboss.modules.ModuleClassLoader.loadClassLocal(ModuleClassLoader.java:276)
	at org.jboss.modules.ModuleClassLoader$1.loadClassLocal(ModuleClassLoader.java:79)
	at org.jboss.modules.Module.loadModuleClass(Module.java:765)
	at org.jboss.modules.ModuleClassLoader.findClass(ModuleClassLoader.java:192)
	at org.jboss.modules.ConcurrentClassLoader.performLoadClassUnchecked(ConcurrentClassLoader.java:410)
	at org.jboss.modules.ConcurrentClassLoader.performLoadClass(ConcurrentClassLoader.java:398)
	at org.jboss.modules.ConcurrentClassLoader.loadClass(ConcurrentClassLoader.java:116)
	at java.base/java.lang.ClassLoader.defineClass1(Native Method)
	at java.base/java.lang.ClassLoader.defineClass(ClassLoader.java:1017)
	at java.base/java.lang.ClassLoader.defineClass(ClassLoader.java:1095)
	at org.jboss.modules.ModuleClassLoader.doDefineOrLoadClass(ModuleClassLoader.java:351)
	at org.jboss.modules.ModuleClassLoader.defineClass(ModuleClassLoader.java:482)
	at org.jboss.modules.ModuleClassLoader.loadClassLocal(ModuleClassLoader.java:276)
	at org.jboss.modules.ModuleClassLoader$1.loadClassLocal(ModuleClassLoader.java:79)
	at org.jboss.modules.Module.loadModuleClass(Module.java:765)
	at org.jboss.modules.ModuleClassLoader.findClass(ModuleClassLoader.java:192)
	at org.jboss.modules.ConcurrentClassLoader.performLoadClassUnchecked(ConcurrentClassLoader.java:410)
	at org.jboss.modules.ConcurrentClassLoader.performLoadClass(ConcurrentClassLoader.java:398)
	at org.jboss.modules.ConcurrentClassLoader.loadClass(ConcurrentClassLoader.java:116)
	at java.base/java.lang.ClassLoader.defineClass1(Native Method)
	at java.base/java.lang.ClassLoader.defineClass(ClassLoader.java:1017)
	at java.base/java.lang.ClassLoader.defineClass(ClassLoader.java:1095)
	at org.jboss.modules.ModuleClassLoader.doDefineOrLoadClass(ModuleClassLoader.java:351)
	at org.jboss.modules.ModuleClassLoader.defineClass(ModuleClassLoader.java:482)
	at org.jboss.modules.ModuleClassLoader.loadClassLocal(ModuleClassLoader.java:276)
	at org.jboss.modules.ModuleClassLoader$1.loadClassLocal(ModuleClassLoader.java:79)
	at org.jboss.modules.Module.loadModuleClass(Module.java:765)
	at org.jboss.modules.ModuleClassLoader.findClass(ModuleClassLoader.java:192)
	at org.jboss.modules.ConcurrentClassLoader.performLoadClassUnchecked(ConcurrentClassLoader.java:410)
	at org.jboss.modules.ConcurrentClassLoader.performLoadClass(ConcurrentClassLoader.java:398)
	at org.jboss.modules.ConcurrentClassLoader.loadClass(ConcurrentClassLoader.java:116)
	at java.base/java.lang.Class.forName0(Native Method)
	at java.base/java.lang.Class.forName(Class.java:467)
	at org.jboss.as.ee@27.0.1.Final//org.jboss.as.ee.utils.ClassLoadingUtils.loadClass(ClassLoadingUtils.java:21)
	at org.jboss.as.ee@27.0.1.Final//org.jboss.as.ee.utils.ClassLoadingUtils.loadClass(ClassLoadingUtils.java:14)
	at org.jboss.as.ee@27.0.1.Final//org.jboss.as.ee.component.deployers.InterceptorAnnotationProcessor.processComponentConfig(InterceptorAnnotationProcessor.java:84)
	at org.jboss.as.ee@27.0.1.Final//org.jboss.as.ee.component.deployers.InterceptorAnnotationProcessor.deploy(InterceptorAnnotationProcessor.java:77)
	at org.jboss.as.server@19.0.1.Final//org.jboss.as.server.deployment.DeploymentUnitPhaseService.start(DeploymentUnitPhaseService.java:182)
	at org.jboss.msc@1.4.13.Final//org.jboss.msc.service.ServiceControllerImpl$StartTask.startService(ServiceControllerImpl.java:1739)
	at org.jboss.msc@1.4.13.Final//org.jboss.msc.service.ServiceControllerImpl$StartTask.execute(ServiceControllerImpl.java:1701)
	at org.jboss.msc@1.4.13.Final//org.jboss.msc.service.ServiceControllerImpl$ControllerTask.run(ServiceControllerImpl.java:1559)
	at org.jboss.threads@2.4.0.Final//org.jboss.threads.ContextClassLoaderSavingRunnable.run(ContextClassLoaderSavingRunnable.java:35)
	at org.jboss.threads@2.4.0.Final//org.jboss.threads.EnhancedQueueExecutor.safeRun(EnhancedQueueExecutor.java:1990)
	at org.jboss.threads@2.4.0.Final//org.jboss.threads.EnhancedQueueExecutor$ThreadBody.doRunTask(EnhancedQueueExecutor.java:1486)
	at org.jboss.threads@2.4.0.Final//org.jboss.threads.EnhancedQueueExecutor$ThreadBody.run(EnhancedQueueExecutor.java:1363)
	at java.base/java.lang.Thread.run(Thread.java:840)

[0m[33m11:35:08,597 WARN  [org.jboss.modules.define] (MSC service thread 1-5) Failed to define class org.apache.shiro.web.tags.LacksRoleTag in Module "deployment.qto.war" from Service Module Loader: java.lang.NoClassDefFoundError: Failed to link org/apache/shiro/web/tags/LacksRoleTag (Module "deployment.qto.war" from Service Module Loader): Failed to link org/apache/shiro/web/tags/RoleTag (Module "deployment.qto.war" from Service Module Loader): Failed to link org/apache/shiro/web/tags/SecureTag (Module "deployment.qto.war" from Service Module Loader): javax/servlet/jsp/tagext/TagSupport
	at java.base/java.lang.ClassLoader.defineClass1(Native Method)
	at java.base/java.lang.ClassLoader.defineClass(ClassLoader.java:1017)
	at java.base/java.lang.ClassLoader.defineClass(ClassLoader.java:1095)
	at org.jboss.modules.ModuleClassLoader.doDefineOrLoadClass(ModuleClassLoader.java:351)
	at org.jboss.modules.ModuleClassLoader.defineClass(ModuleClassLoader.java:482)
	at org.jboss.modules.ModuleClassLoader.loadClassLocal(ModuleClassLoader.java:276)
	at org.jboss.modules.ModuleClassLoader$1.loadClassLocal(ModuleClassLoader.java:79)
	at org.jboss.modules.Module.loadModuleClass(Module.java:765)
	at org.jboss.modules.ModuleClassLoader.findClass(ModuleClassLoader.java:192)
	at org.jboss.modules.ConcurrentClassLoader.performLoadClassUnchecked(ConcurrentClassLoader.java:410)
	at org.jboss.modules.ConcurrentClassLoader.performLoadClass(ConcurrentClassLoader.java:398)
	at org.jboss.modules.ConcurrentClassLoader.loadClass(ConcurrentClassLoader.java:116)
	at java.base/java.lang.ClassLoader.defineClass1(Native Method)
	at java.base/java.lang.ClassLoader.defineClass(ClassLoader.java:1017)
	at java.base/java.lang.ClassLoader.defineClass(ClassLoader.java:1095)
	at org.jboss.modules.ModuleClassLoader.doDefineOrLoadClass(ModuleClassLoader.java:351)
	at org.jboss.modules.ModuleClassLoader.defineClass(ModuleClassLoader.java:482)
	at org.jboss.modules.ModuleClassLoader.loadClassLocal(ModuleClassLoader.java:276)
	at org.jboss.modules.ModuleClassLoader$1.loadClassLocal(ModuleClassLoader.java:79)
	at org.jboss.modules.Module.loadModuleClass(Module.java:765)
	at org.jboss.modules.ModuleClassLoader.findClass(ModuleClassLoader.java:192)
	at org.jboss.modules.ConcurrentClassLoader.performLoadClassUnchecked(ConcurrentClassLoader.java:410)
	at org.jboss.modules.ConcurrentClassLoader.performLoadClass(ConcurrentClassLoader.java:398)
	at org.jboss.modules.ConcurrentClassLoader.loadClass(ConcurrentClassLoader.java:116)
	at java.base/java.lang.ClassLoader.defineClass1(Native Method)
	at java.base/java.lang.ClassLoader.defineClass(ClassLoader.java:1017)
	at java.base/java.lang.ClassLoader.defineClass(ClassLoader.java:1095)
	at org.jboss.modules.ModuleClassLoader.doDefineOrLoadClass(ModuleClassLoader.java:351)
	at org.jboss.modules.ModuleClassLoader.defineClass(ModuleClassLoader.java:482)
	at org.jboss.modules.ModuleClassLoader.loadClassLocal(ModuleClassLoader.java:276)
	at org.jboss.modules.ModuleClassLoader$1.loadClassLocal(ModuleClassLoader.java:79)
	at org.jboss.modules.Module.loadModuleClass(Module.java:765)
	at org.jboss.modules.ModuleClassLoader.findClass(ModuleClassLoader.java:192)
	at org.jboss.modules.ConcurrentClassLoader.performLoadClassUnchecked(ConcurrentClassLoader.java:410)
	at org.jboss.modules.ConcurrentClassLoader.performLoadClass(ConcurrentClassLoader.java:398)
	at org.jboss.modules.ConcurrentClassLoader.loadClass(ConcurrentClassLoader.java:116)
	at java.base/java.lang.Class.forName0(Native Method)
	at java.base/java.lang.Class.forName(Class.java:467)
	at org.jboss.as.ee@27.0.1.Final//org.jboss.as.ee.utils.ClassLoadingUtils.loadClass(ClassLoadingUtils.java:21)
	at org.jboss.as.ee@27.0.1.Final//org.jboss.as.ee.utils.ClassLoadingUtils.loadClass(ClassLoadingUtils.java:14)
	at org.jboss.as.ee@27.0.1.Final//org.jboss.as.ee.component.deployers.InterceptorAnnotationProcessor.processComponentConfig(InterceptorAnnotationProcessor.java:84)
	at org.jboss.as.ee@27.0.1.Final//org.jboss.as.ee.component.deployers.InterceptorAnnotationProcessor.deploy(InterceptorAnnotationProcessor.java:77)
	at org.jboss.as.server@19.0.1.Final//org.jboss.as.server.deployment.DeploymentUnitPhaseService.start(DeploymentUnitPhaseService.java:182)
	at org.jboss.msc@1.4.13.Final//org.jboss.msc.service.ServiceControllerImpl$StartTask.startService(ServiceControllerImpl.java:1739)
	at org.jboss.msc@1.4.13.Final//org.jboss.msc.service.ServiceControllerImpl$StartTask.execute(ServiceControllerImpl.java:1701)
	at org.jboss.msc@1.4.13.Final//org.jboss.msc.service.ServiceControllerImpl$ControllerTask.run(ServiceControllerImpl.java:1559)
	at org.jboss.threads@2.4.0.Final//org.jboss.threads.ContextClassLoaderSavingRunnable.run(ContextClassLoaderSavingRunnable.java:35)
	at org.jboss.threads@2.4.0.Final//org.jboss.threads.EnhancedQueueExecutor.safeRun(EnhancedQueueExecutor.java:1990)
	at org.jboss.threads@2.4.0.Final//org.jboss.threads.EnhancedQueueExecutor$ThreadBody.doRunTask(EnhancedQueueExecutor.java:1486)
	at org.jboss.threads@2.4.0.Final//org.jboss.threads.EnhancedQueueExecutor$ThreadBody.run(EnhancedQueueExecutor.java:1363)
	at java.base/java.lang.Thread.run(Thread.java:840)

[0m[33m11:35:08,597 WARN  [org.jboss.modules.define] (MSC service thread 1-5) Failed to define class org.apache.shiro.web.tags.SecureTag in Module "deployment.qto.war" from Service Module Loader: java.lang.NoClassDefFoundError: Failed to link org/apache/shiro/web/tags/SecureTag (Module "deployment.qto.war" from Service Module Loader): javax/servlet/jsp/tagext/TagSupport
	at java.base/java.lang.ClassLoader.defineClass1(Native Method)
	at java.base/java.lang.ClassLoader.defineClass(ClassLoader.java:1017)
	at java.base/java.lang.ClassLoader.defineClass(ClassLoader.java:1095)
	at org.jboss.modules.ModuleClassLoader.doDefineOrLoadClass(ModuleClassLoader.java:351)
	at org.jboss.modules.ModuleClassLoader.defineClass(ModuleClassLoader.java:482)
	at org.jboss.modules.ModuleClassLoader.loadClassLocal(ModuleClassLoader.java:276)
	at org.jboss.modules.ModuleClassLoader$1.loadClassLocal(ModuleClassLoader.java:79)
	at org.jboss.modules.Module.loadModuleClass(Module.java:765)
	at org.jboss.modules.ModuleClassLoader.findClass(ModuleClassLoader.java:192)
	at org.jboss.modules.ConcurrentClassLoader.performLoadClassUnchecked(ConcurrentClassLoader.java:410)
	at org.jboss.modules.ConcurrentClassLoader.performLoadClass(ConcurrentClassLoader.java:398)
	at org.jboss.modules.ConcurrentClassLoader.loadClass(ConcurrentClassLoader.java:116)
	at java.base/java.lang.ClassLoader.defineClass1(Native Method)
	at java.base/java.lang.ClassLoader.defineClass(ClassLoader.java:1017)
	at java.base/java.lang.ClassLoader.defineClass(ClassLoader.java:1095)
	at org.jboss.modules.ModuleClassLoader.doDefineOrLoadClass(ModuleClassLoader.java:351)
	at org.jboss.modules.ModuleClassLoader.defineClass(ModuleClassLoader.java:482)
	at org.jboss.modules.ModuleClassLoader.loadClassLocal(ModuleClassLoader.java:276)
	at org.jboss.modules.ModuleClassLoader$1.loadClassLocal(ModuleClassLoader.java:79)
	at org.jboss.modules.Module.loadModuleClass(Module.java:765)
	at org.jboss.modules.ModuleClassLoader.findClass(ModuleClassLoader.java:192)
	at org.jboss.modules.ConcurrentClassLoader.performLoadClassUnchecked(ConcurrentClassLoader.java:410)
	at org.jboss.modules.ConcurrentClassLoader.performLoadClass(ConcurrentClassLoader.java:398)
	at org.jboss.modules.ConcurrentClassLoader.loadClass(ConcurrentClassLoader.java:116)
	at java.base/java.lang.ClassLoader.defineClass1(Native Method)
	at java.base/java.lang.ClassLoader.defineClass(ClassLoader.java:1017)
	at java.base/java.lang.ClassLoader.defineClass(ClassLoader.java:1095)
	at org.jboss.modules.ModuleClassLoader.doDefineOrLoadClass(ModuleClassLoader.java:351)
	at org.jboss.modules.ModuleClassLoader.defineClass(ModuleClassLoader.java:482)
	at org.jboss.modules.ModuleClassLoader.loadClassLocal(ModuleClassLoader.java:276)
	at org.jboss.modules.ModuleClassLoader$1.loadClassLocal(ModuleClassLoader.java:79)
	at org.jboss.modules.Module.loadModuleClass(Module.java:765)
	at org.jboss.modules.ModuleClassLoader.findClass(ModuleClassLoader.java:192)
	at org.jboss.modules.ConcurrentClassLoader.performLoadClassUnchecked(ConcurrentClassLoader.java:410)
	at org.jboss.modules.ConcurrentClassLoader.performLoadClass(ConcurrentClassLoader.java:398)
	at org.jboss.modules.ConcurrentClassLoader.loadClass(ConcurrentClassLoader.java:116)
	at java.base/java.lang.Class.forName0(Native Method)
	at java.base/java.lang.Class.forName(Class.java:467)
	at org.jboss.as.ee@27.0.1.Final//org.jboss.as.ee.utils.ClassLoadingUtils.loadClass(ClassLoadingUtils.java:21)
	at org.jboss.as.ee@27.0.1.Final//org.jboss.as.ee.utils.ClassLoadingUtils.loadClass(ClassLoadingUtils.java:14)
	at org.jboss.as.ee@27.0.1.Final//org.jboss.as.ee.component.deployers.InterceptorAnnotationProcessor.processComponentConfig(InterceptorAnnotationProcessor.java:84)
	at org.jboss.as.ee@27.0.1.Final//org.jboss.as.ee.component.deployers.InterceptorAnnotationProcessor.deploy(InterceptorAnnotationProcessor.java:77)
	at org.jboss.as.server@19.0.1.Final//org.jboss.as.server.deployment.DeploymentUnitPhaseService.start(DeploymentUnitPhaseService.java:182)
	at org.jboss.msc@1.4.13.Final//org.jboss.msc.service.ServiceControllerImpl$StartTask.startService(ServiceControllerImpl.java:1739)
	at org.jboss.msc@1.4.13.Final//org.jboss.msc.service.ServiceControllerImpl$StartTask.execute(ServiceControllerImpl.java:1701)
	at org.jboss.msc@1.4.13.Final//org.jboss.msc.service.ServiceControllerImpl$ControllerTask.run(ServiceControllerImpl.java:1559)
	at org.jboss.threads@2.4.0.Final//org.jboss.threads.ContextClassLoaderSavingRunnable.run(ContextClassLoaderSavingRunnable.java:35)
	at org.jboss.threads@2.4.0.Final//org.jboss.threads.EnhancedQueueExecutor.safeRun(EnhancedQueueExecutor.java:1990)
	at org.jboss.threads@2.4.0.Final//org.jboss.threads.EnhancedQueueExecutor$ThreadBody.doRunTask(EnhancedQueueExecutor.java:1486)
	at org.jboss.threads@2.4.0.Final//org.jboss.threads.EnhancedQueueExecutor$ThreadBody.run(EnhancedQueueExecutor.java:1363)
	at java.base/java.lang.Thread.run(Thread.java:840)

[0m[33m11:35:08,597 WARN  [org.jboss.modules.define] (MSC service thread 1-5) Failed to define class org.apache.shiro.web.tags.PermissionTag in Module "deployment.qto.war" from Service Module Loader: java.lang.NoClassDefFoundError: Failed to link org/apache/shiro/web/tags/PermissionTag (Module "deployment.qto.war" from Service Module Loader): Failed to link org/apache/shiro/web/tags/SecureTag (Module "deployment.qto.war" from Service Module Loader): javax/servlet/jsp/tagext/TagSupport
	at java.base/java.lang.ClassLoader.defineClass1(Native Method)
	at java.base/java.lang.ClassLoader.defineClass(ClassLoader.java:1017)
	at java.base/java.lang.ClassLoader.defineClass(ClassLoader.java:1095)
	at org.jboss.modules.ModuleClassLoader.doDefineOrLoadClass(ModuleClassLoader.java:351)
	at org.jboss.modules.ModuleClassLoader.defineClass(ModuleClassLoader.java:482)
	at org.jboss.modules.ModuleClassLoader.loadClassLocal(ModuleClassLoader.java:276)
	at org.jboss.modules.ModuleClassLoader$1.loadClassLocal(ModuleClassLoader.java:79)
	at org.jboss.modules.Module.loadModuleClass(Module.java:765)
	at org.jboss.modules.ModuleClassLoader.findClass(ModuleClassLoader.java:192)
	at org.jboss.modules.ConcurrentClassLoader.performLoadClassUnchecked(ConcurrentClassLoader.java:410)
	at org.jboss.modules.ConcurrentClassLoader.performLoadClass(ConcurrentClassLoader.java:398)
	at org.jboss.modules.ConcurrentClassLoader.loadClass(ConcurrentClassLoader.java:116)
	at java.base/java.lang.ClassLoader.defineClass1(Native Method)
	at java.base/java.lang.ClassLoader.defineClass(ClassLoader.java:1017)
	at java.base/java.lang.ClassLoader.defineClass(ClassLoader.java:1095)
	at org.jboss.modules.ModuleClassLoader.doDefineOrLoadClass(ModuleClassLoader.java:351)
	at org.jboss.modules.ModuleClassLoader.defineClass(ModuleClassLoader.java:482)
	at org.jboss.modules.ModuleClassLoader.loadClassLocal(ModuleClassLoader.java:276)
	at org.jboss.modules.ModuleClassLoader$1.loadClassLocal(ModuleClassLoader.java:79)
	at org.jboss.modules.Module.loadModuleClass(Module.java:765)
	at org.jboss.modules.ModuleClassLoader.findClass(ModuleClassLoader.java:192)
	at org.jboss.modules.ConcurrentClassLoader.performLoadClassUnchecked(ConcurrentClassLoader.java:410)
	at org.jboss.modules.ConcurrentClassLoader.performLoadClass(ConcurrentClassLoader.java:398)
	at org.jboss.modules.ConcurrentClassLoader.loadClass(ConcurrentClassLoader.java:116)
	at java.base/java.lang.ClassLoader.defineClass1(Native Method)
	at java.base/java.lang.ClassLoader.defineClass(ClassLoader.java:1017)
	at java.base/java.lang.ClassLoader.defineClass(ClassLoader.java:1095)
	at org.jboss.modules.ModuleClassLoader.doDefineOrLoadClass(ModuleClassLoader.java:351)
	at org.jboss.modules.ModuleClassLoader.defineClass(ModuleClassLoader.java:482)
	at org.jboss.modules.ModuleClassLoader.loadClassLocal(ModuleClassLoader.java:276)
	at org.jboss.modules.ModuleClassLoader$1.loadClassLocal(ModuleClassLoader.java:79)
	at org.jboss.modules.Module.loadModuleClass(Module.java:765)
	at org.jboss.modules.ModuleClassLoader.findClass(ModuleClassLoader.java:192)
	at org.jboss.modules.ConcurrentClassLoader.performLoadClassUnchecked(ConcurrentClassLoader.java:410)
	at org.jboss.modules.ConcurrentClassLoader.performLoadClass(ConcurrentClassLoader.java:398)
	at org.jboss.modules.ConcurrentClassLoader.loadClass(ConcurrentClassLoader.java:116)
	at java.base/java.lang.Class.forName0(Native Method)
	at java.base/java.lang.Class.forName(Class.java:467)
	at org.jboss.as.ee@27.0.1.Final//org.jboss.as.ee.utils.ClassLoadingUtils.loadClass(ClassLoadingUtils.java:21)
	at org.jboss.as.ee@27.0.1.Final//org.jboss.as.ee.utils.ClassLoadingUtils.loadClass(ClassLoadingUtils.java:14)
	at org.jboss.as.ee@27.0.1.Final//org.jboss.as.ee.component.deployers.InterceptorAnnotationProcessor.processComponentConfig(InterceptorAnnotationProcessor.java:84)
	at org.jboss.as.ee@27.0.1.Final//org.jboss.as.ee.component.deployers.InterceptorAnnotationProcessor.deploy(InterceptorAnnotationProcessor.java:77)
	at org.jboss.as.server@19.0.1.Final//org.jboss.as.server.deployment.DeploymentUnitPhaseService.start(DeploymentUnitPhaseService.java:182)
	at org.jboss.msc@1.4.13.Final//org.jboss.msc.service.ServiceControllerImpl$StartTask.startService(ServiceControllerImpl.java:1739)
	at org.jboss.msc@1.4.13.Final//org.jboss.msc.service.ServiceControllerImpl$StartTask.execute(ServiceControllerImpl.java:1701)
	at org.jboss.msc@1.4.13.Final//org.jboss.msc.service.ServiceControllerImpl$ControllerTask.run(ServiceControllerImpl.java:1559)
	at org.jboss.threads@2.4.0.Final//org.jboss.threads.ContextClassLoaderSavingRunnable.run(ContextClassLoaderSavingRunnable.java:35)
	at org.jboss.threads@2.4.0.Final//org.jboss.threads.EnhancedQueueExecutor.safeRun(EnhancedQueueExecutor.java:1990)
	at org.jboss.threads@2.4.0.Final//org.jboss.threads.EnhancedQueueExecutor$ThreadBody.doRunTask(EnhancedQueueExecutor.java:1486)
	at org.jboss.threads@2.4.0.Final//org.jboss.threads.EnhancedQueueExecutor$ThreadBody.run(EnhancedQueueExecutor.java:1363)
	at java.base/java.lang.Thread.run(Thread.java:840)

[0m[33m11:35:08,597 WARN  [org.jboss.modules.define] (MSC service thread 1-5) Failed to define class org.apache.shiro.web.tags.LacksPermissionTag in Module "deployment.qto.war" from Service Module Loader: java.lang.NoClassDefFoundError: Failed to link org/apache/shiro/web/tags/LacksPermissionTag (Module "deployment.qto.war" from Service Module Loader): Failed to link org/apache/shiro/web/tags/PermissionTag (Module "deployment.qto.war" from Service Module Loader): Failed to link org/apache/shiro/web/tags/SecureTag (Module "deployment.qto.war" from Service Module Loader): javax/servlet/jsp/tagext/TagSupport
	at java.base/java.lang.ClassLoader.defineClass1(Native Method)
	at java.base/java.lang.ClassLoader.defineClass(ClassLoader.java:1017)
	at java.base/java.lang.ClassLoader.defineClass(ClassLoader.java:1095)
	at org.jboss.modules.ModuleClassLoader.doDefineOrLoadClass(ModuleClassLoader.java:351)
	at org.jboss.modules.ModuleClassLoader.defineClass(ModuleClassLoader.java:482)
	at org.jboss.modules.ModuleClassLoader.loadClassLocal(ModuleClassLoader.java:276)
	at org.jboss.modules.ModuleClassLoader$1.loadClassLocal(ModuleClassLoader.java:79)
	at org.jboss.modules.Module.loadModuleClass(Module.java:765)
	at org.jboss.modules.ModuleClassLoader.findClass(ModuleClassLoader.java:192)
	at org.jboss.modules.ConcurrentClassLoader.performLoadClassUnchecked(ConcurrentClassLoader.java:410)
	at org.jboss.modules.ConcurrentClassLoader.performLoadClass(ConcurrentClassLoader.java:398)
	at org.jboss.modules.ConcurrentClassLoader.loadClass(ConcurrentClassLoader.java:116)
	at java.base/java.lang.ClassLoader.defineClass1(Native Method)
	at java.base/java.lang.ClassLoader.defineClass(ClassLoader.java:1017)
	at java.base/java.lang.ClassLoader.defineClass(ClassLoader.java:1095)
	at org.jboss.modules.ModuleClassLoader.doDefineOrLoadClass(ModuleClassLoader.java:351)
	at org.jboss.modules.ModuleClassLoader.defineClass(ModuleClassLoader.java:482)
	at org.jboss.modules.ModuleClassLoader.loadClassLocal(ModuleClassLoader.java:276)
	at org.jboss.modules.ModuleClassLoader$1.loadClassLocal(ModuleClassLoader.java:79)
	at org.jboss.modules.Module.loadModuleClass(Module.java:765)
	at org.jboss.modules.ModuleClassLoader.findClass(ModuleClassLoader.java:192)
	at org.jboss.modules.ConcurrentClassLoader.performLoadClassUnchecked(ConcurrentClassLoader.java:410)
	at org.jboss.modules.ConcurrentClassLoader.performLoadClass(ConcurrentClassLoader.java:398)
	at org.jboss.modules.ConcurrentClassLoader.loadClass(ConcurrentClassLoader.java:116)
	at java.base/java.lang.ClassLoader.defineClass1(Native Method)
	at java.base/java.lang.ClassLoader.defineClass(ClassLoader.java:1017)
	at java.base/java.lang.ClassLoader.defineClass(ClassLoader.java:1095)
	at org.jboss.modules.ModuleClassLoader.doDefineOrLoadClass(ModuleClassLoader.java:351)
	at org.jboss.modules.ModuleClassLoader.defineClass(ModuleClassLoader.java:482)
	at org.jboss.modules.ModuleClassLoader.loadClassLocal(ModuleClassLoader.java:276)
	at org.jboss.modules.ModuleClassLoader$1.loadClassLocal(ModuleClassLoader.java:79)
	at org.jboss.modules.Module.loadModuleClass(Module.java:765)
	at org.jboss.modules.ModuleClassLoader.findClass(ModuleClassLoader.java:192)
	at org.jboss.modules.ConcurrentClassLoader.performLoadClassUnchecked(ConcurrentClassLoader.java:410)
	at org.jboss.modules.ConcurrentClassLoader.performLoadClass(ConcurrentClassLoader.java:398)
	at org.jboss.modules.ConcurrentClassLoader.loadClass(ConcurrentClassLoader.java:116)
	at java.base/java.lang.Class.forName0(Native Method)
	at java.base/java.lang.Class.forName(Class.java:467)
	at org.jboss.as.ee@27.0.1.Final//org.jboss.as.ee.utils.ClassLoadingUtils.loadClass(ClassLoadingUtils.java:21)
	at org.jboss.as.ee@27.0.1.Final//org.jboss.as.ee.utils.ClassLoadingUtils.loadClass(ClassLoadingUtils.java:14)
	at org.jboss.as.ee@27.0.1.Final//org.jboss.as.ee.component.deployers.InterceptorAnnotationProcessor.processComponentConfig(InterceptorAnnotationProcessor.java:84)
	at org.jboss.as.ee@27.0.1.Final//org.jboss.as.ee.component.deployers.InterceptorAnnotationProcessor.deploy(InterceptorAnnotationProcessor.java:77)
	at org.jboss.as.server@19.0.1.Final//org.jboss.as.server.deployment.DeploymentUnitPhaseService.start(DeploymentUnitPhaseService.java:182)
	at org.jboss.msc@1.4.13.Final//org.jboss.msc.service.ServiceControllerImpl$StartTask.startService(ServiceControllerImpl.java:1739)
	at org.jboss.msc@1.4.13.Final//org.jboss.msc.service.ServiceControllerImpl$StartTask.execute(ServiceControllerImpl.java:1701)
	at org.jboss.msc@1.4.13.Final//org.jboss.msc.service.ServiceControllerImpl$ControllerTask.run(ServiceControllerImpl.java:1559)
	at org.jboss.threads@2.4.0.Final//org.jboss.threads.ContextClassLoaderSavingRunnable.run(ContextClassLoaderSavingRunnable.java:35)
	at org.jboss.threads@2.4.0.Final//org.jboss.threads.EnhancedQueueExecutor.safeRun(EnhancedQueueExecutor.java:1990)
	at org.jboss.threads@2.4.0.Final//org.jboss.threads.EnhancedQueueExecutor$ThreadBody.doRunTask(EnhancedQueueExecutor.java:1486)
	at org.jboss.threads@2.4.0.Final//org.jboss.threads.EnhancedQueueExecutor$ThreadBody.run(EnhancedQueueExecutor.java:1363)
	at java.base/java.lang.Thread.run(Thread.java:840)

[0m[33m11:35:08,597 WARN  [org.jboss.modules.define] (MSC service thread 1-5) Failed to define class org.apache.shiro.web.tags.SecureTag in Module "deployment.qto.war" from Service Module Loader: java.lang.NoClassDefFoundError: Failed to link org/apache/shiro/web/tags/SecureTag (Module "deployment.qto.war" from Service Module Loader): javax/servlet/jsp/tagext/TagSupport
	at java.base/java.lang.ClassLoader.defineClass1(Native Method)
	at java.base/java.lang.ClassLoader.defineClass(ClassLoader.java:1017)
	at java.base/java.lang.ClassLoader.defineClass(ClassLoader.java:1095)
	at org.jboss.modules.ModuleClassLoader.doDefineOrLoadClass(ModuleClassLoader.java:351)
	at org.jboss.modules.ModuleClassLoader.defineClass(ModuleClassLoader.java:482)
	at org.jboss.modules.ModuleClassLoader.loadClassLocal(ModuleClassLoader.java:276)
	at org.jboss.modules.ModuleClassLoader$1.loadClassLocal(ModuleClassLoader.java:79)
	at org.jboss.modules.Module.loadModuleClass(Module.java:765)
	at org.jboss.modules.ModuleClassLoader.findClass(ModuleClassLoader.java:192)
	at org.jboss.modules.ConcurrentClassLoader.performLoadClassUnchecked(ConcurrentClassLoader.java:410)
	at org.jboss.modules.ConcurrentClassLoader.performLoadClass(ConcurrentClassLoader.java:398)
	at org.jboss.modules.ConcurrentClassLoader.loadClass(ConcurrentClassLoader.java:116)
	at java.base/java.lang.ClassLoader.defineClass1(Native Method)
	at java.base/java.lang.ClassLoader.defineClass(ClassLoader.java:1017)
	at java.base/java.lang.ClassLoader.defineClass(ClassLoader.java:1095)
	at org.jboss.modules.ModuleClassLoader.doDefineOrLoadClass(ModuleClassLoader.java:351)
	at org.jboss.modules.ModuleClassLoader.defineClass(ModuleClassLoader.java:482)
	at org.jboss.modules.ModuleClassLoader.loadClassLocal(ModuleClassLoader.java:276)
	at org.jboss.modules.ModuleClassLoader$1.loadClassLocal(ModuleClassLoader.java:79)
	at org.jboss.modules.Module.loadModuleClass(Module.java:765)
	at org.jboss.modules.ModuleClassLoader.findClass(ModuleClassLoader.java:192)
	at org.jboss.modules.ConcurrentClassLoader.performLoadClassUnchecked(ConcurrentClassLoader.java:410)
	at org.jboss.modules.ConcurrentClassLoader.performLoadClass(ConcurrentClassLoader.java:398)
	at org.jboss.modules.ConcurrentClassLoader.loadClass(ConcurrentClassLoader.java:116)
	at java.base/java.lang.ClassLoader.defineClass1(Native Method)
	at java.base/java.lang.ClassLoader.defineClass(ClassLoader.java:1017)
	at java.base/java.lang.ClassLoader.defineClass(ClassLoader.java:1095)
	at org.jboss.modules.ModuleClassLoader.doDefineOrLoadClass(ModuleClassLoader.java:351)
	at org.jboss.modules.ModuleClassLoader.defineClass(ModuleClassLoader.java:482)
	at org.jboss.modules.ModuleClassLoader.loadClassLocal(ModuleClassLoader.java:276)
	at org.jboss.modules.ModuleClassLoader$1.loadClassLocal(ModuleClassLoader.java:79)
	at org.jboss.modules.Module.loadModuleClass(Module.java:765)
	at org.jboss.modules.ModuleClassLoader.findClass(ModuleClassLoader.java:192)
	at org.jboss.modules.ConcurrentClassLoader.performLoadClassUnchecked(ConcurrentClassLoader.java:410)
	at org.jboss.modules.ConcurrentClassLoader.performLoadClass(ConcurrentClassLoader.java:398)
	at org.jboss.modules.ConcurrentClassLoader.loadClass(ConcurrentClassLoader.java:116)
	at java.base/java.lang.Class.forName0(Native Method)
	at java.base/java.lang.Class.forName(Class.java:467)
	at org.jboss.as.ee@27.0.1.Final//org.jboss.as.ee.utils.ClassLoadingUtils.loadClass(ClassLoadingUtils.java:21)
	at org.jboss.as.ee@27.0.1.Final//org.jboss.as.ee.utils.ClassLoadingUtils.loadClass(ClassLoadingUtils.java:14)
	at org.jboss.as.ee@27.0.1.Final//org.jboss.as.ee.component.deployers.InterceptorAnnotationProcessor.processComponentConfig(InterceptorAnnotationProcessor.java:84)
	at org.jboss.as.ee@27.0.1.Final//org.jboss.as.ee.component.deployers.InterceptorAnnotationProcessor.deploy(InterceptorAnnotationProcessor.java:77)
	at org.jboss.as.server@19.0.1.Final//org.jboss.as.server.deployment.DeploymentUnitPhaseService.start(DeploymentUnitPhaseService.java:182)
	at org.jboss.msc@1.4.13.Final//org.jboss.msc.service.ServiceControllerImpl$StartTask.startService(ServiceControllerImpl.java:1739)
	at org.jboss.msc@1.4.13.Final//org.jboss.msc.service.ServiceControllerImpl$StartTask.execute(ServiceControllerImpl.java:1701)
	at org.jboss.msc@1.4.13.Final//org.jboss.msc.service.ServiceControllerImpl$ControllerTask.run(ServiceControllerImpl.java:1559)
	at org.jboss.threads@2.4.0.Final//org.jboss.threads.ContextClassLoaderSavingRunnable.run(ContextClassLoaderSavingRunnable.java:35)
	at org.jboss.threads@2.4.0.Final//org.jboss.threads.EnhancedQueueExecutor.safeRun(EnhancedQueueExecutor.java:1990)
	at org.jboss.threads@2.4.0.Final//org.jboss.threads.EnhancedQueueExecutor$ThreadBody.doRunTask(EnhancedQueueExecutor.java:1486)
	at org.jboss.threads@2.4.0.Final//org.jboss.threads.EnhancedQueueExecutor$ThreadBody.run(EnhancedQueueExecutor.java:1363)
	at java.base/java.lang.Thread.run(Thread.java:840)

[0m[33m11:35:08,598 WARN  [org.jboss.modules.define] (MSC service thread 1-5) Failed to define class org.apache.shiro.web.tags.PermissionTag in Module "deployment.qto.war" from Service Module Loader: java.lang.NoClassDefFoundError: Failed to link org/apache/shiro/web/tags/PermissionTag (Module "deployment.qto.war" from Service Module Loader): Failed to link org/apache/shiro/web/tags/SecureTag (Module "deployment.qto.war" from Service Module Loader): javax/servlet/jsp/tagext/TagSupport
	at java.base/java.lang.ClassLoader.defineClass1(Native Method)
	at java.base/java.lang.ClassLoader.defineClass(ClassLoader.java:1017)
	at java.base/java.lang.ClassLoader.defineClass(ClassLoader.java:1095)
	at org.jboss.modules.ModuleClassLoader.doDefineOrLoadClass(ModuleClassLoader.java:351)
	at org.jboss.modules.ModuleClassLoader.defineClass(ModuleClassLoader.java:482)
	at org.jboss.modules.ModuleClassLoader.loadClassLocal(ModuleClassLoader.java:276)
	at org.jboss.modules.ModuleClassLoader$1.loadClassLocal(ModuleClassLoader.java:79)
	at org.jboss.modules.Module.loadModuleClass(Module.java:765)
	at org.jboss.modules.ModuleClassLoader.findClass(ModuleClassLoader.java:192)
	at org.jboss.modules.ConcurrentClassLoader.performLoadClassUnchecked(ConcurrentClassLoader.java:410)
	at org.jboss.modules.ConcurrentClassLoader.performLoadClass(ConcurrentClassLoader.java:398)
	at org.jboss.modules.ConcurrentClassLoader.loadClass(ConcurrentClassLoader.java:116)
	at java.base/java.lang.ClassLoader.defineClass1(Native Method)
	at java.base/java.lang.ClassLoader.defineClass(ClassLoader.java:1017)
	at java.base/java.lang.ClassLoader.defineClass(ClassLoader.java:1095)
	at org.jboss.modules.ModuleClassLoader.doDefineOrLoadClass(ModuleClassLoader.java:351)
	at org.jboss.modules.ModuleClassLoader.defineClass(ModuleClassLoader.java:482)
	at org.jboss.modules.ModuleClassLoader.loadClassLocal(ModuleClassLoader.java:276)
	at org.jboss.modules.ModuleClassLoader$1.loadClassLocal(ModuleClassLoader.java:79)
	at org.jboss.modules.Module.loadModuleClass(Module.java:765)
	at org.jboss.modules.ModuleClassLoader.findClass(ModuleClassLoader.java:192)
	at org.jboss.modules.ConcurrentClassLoader.performLoadClassUnchecked(ConcurrentClassLoader.java:410)
	at org.jboss.modules.ConcurrentClassLoader.performLoadClass(ConcurrentClassLoader.java:398)
	at org.jboss.modules.ConcurrentClassLoader.loadClass(ConcurrentClassLoader.java:116)
	at java.base/java.lang.ClassLoader.defineClass1(Native Method)
	at java.base/java.lang.ClassLoader.defineClass(ClassLoader.java:1017)
	at java.base/java.lang.ClassLoader.defineClass(ClassLoader.java:1095)
	at org.jboss.modules.ModuleClassLoader.doDefineOrLoadClass(ModuleClassLoader.java:351)
	at org.jboss.modules.ModuleClassLoader.defineClass(ModuleClassLoader.java:482)
	at org.jboss.modules.ModuleClassLoader.loadClassLocal(ModuleClassLoader.java:276)
	at org.jboss.modules.ModuleClassLoader$1.loadClassLocal(ModuleClassLoader.java:79)
	at org.jboss.modules.Module.loadModuleClass(Module.java:765)
	at org.jboss.modules.ModuleClassLoader.findClass(ModuleClassLoader.java:192)
	at org.jboss.modules.ConcurrentClassLoader.performLoadClassUnchecked(ConcurrentClassLoader.java:410)
	at org.jboss.modules.ConcurrentClassLoader.performLoadClass(ConcurrentClassLoader.java:398)
	at org.jboss.modules.ConcurrentClassLoader.loadClass(ConcurrentClassLoader.java:116)
	at java.base/java.lang.Class.forName0(Native Method)
	at java.base/java.lang.Class.forName(Class.java:467)
	at org.jboss.as.ee@27.0.1.Final//org.jboss.as.ee.utils.ClassLoadingUtils.loadClass(ClassLoadingUtils.java:21)
	at org.jboss.as.ee@27.0.1.Final//org.jboss.as.ee.utils.ClassLoadingUtils.loadClass(ClassLoadingUtils.java:14)
	at org.jboss.as.ee@27.0.1.Final//org.jboss.as.ee.component.deployers.InterceptorAnnotationProcessor.processComponentConfig(InterceptorAnnotationProcessor.java:84)
	at org.jboss.as.ee@27.0.1.Final//org.jboss.as.ee.component.deployers.InterceptorAnnotationProcessor.deploy(InterceptorAnnotationProcessor.java:77)
	at org.jboss.as.server@19.0.1.Final//org.jboss.as.server.deployment.DeploymentUnitPhaseService.start(DeploymentUnitPhaseService.java:182)
	at org.jboss.msc@1.4.13.Final//org.jboss.msc.service.ServiceControllerImpl$StartTask.startService(ServiceControllerImpl.java:1739)
	at org.jboss.msc@1.4.13.Final//org.jboss.msc.service.ServiceControllerImpl$StartTask.execute(ServiceControllerImpl.java:1701)
	at org.jboss.msc@1.4.13.Final//org.jboss.msc.service.ServiceControllerImpl$ControllerTask.run(ServiceControllerImpl.java:1559)
	at org.jboss.threads@2.4.0.Final//org.jboss.threads.ContextClassLoaderSavingRunnable.run(ContextClassLoaderSavingRunnable.java:35)
	at org.jboss.threads@2.4.0.Final//org.jboss.threads.EnhancedQueueExecutor.safeRun(EnhancedQueueExecutor.java:1990)
	at org.jboss.threads@2.4.0.Final//org.jboss.threads.EnhancedQueueExecutor$ThreadBody.doRunTask(EnhancedQueueExecutor.java:1486)
	at org.jboss.threads@2.4.0.Final//org.jboss.threads.EnhancedQueueExecutor$ThreadBody.run(EnhancedQueueExecutor.java:1363)
	at java.base/java.lang.Thread.run(Thread.java:840)

[0m[33m11:35:08,598 WARN  [org.jboss.modules.define] (MSC service thread 1-5) Failed to define class org.apache.shiro.web.tags.HasPermissionTag in Module "deployment.qto.war" from Service Module Loader: java.lang.NoClassDefFoundError: Failed to link org/apache/shiro/web/tags/HasPermissionTag (Module "deployment.qto.war" from Service Module Loader): Failed to link org/apache/shiro/web/tags/PermissionTag (Module "deployment.qto.war" from Service Module Loader): Failed to link org/apache/shiro/web/tags/SecureTag (Module "deployment.qto.war" from Service Module Loader): javax/servlet/jsp/tagext/TagSupport
	at java.base/java.lang.ClassLoader.defineClass1(Native Method)
	at java.base/java.lang.ClassLoader.defineClass(ClassLoader.java:1017)
	at java.base/java.lang.ClassLoader.defineClass(ClassLoader.java:1095)
	at org.jboss.modules.ModuleClassLoader.doDefineOrLoadClass(ModuleClassLoader.java:351)
	at org.jboss.modules.ModuleClassLoader.defineClass(ModuleClassLoader.java:482)
	at org.jboss.modules.ModuleClassLoader.loadClassLocal(ModuleClassLoader.java:276)
	at org.jboss.modules.ModuleClassLoader$1.loadClassLocal(ModuleClassLoader.java:79)
	at org.jboss.modules.Module.loadModuleClass(Module.java:765)
	at org.jboss.modules.ModuleClassLoader.findClass(ModuleClassLoader.java:192)
	at org.jboss.modules.ConcurrentClassLoader.performLoadClassUnchecked(ConcurrentClassLoader.java:410)
	at org.jboss.modules.ConcurrentClassLoader.performLoadClass(ConcurrentClassLoader.java:398)
	at org.jboss.modules.ConcurrentClassLoader.loadClass(ConcurrentClassLoader.java:116)
	at java.base/java.lang.ClassLoader.defineClass1(Native Method)
	at java.base/java.lang.ClassLoader.defineClass(ClassLoader.java:1017)
	at java.base/java.lang.ClassLoader.defineClass(ClassLoader.java:1095)
	at org.jboss.modules.ModuleClassLoader.doDefineOrLoadClass(ModuleClassLoader.java:351)
	at org.jboss.modules.ModuleClassLoader.defineClass(ModuleClassLoader.java:482)
	at org.jboss.modules.ModuleClassLoader.loadClassLocal(ModuleClassLoader.java:276)
	at org.jboss.modules.ModuleClassLoader$1.loadClassLocal(ModuleClassLoader.java:79)
	at org.jboss.modules.Module.loadModuleClass(Module.java:765)
	at org.jboss.modules.ModuleClassLoader.findClass(ModuleClassLoader.java:192)
	at org.jboss.modules.ConcurrentClassLoader.performLoadClassUnchecked(ConcurrentClassLoader.java:410)
	at org.jboss.modules.ConcurrentClassLoader.performLoadClass(ConcurrentClassLoader.java:398)
	at org.jboss.modules.ConcurrentClassLoader.loadClass(ConcurrentClassLoader.java:116)
	at java.base/java.lang.ClassLoader.defineClass1(Native Method)
	at java.base/java.lang.ClassLoader.defineClass(ClassLoader.java:1017)
	at java.base/java.lang.ClassLoader.defineClass(ClassLoader.java:1095)
	at org.jboss.modules.ModuleClassLoader.doDefineOrLoadClass(ModuleClassLoader.java:351)
	at org.jboss.modules.ModuleClassLoader.defineClass(ModuleClassLoader.java:482)
	at org.jboss.modules.ModuleClassLoader.loadClassLocal(ModuleClassLoader.java:276)
	at org.jboss.modules.ModuleClassLoader$1.loadClassLocal(ModuleClassLoader.java:79)
	at org.jboss.modules.Module.loadModuleClass(Module.java:765)
	at org.jboss.modules.ModuleClassLoader.findClass(ModuleClassLoader.java:192)
	at org.jboss.modules.ConcurrentClassLoader.performLoadClassUnchecked(ConcurrentClassLoader.java:410)
	at org.jboss.modules.ConcurrentClassLoader.performLoadClass(ConcurrentClassLoader.java:398)
	at org.jboss.modules.ConcurrentClassLoader.loadClass(ConcurrentClassLoader.java:116)
	at java.base/java.lang.Class.forName0(Native Method)
	at java.base/java.lang.Class.forName(Class.java:467)
	at org.jboss.as.ee@27.0.1.Final//org.jboss.as.ee.utils.ClassLoadingUtils.loadClass(ClassLoadingUtils.java:21)
	at org.jboss.as.ee@27.0.1.Final//org.jboss.as.ee.utils.ClassLoadingUtils.loadClass(ClassLoadingUtils.java:14)
	at org.jboss.as.ee@27.0.1.Final//org.jboss.as.ee.component.deployers.InterceptorAnnotationProcessor.processComponentConfig(InterceptorAnnotationProcessor.java:84)
	at org.jboss.as.ee@27.0.1.Final//org.jboss.as.ee.component.deployers.InterceptorAnnotationProcessor.deploy(InterceptorAnnotationProcessor.java:77)
	at org.jboss.as.server@19.0.1.Final//org.jboss.as.server.deployment.DeploymentUnitPhaseService.start(DeploymentUnitPhaseService.java:182)
	at org.jboss.msc@1.4.13.Final//org.jboss.msc.service.ServiceControllerImpl$StartTask.startService(ServiceControllerImpl.java:1739)
	at org.jboss.msc@1.4.13.Final//org.jboss.msc.service.ServiceControllerImpl$StartTask.execute(ServiceControllerImpl.java:1701)
	at org.jboss.msc@1.4.13.Final//org.jboss.msc.service.ServiceControllerImpl$ControllerTask.run(ServiceControllerImpl.java:1559)
	at org.jboss.threads@2.4.0.Final//org.jboss.threads.ContextClassLoaderSavingRunnable.run(ContextClassLoaderSavingRunnable.java:35)
	at org.jboss.threads@2.4.0.Final//org.jboss.threads.EnhancedQueueExecutor.safeRun(EnhancedQueueExecutor.java:1990)
	at org.jboss.threads@2.4.0.Final//org.jboss.threads.EnhancedQueueExecutor$ThreadBody.doRunTask(EnhancedQueueExecutor.java:1486)
	at org.jboss.threads@2.4.0.Final//org.jboss.threads.EnhancedQueueExecutor$ThreadBody.run(EnhancedQueueExecutor.java:1363)
	at java.base/java.lang.Thread.run(Thread.java:840)

[0m[33m11:35:08,599 WARN  [org.jboss.modules.define] (MSC service thread 1-5) Failed to define class org.apache.shiro.web.servlet.AbstractFilter in Module "deployment.qto.war" from Service Module Loader: java.lang.NoClassDefFoundError: Failed to link org/apache/shiro/web/servlet/AbstractFilter (Module "deployment.qto.war" from Service Module Loader): javax/servlet/Filter
	at java.base/java.lang.ClassLoader.defineClass1(Native Method)
	at java.base/java.lang.ClassLoader.defineClass(ClassLoader.java:1017)
	at java.base/java.lang.ClassLoader.defineClass(ClassLoader.java:1095)
	at org.jboss.modules.ModuleClassLoader.doDefineOrLoadClass(ModuleClassLoader.java:351)
	at org.jboss.modules.ModuleClassLoader.defineClass(ModuleClassLoader.java:482)
	at org.jboss.modules.ModuleClassLoader.loadClassLocal(ModuleClassLoader.java:276)
	at org.jboss.modules.ModuleClassLoader$1.loadClassLocal(ModuleClassLoader.java:79)
	at org.jboss.modules.Module.loadModuleClass(Module.java:765)
	at org.jboss.modules.ModuleClassLoader.findClass(ModuleClassLoader.java:192)
	at org.jboss.modules.ConcurrentClassLoader.performLoadClassUnchecked(ConcurrentClassLoader.java:410)
	at org.jboss.modules.ConcurrentClassLoader.performLoadClass(ConcurrentClassLoader.java:398)
	at org.jboss.modules.ConcurrentClassLoader.loadClass(ConcurrentClassLoader.java:116)
	at java.base/java.lang.ClassLoader.defineClass1(Native Method)
	at java.base/java.lang.ClassLoader.defineClass(ClassLoader.java:1017)
	at java.base/java.lang.ClassLoader.defineClass(ClassLoader.java:1095)
	at org.jboss.modules.ModuleClassLoader.doDefineOrLoadClass(ModuleClassLoader.java:351)
	at org.jboss.modules.ModuleClassLoader.defineClass(ModuleClassLoader.java:482)
	at org.jboss.modules.ModuleClassLoader.loadClassLocal(ModuleClassLoader.java:276)
	at org.jboss.modules.ModuleClassLoader$1.loadClassLocal(ModuleClassLoader.java:79)
	at org.jboss.modules.Module.loadModuleClass(Module.java:765)
	at org.jboss.modules.ModuleClassLoader.findClass(ModuleClassLoader.java:192)
	at org.jboss.modules.ConcurrentClassLoader.performLoadClassUnchecked(ConcurrentClassLoader.java:410)
	at org.jboss.modules.ConcurrentClassLoader.performLoadClass(ConcurrentClassLoader.java:398)
	at org.jboss.modules.ConcurrentClassLoader.loadClass(ConcurrentClassLoader.java:116)
	at java.base/java.lang.ClassLoader.defineClass1(Native Method)
	at java.base/java.lang.ClassLoader.defineClass(ClassLoader.java:1017)
	at java.base/java.lang.ClassLoader.defineClass(ClassLoader.java:1095)
	at org.jboss.modules.ModuleClassLoader.doDefineOrLoadClass(ModuleClassLoader.java:351)
	at org.jboss.modules.ModuleClassLoader.defineClass(ModuleClassLoader.java:482)
	at org.jboss.modules.ModuleClassLoader.loadClassLocal(ModuleClassLoader.java:276)
	at org.jboss.modules.ModuleClassLoader$1.loadClassLocal(ModuleClassLoader.java:79)
	at org.jboss.modules.Module.loadModuleClass(Module.java:765)
	at org.jboss.modules.ModuleClassLoader.findClass(ModuleClassLoader.java:192)
	at org.jboss.modules.ConcurrentClassLoader.performLoadClassUnchecked(ConcurrentClassLoader.java:410)
	at org.jboss.modules.ConcurrentClassLoader.performLoadClass(ConcurrentClassLoader.java:398)
	at org.jboss.modules.ConcurrentClassLoader.loadClass(ConcurrentClassLoader.java:116)
	at java.base/java.lang.ClassLoader.defineClass1(Native Method)
	at java.base/java.lang.ClassLoader.defineClass(ClassLoader.java:1017)
	at java.base/java.lang.ClassLoader.defineClass(ClassLoader.java:1095)
	at org.jboss.modules.ModuleClassLoader.doDefineOrLoadClass(ModuleClassLoader.java:351)
	at org.jboss.modules.ModuleClassLoader.defineClass(ModuleClassLoader.java:482)
	at org.jboss.modules.ModuleClassLoader.loadClassLocal(ModuleClassLoader.java:276)
	at org.jboss.modules.ModuleClassLoader$1.loadClassLocal(ModuleClassLoader.java:79)
	at org.jboss.modules.Module.loadModuleClass(Module.java:765)
	at org.jboss.modules.ModuleClassLoader.findClass(ModuleClassLoader.java:192)
	at org.jboss.modules.ConcurrentClassLoader.performLoadClassUnchecked(ConcurrentClassLoader.java:410)
	at org.jboss.modules.ConcurrentClassLoader.performLoadClass(ConcurrentClassLoader.java:398)
	at org.jboss.modules.ConcurrentClassLoader.loadClass(ConcurrentClassLoader.java:116)
	at java.base/java.lang.ClassLoader.defineClass1(Native Method)
	at java.base/java.lang.ClassLoader.defineClass(ClassLoader.java:1017)
	at java.base/java.lang.ClassLoader.defineClass(ClassLoader.java:1095)
	at org.jboss.modules.ModuleClassLoader.doDefineOrLoadClass(ModuleClassLoader.java:351)
	at org.jboss.modules.ModuleClassLoader.defineClass(ModuleClassLoader.java:482)
	at org.jboss.modules.ModuleClassLoader.loadClassLocal(ModuleClassLoader.java:276)
	at org.jboss.modules.ModuleClassLoader$1.loadClassLocal(ModuleClassLoader.java:79)
	at org.jboss.modules.Module.loadModuleClass(Module.java:765)
	at org.jboss.modules.ModuleClassLoader.findClass(ModuleClassLoader.java:192)
	at org.jboss.modules.ConcurrentClassLoader.performLoadClassUnchecked(ConcurrentClassLoader.java:410)
	at org.jboss.modules.ConcurrentClassLoader.performLoadClass(ConcurrentClassLoader.java:398)
	at org.jboss.modules.ConcurrentClassLoader.loadClass(ConcurrentClassLoader.java:116)
	at java.base/java.lang.ClassLoader.defineClass1(Native Method)
	at java.base/java.lang.ClassLoader.defineClass(ClassLoader.java:1017)
	at java.base/java.lang.ClassLoader.defineClass(ClassLoader.java:1095)
	at org.jboss.modules.ModuleClassLoader.doDefineOrLoadClass(ModuleClassLoader.java:351)
	at org.jboss.modules.ModuleClassLoader.defineClass(ModuleClassLoader.java:482)
	at org.jboss.modules.ModuleClassLoader.loadClassLocal(ModuleClassLoader.java:276)
	at org.jboss.modules.ModuleClassLoader$1.loadClassLocal(ModuleClassLoader.java:79)
	at org.jboss.modules.Module.loadModuleClass(Module.java:765)
	at org.jboss.modules.ModuleClassLoader.findClass(ModuleClassLoader.java:192)
	at org.jboss.modules.ConcurrentClassLoader.performLoadClassUnchecked(ConcurrentClassLoader.java:410)
	at org.jboss.modules.ConcurrentClassLoader.performLoadClass(ConcurrentClassLoader.java:398)
	at org.jboss.modules.ConcurrentClassLoader.loadClass(ConcurrentClassLoader.java:116)
	at java.base/java.lang.Class.forName0(Native Method)
	at java.base/java.lang.Class.forName(Class.java:467)
	at org.jboss.as.ee@27.0.1.Final//org.jboss.as.ee.utils.ClassLoadingUtils.loadClass(ClassLoadingUtils.java:21)
	at org.jboss.as.ee@27.0.1.Final//org.jboss.as.ee.utils.ClassLoadingUtils.loadClass(ClassLoadingUtils.java:14)
	at org.jboss.as.ee@27.0.1.Final//org.jboss.as.ee.component.deployers.InterceptorAnnotationProcessor.processComponentConfig(InterceptorAnnotationProcessor.java:84)
	at org.jboss.as.ee@27.0.1.Final//org.jboss.as.ee.component.deployers.InterceptorAnnotationProcessor.deploy(InterceptorAnnotationProcessor.java:77)
	at org.jboss.as.server@19.0.1.Final//org.jboss.as.server.deployment.DeploymentUnitPhaseService.start(DeploymentUnitPhaseService.java:182)
	at org.jboss.msc@1.4.13.Final//org.jboss.msc.service.ServiceControllerImpl$StartTask.startService(ServiceControllerImpl.java:1739)
	at org.jboss.msc@1.4.13.Final//org.jboss.msc.service.ServiceControllerImpl$StartTask.execute(ServiceControllerImpl.java:1701)
	at org.jboss.msc@1.4.13.Final//org.jboss.msc.service.ServiceControllerImpl$ControllerTask.run(ServiceControllerImpl.java:1559)
	at org.jboss.threads@2.4.0.Final//org.jboss.threads.ContextClassLoaderSavingRunnable.run(ContextClassLoaderSavingRunnable.java:35)
	at org.jboss.threads@2.4.0.Final//org.jboss.threads.EnhancedQueueExecutor.safeRun(EnhancedQueueExecutor.java:1990)
	at org.jboss.threads@2.4.0.Final//org.jboss.threads.EnhancedQueueExecutor$ThreadBody.doRunTask(EnhancedQueueExecutor.java:1486)
	at org.jboss.threads@2.4.0.Final//org.jboss.threads.EnhancedQueueExecutor$ThreadBody.run(EnhancedQueueExecutor.java:1363)
	at java.base/java.lang.Thread.run(Thread.java:840)

[0m[33m11:35:08,599 WARN  [org.jboss.modules.define] (MSC service thread 1-5) Failed to define class org.apache.shiro.web.servlet.NameableFilter in Module "deployment.qto.war" from Service Module Loader: java.lang.NoClassDefFoundError: Failed to link org/apache/shiro/web/servlet/NameableFilter (Module "deployment.qto.war" from Service Module Loader): Failed to link org/apache/shiro/web/servlet/AbstractFilter (Module "deployment.qto.war" from Service Module Loader): javax/servlet/Filter
	at java.base/java.lang.ClassLoader.defineClass1(Native Method)
	at java.base/java.lang.ClassLoader.defineClass(ClassLoader.java:1017)
	at java.base/java.lang.ClassLoader.defineClass(ClassLoader.java:1095)
	at org.jboss.modules.ModuleClassLoader.doDefineOrLoadClass(ModuleClassLoader.java:351)
	at org.jboss.modules.ModuleClassLoader.defineClass(ModuleClassLoader.java:482)
	at org.jboss.modules.ModuleClassLoader.loadClassLocal(ModuleClassLoader.java:276)
	at org.jboss.modules.ModuleClassLoader$1.loadClassLocal(ModuleClassLoader.java:79)
	at org.jboss.modules.Module.loadModuleClass(Module.java:765)
	at org.jboss.modules.ModuleClassLoader.findClass(ModuleClassLoader.java:192)
	at org.jboss.modules.ConcurrentClassLoader.performLoadClassUnchecked(ConcurrentClassLoader.java:410)
	at org.jboss.modules.ConcurrentClassLoader.performLoadClass(ConcurrentClassLoader.java:398)
	at org.jboss.modules.ConcurrentClassLoader.loadClass(ConcurrentClassLoader.java:116)
	at java.base/java.lang.ClassLoader.defineClass1(Native Method)
	at java.base/java.lang.ClassLoader.defineClass(ClassLoader.java:1017)
	at java.base/java.lang.ClassLoader.defineClass(ClassLoader.java:1095)
	at org.jboss.modules.ModuleClassLoader.doDefineOrLoadClass(ModuleClassLoader.java:351)
	at org.jboss.modules.ModuleClassLoader.defineClass(ModuleClassLoader.java:482)
	at org.jboss.modules.ModuleClassLoader.loadClassLocal(ModuleClassLoader.java:276)
	at org.jboss.modules.ModuleClassLoader$1.loadClassLocal(ModuleClassLoader.java:79)
	at org.jboss.modules.Module.loadModuleClass(Module.java:765)
	at org.jboss.modules.ModuleClassLoader.findClass(ModuleClassLoader.java:192)
	at org.jboss.modules.ConcurrentClassLoader.performLoadClassUnchecked(ConcurrentClassLoader.java:410)
	at org.jboss.modules.ConcurrentClassLoader.performLoadClass(ConcurrentClassLoader.java:398)
	at org.jboss.modules.ConcurrentClassLoader.loadClass(ConcurrentClassLoader.java:116)
	at java.base/java.lang.ClassLoader.defineClass1(Native Method)
	at java.base/java.lang.ClassLoader.defineClass(ClassLoader.java:1017)
	at java.base/java.lang.ClassLoader.defineClass(ClassLoader.java:1095)
	at org.jboss.modules.ModuleClassLoader.doDefineOrLoadClass(ModuleClassLoader.java:351)
	at org.jboss.modules.ModuleClassLoader.defineClass(ModuleClassLoader.java:482)
	at org.jboss.modules.ModuleClassLoader.loadClassLocal(ModuleClassLoader.java:276)
	at org.jboss.modules.ModuleClassLoader$1.loadClassLocal(ModuleClassLoader.java:79)
	at org.jboss.modules.Module.loadModuleClass(Module.java:765)
	at org.jboss.modules.ModuleClassLoader.findClass(ModuleClassLoader.java:192)
	at org.jboss.modules.ConcurrentClassLoader.performLoadClassUnchecked(ConcurrentClassLoader.java:410)
	at org.jboss.modules.ConcurrentClassLoader.performLoadClass(ConcurrentClassLoader.java:398)
	at org.jboss.modules.ConcurrentClassLoader.loadClass(ConcurrentClassLoader.java:116)
	at java.base/java.lang.ClassLoader.defineClass1(Native Method)
	at java.base/java.lang.ClassLoader.defineClass(ClassLoader.java:1017)
	at java.base/java.lang.ClassLoader.defineClass(ClassLoader.java:1095)
	at org.jboss.modules.ModuleClassLoader.doDefineOrLoadClass(ModuleClassLoader.java:351)
	at org.jboss.modules.ModuleClassLoader.defineClass(ModuleClassLoader.java:482)
	at org.jboss.modules.ModuleClassLoader.loadClassLocal(ModuleClassLoader.java:276)
	at org.jboss.modules.ModuleClassLoader$1.loadClassLocal(ModuleClassLoader.java:79)
	at org.jboss.modules.Module.loadModuleClass(Module.java:765)
	at org.jboss.modules.ModuleClassLoader.findClass(ModuleClassLoader.java:192)
	at org.jboss.modules.ConcurrentClassLoader.performLoadClassUnchecked(ConcurrentClassLoader.java:410)
	at org.jboss.modules.ConcurrentClassLoader.performLoadClass(ConcurrentClassLoader.java:398)
	at org.jboss.modules.ConcurrentClassLoader.loadClass(ConcurrentClassLoader.java:116)
	at java.base/java.lang.ClassLoader.defineClass1(Native Method)
	at java.base/java.lang.ClassLoader.defineClass(ClassLoader.java:1017)
	at java.base/java.lang.ClassLoader.defineClass(ClassLoader.java:1095)
	at org.jboss.modules.ModuleClassLoader.doDefineOrLoadClass(ModuleClassLoader.java:351)
	at org.jboss.modules.ModuleClassLoader.defineClass(ModuleClassLoader.java:482)
	at org.jboss.modules.ModuleClassLoader.loadClassLocal(ModuleClassLoader.java:276)
	at org.jboss.modules.ModuleClassLoader$1.loadClassLocal(ModuleClassLoader.java:79)
	at org.jboss.modules.Module.loadModuleClass(Module.java:765)
	at org.jboss.modules.ModuleClassLoader.findClass(ModuleClassLoader.java:192)
	at org.jboss.modules.ConcurrentClassLoader.performLoadClassUnchecked(ConcurrentClassLoader.java:410)
	at org.jboss.modules.ConcurrentClassLoader.performLoadClass(ConcurrentClassLoader.java:398)
	at org.jboss.modules.ConcurrentClassLoader.loadClass(ConcurrentClassLoader.java:116)
	at java.base/java.lang.ClassLoader.defineClass1(Native Method)
	at java.base/java.lang.ClassLoader.defineClass(ClassLoader.java:1017)
	at java.base/java.lang.ClassLoader.defineClass(ClassLoader.java:1095)
	at org.jboss.modules.ModuleClassLoader.doDefineOrLoadClass(ModuleClassLoader.java:351)
	at org.jboss.modules.ModuleClassLoader.defineClass(ModuleClassLoader.java:482)
	at org.jboss.modules.ModuleClassLoader.loadClassLocal(ModuleClassLoader.java:276)
	at org.jboss.modules.ModuleClassLoader$1.loadClassLocal(ModuleClassLoader.java:79)
	at org.jboss.modules.Module.loadModuleClass(Module.java:765)
	at org.jboss.modules.ModuleClassLoader.findClass(ModuleClassLoader.java:192)
	at org.jboss.modules.ConcurrentClassLoader.performLoadClassUnchecked(ConcurrentClassLoader.java:410)
	at org.jboss.modules.ConcurrentClassLoader.performLoadClass(ConcurrentClassLoader.java:398)
	at org.jboss.modules.ConcurrentClassLoader.loadClass(ConcurrentClassLoader.java:116)
	at java.base/java.lang.Class.forName0(Native Method)
	at java.base/java.lang.Class.forName(Class.java:467)
	at org.jboss.as.ee@27.0.1.Final//org.jboss.as.ee.utils.ClassLoadingUtils.loadClass(ClassLoadingUtils.java:21)
	at org.jboss.as.ee@27.0.1.Final//org.jboss.as.ee.utils.ClassLoadingUtils.loadClass(ClassLoadingUtils.java:14)
	at org.jboss.as.ee@27.0.1.Final//org.jboss.as.ee.component.deployers.InterceptorAnnotationProcessor.processComponentConfig(InterceptorAnnotationProcessor.java:84)
	at org.jboss.as.ee@27.0.1.Final//org.jboss.as.ee.component.deployers.InterceptorAnnotationProcessor.deploy(InterceptorAnnotationProcessor.java:77)
	at org.jboss.as.server@19.0.1.Final//org.jboss.as.server.deployment.DeploymentUnitPhaseService.start(DeploymentUnitPhaseService.java:182)
	at org.jboss.msc@1.4.13.Final//org.jboss.msc.service.ServiceControllerImpl$StartTask.startService(ServiceControllerImpl.java:1739)
	at org.jboss.msc@1.4.13.Final//org.jboss.msc.service.ServiceControllerImpl$StartTask.execute(ServiceControllerImpl.java:1701)
	at org.jboss.msc@1.4.13.Final//org.jboss.msc.service.ServiceControllerImpl$ControllerTask.run(ServiceControllerImpl.java:1559)
	at org.jboss.threads@2.4.0.Final//org.jboss.threads.ContextClassLoaderSavingRunnable.run(ContextClassLoaderSavingRunnable.java:35)
	at org.jboss.threads@2.4.0.Final//org.jboss.threads.EnhancedQueueExecutor.safeRun(EnhancedQueueExecutor.java:1990)
	at org.jboss.threads@2.4.0.Final//org.jboss.threads.EnhancedQueueExecutor$ThreadBody.doRunTask(EnhancedQueueExecutor.java:1486)
	at org.jboss.threads@2.4.0.Final//org.jboss.threads.EnhancedQueueExecutor$ThreadBody.run(EnhancedQueueExecutor.java:1363)
	at java.base/java.lang.Thread.run(Thread.java:840)

[0m[33m11:35:08,599 WARN  [org.jboss.modules.define] (MSC service thread 1-5) Failed to define class org.apache.shiro.web.servlet.OncePerRequestFilter in Module "deployment.qto.war" from Service Module Loader: java.lang.NoClassDefFoundError: Failed to link org/apache/shiro/web/servlet/OncePerRequestFilter (Module "deployment.qto.war" from Service Module Loader): Failed to link org/apache/shiro/web/servlet/NameableFilter (Module "deployment.qto.war" from Service Module Loader): Failed to link org/apache/shiro/web/servlet/AbstractFilter (Module "deployment.qto.war" from Service Module Loader): javax/servlet/Filter
	at java.base/java.lang.ClassLoader.defineClass1(Native Method)
	at java.base/java.lang.ClassLoader.defineClass(ClassLoader.java:1017)
	at java.base/java.lang.ClassLoader.defineClass(ClassLoader.java:1095)
	at org.jboss.modules.ModuleClassLoader.doDefineOrLoadClass(ModuleClassLoader.java:351)
	at org.jboss.modules.ModuleClassLoader.defineClass(ModuleClassLoader.java:482)
	at org.jboss.modules.ModuleClassLoader.loadClassLocal(ModuleClassLoader.java:276)
	at org.jboss.modules.ModuleClassLoader$1.loadClassLocal(ModuleClassLoader.java:79)
	at org.jboss.modules.Module.loadModuleClass(Module.java:765)
	at org.jboss.modules.ModuleClassLoader.findClass(ModuleClassLoader.java:192)
	at org.jboss.modules.ConcurrentClassLoader.performLoadClassUnchecked(ConcurrentClassLoader.java:410)
	at org.jboss.modules.ConcurrentClassLoader.performLoadClass(ConcurrentClassLoader.java:398)
	at org.jboss.modules.ConcurrentClassLoader.loadClass(ConcurrentClassLoader.java:116)
	at java.base/java.lang.ClassLoader.defineClass1(Native Method)
	at java.base/java.lang.ClassLoader.defineClass(ClassLoader.java:1017)
	at java.base/java.lang.ClassLoader.defineClass(ClassLoader.java:1095)
	at org.jboss.modules.ModuleClassLoader.doDefineOrLoadClass(ModuleClassLoader.java:351)
	at org.jboss.modules.ModuleClassLoader.defineClass(ModuleClassLoader.java:482)
	at org.jboss.modules.ModuleClassLoader.loadClassLocal(ModuleClassLoader.java:276)
	at org.jboss.modules.ModuleClassLoader$1.loadClassLocal(ModuleClassLoader.java:79)
	at org.jboss.modules.Module.loadModuleClass(Module.java:765)
	at org.jboss.modules.ModuleClassLoader.findClass(ModuleClassLoader.java:192)
	at org.jboss.modules.ConcurrentClassLoader.performLoadClassUnchecked(ConcurrentClassLoader.java:410)
	at org.jboss.modules.ConcurrentClassLoader.performLoadClass(ConcurrentClassLoader.java:398)
	at org.jboss.modules.ConcurrentClassLoader.loadClass(ConcurrentClassLoader.java:116)
	at java.base/java.lang.ClassLoader.defineClass1(Native Method)
	at java.base/java.lang.ClassLoader.defineClass(ClassLoader.java:1017)
	at java.base/java.lang.ClassLoader.defineClass(ClassLoader.java:1095)
	at org.jboss.modules.ModuleClassLoader.doDefineOrLoadClass(ModuleClassLoader.java:351)
	at org.jboss.modules.ModuleClassLoader.defineClass(ModuleClassLoader.java:482)
	at org.jboss.modules.ModuleClassLoader.loadClassLocal(ModuleClassLoader.java:276)
	at org.jboss.modules.ModuleClassLoader$1.loadClassLocal(ModuleClassLoader.java:79)
	at org.jboss.modules.Module.loadModuleClass(Module.java:765)
	at org.jboss.modules.ModuleClassLoader.findClass(ModuleClassLoader.java:192)
	at org.jboss.modules.ConcurrentClassLoader.performLoadClassUnchecked(ConcurrentClassLoader.java:410)
	at org.jboss.modules.ConcurrentClassLoader.performLoadClass(ConcurrentClassLoader.java:398)
	at org.jboss.modules.ConcurrentClassLoader.loadClass(ConcurrentClassLoader.java:116)
	at java.base/java.lang.ClassLoader.defineClass1(Native Method)
	at java.base/java.lang.ClassLoader.defineClass(ClassLoader.java:1017)
	at java.base/java.lang.ClassLoader.defineClass(ClassLoader.java:1095)
	at org.jboss.modules.ModuleClassLoader.doDefineOrLoadClass(ModuleClassLoader.java:351)
	at org.jboss.modules.ModuleClassLoader.defineClass(ModuleClassLoader.java:482)
	at org.jboss.modules.ModuleClassLoader.loadClassLocal(ModuleClassLoader.java:276)
	at org.jboss.modules.ModuleClassLoader$1.loadClassLocal(ModuleClassLoader.java:79)
	at org.jboss.modules.Module.loadModuleClass(Module.java:765)
	at org.jboss.modules.ModuleClassLoader.findClass(ModuleClassLoader.java:192)
	at org.jboss.modules.ConcurrentClassLoader.performLoadClassUnchecked(ConcurrentClassLoader.java:410)
	at org.jboss.modules.ConcurrentClassLoader.performLoadClass(ConcurrentClassLoader.java:398)
	at org.jboss.modules.ConcurrentClassLoader.loadClass(ConcurrentClassLoader.java:116)
	at java.base/java.lang.ClassLoader.defineClass1(Native Method)
	at java.base/java.lang.ClassLoader.defineClass(ClassLoader.java:1017)
	at java.base/java.lang.ClassLoader.defineClass(ClassLoader.java:1095)
	at org.jboss.modules.ModuleClassLoader.doDefineOrLoadClass(ModuleClassLoader.java:351)
	at org.jboss.modules.ModuleClassLoader.defineClass(ModuleClassLoader.java:482)
	at org.jboss.modules.ModuleClassLoader.loadClassLocal(ModuleClassLoader.java:276)
	at org.jboss.modules.ModuleClassLoader$1.loadClassLocal(ModuleClassLoader.java:79)
	at org.jboss.modules.Module.loadModuleClass(Module.java:765)
	at org.jboss.modules.ModuleClassLoader.findClass(ModuleClassLoader.java:192)
	at org.jboss.modules.ConcurrentClassLoader.performLoadClassUnchecked(ConcurrentClassLoader.java:410)
	at org.jboss.modules.ConcurrentClassLoader.performLoadClass(ConcurrentClassLoader.java:398)
	at org.jboss.modules.ConcurrentClassLoader.loadClass(ConcurrentClassLoader.java:116)
	at java.base/java.lang.ClassLoader.defineClass1(Native Method)
	at java.base/java.lang.ClassLoader.defineClass(ClassLoader.java:1017)
	at java.base/java.lang.ClassLoader.defineClass(ClassLoader.java:1095)
	at org.jboss.modules.ModuleClassLoader.doDefineOrLoadClass(ModuleClassLoader.java:351)
	at org.jboss.modules.ModuleClassLoader.defineClass(ModuleClassLoader.java:482)
	at org.jboss.modules.ModuleClassLoader.loadClassLocal(ModuleClassLoader.java:276)
	at org.jboss.modules.ModuleClassLoader$1.loadClassLocal(ModuleClassLoader.java:79)
	at org.jboss.modules.Module.loadModuleClass(Module.java:765)
	at org.jboss.modules.ModuleClassLoader.findClass(ModuleClassLoader.java:192)
	at org.jboss.modules.ConcurrentClassLoader.performLoadClassUnchecked(ConcurrentClassLoader.java:410)
	at org.jboss.modules.ConcurrentClassLoader.performLoadClass(ConcurrentClassLoader.java:398)
	at org.jboss.modules.ConcurrentClassLoader.loadClass(ConcurrentClassLoader.java:116)
	at java.base/java.lang.Class.forName0(Native Method)
	at java.base/java.lang.Class.forName(Class.java:467)
	at org.jboss.as.ee@27.0.1.Final//org.jboss.as.ee.utils.ClassLoadingUtils.loadClass(ClassLoadingUtils.java:21)
	at org.jboss.as.ee@27.0.1.Final//org.jboss.as.ee.utils.ClassLoadingUtils.loadClass(ClassLoadingUtils.java:14)
	at org.jboss.as.ee@27.0.1.Final//org.jboss.as.ee.component.deployers.InterceptorAnnotationProcessor.processComponentConfig(InterceptorAnnotationProcessor.java:84)
	at org.jboss.as.ee@27.0.1.Final//org.jboss.as.ee.component.deployers.InterceptorAnnotationProcessor.deploy(InterceptorAnnotationProcessor.java:77)
	at org.jboss.as.server@19.0.1.Final//org.jboss.as.server.deployment.DeploymentUnitPhaseService.start(DeploymentUnitPhaseService.java:182)
	at org.jboss.msc@1.4.13.Final//org.jboss.msc.service.ServiceControllerImpl$StartTask.startService(ServiceControllerImpl.java:1739)
	at org.jboss.msc@1.4.13.Final//org.jboss.msc.service.ServiceControllerImpl$StartTask.execute(ServiceControllerImpl.java:1701)
	at org.jboss.msc@1.4.13.Final//org.jboss.msc.service.ServiceControllerImpl$ControllerTask.run(ServiceControllerImpl.java:1559)
	at org.jboss.threads@2.4.0.Final//org.jboss.threads.ContextClassLoaderSavingRunnable.run(ContextClassLoaderSavingRunnable.java:35)
	at org.jboss.threads@2.4.0.Final//org.jboss.threads.EnhancedQueueExecutor.safeRun(EnhancedQueueExecutor.java:1990)
	at org.jboss.threads@2.4.0.Final//org.jboss.threads.EnhancedQueueExecutor$ThreadBody.doRunTask(EnhancedQueueExecutor.java:1486)
	at org.jboss.threads@2.4.0.Final//org.jboss.threads.EnhancedQueueExecutor$ThreadBody.run(EnhancedQueueExecutor.java:1363)
	at java.base/java.lang.Thread.run(Thread.java:840)

[0m[33m11:35:08,599 WARN  [org.jboss.modules.define] (MSC service thread 1-5) Failed to define class org.apache.shiro.web.servlet.AbstractShiroFilter in Module "deployment.qto.war" from Service Module Loader: java.lang.NoClassDefFoundError: Failed to link org/apache/shiro/web/servlet/AbstractShiroFilter (Module "deployment.qto.war" from Service Module Loader): Failed to link org/apache/shiro/web/servlet/OncePerRequestFilter (Module "deployment.qto.war" from Service Module Loader): Failed to link org/apache/shiro/web/servlet/NameableFilter (Module "deployment.qto.war" from Service Module Loader): Failed to link org/apache/shiro/web/servlet/AbstractFilter (Module "deployment.qto.war" from Service Module Loader): javax/servlet/Filter
	at java.base/java.lang.ClassLoader.defineClass1(Native Method)
	at java.base/java.lang.ClassLoader.defineClass(ClassLoader.java:1017)
	at java.base/java.lang.ClassLoader.defineClass(ClassLoader.java:1095)
	at org.jboss.modules.ModuleClassLoader.doDefineOrLoadClass(ModuleClassLoader.java:351)
	at org.jboss.modules.ModuleClassLoader.defineClass(ModuleClassLoader.java:482)
	at org.jboss.modules.ModuleClassLoader.loadClassLocal(ModuleClassLoader.java:276)
	at org.jboss.modules.ModuleClassLoader$1.loadClassLocal(ModuleClassLoader.java:79)
	at org.jboss.modules.Module.loadModuleClass(Module.java:765)
	at org.jboss.modules.ModuleClassLoader.findClass(ModuleClassLoader.java:192)
	at org.jboss.modules.ConcurrentClassLoader.performLoadClassUnchecked(ConcurrentClassLoader.java:410)
	at org.jboss.modules.ConcurrentClassLoader.performLoadClass(ConcurrentClassLoader.java:398)
	at org.jboss.modules.ConcurrentClassLoader.loadClass(ConcurrentClassLoader.java:116)
	at java.base/java.lang.ClassLoader.defineClass1(Native Method)
	at java.base/java.lang.ClassLoader.defineClass(ClassLoader.java:1017)
	at java.base/java.lang.ClassLoader.defineClass(ClassLoader.java:1095)
	at org.jboss.modules.ModuleClassLoader.doDefineOrLoadClass(ModuleClassLoader.java:351)
	at org.jboss.modules.ModuleClassLoader.defineClass(ModuleClassLoader.java:482)
	at org.jboss.modules.ModuleClassLoader.loadClassLocal(ModuleClassLoader.java:276)
	at org.jboss.modules.ModuleClassLoader$1.loadClassLocal(ModuleClassLoader.java:79)
	at org.jboss.modules.Module.loadModuleClass(Module.java:765)
	at org.jboss.modules.ModuleClassLoader.findClass(ModuleClassLoader.java:192)
	at org.jboss.modules.ConcurrentClassLoader.performLoadClassUnchecked(ConcurrentClassLoader.java:410)
	at org.jboss.modules.ConcurrentClassLoader.performLoadClass(ConcurrentClassLoader.java:398)
	at org.jboss.modules.ConcurrentClassLoader.loadClass(ConcurrentClassLoader.java:116)
	at java.base/java.lang.ClassLoader.defineClass1(Native Method)
	at java.base/java.lang.ClassLoader.defineClass(ClassLoader.java:1017)
	at java.base/java.lang.ClassLoader.defineClass(ClassLoader.java:1095)
	at org.jboss.modules.ModuleClassLoader.doDefineOrLoadClass(ModuleClassLoader.java:351)
	at org.jboss.modules.ModuleClassLoader.defineClass(ModuleClassLoader.java:482)
	at org.jboss.modules.ModuleClassLoader.loadClassLocal(ModuleClassLoader.java:276)
	at org.jboss.modules.ModuleClassLoader$1.loadClassLocal(ModuleClassLoader.java:79)
	at org.jboss.modules.Module.loadModuleClass(Module.java:765)
	at org.jboss.modules.ModuleClassLoader.findClass(ModuleClassLoader.java:192)
	at org.jboss.modules.ConcurrentClassLoader.performLoadClassUnchecked(ConcurrentClassLoader.java:410)
	at org.jboss.modules.ConcurrentClassLoader.performLoadClass(ConcurrentClassLoader.java:398)
	at org.jboss.modules.ConcurrentClassLoader.loadClass(ConcurrentClassLoader.java:116)
	at java.base/java.lang.ClassLoader.defineClass1(Native Method)
	at java.base/java.lang.ClassLoader.defineClass(ClassLoader.java:1017)
	at java.base/java.lang.ClassLoader.defineClass(ClassLoader.java:1095)
	at org.jboss.modules.ModuleClassLoader.doDefineOrLoadClass(ModuleClassLoader.java:351)
	at org.jboss.modules.ModuleClassLoader.defineClass(ModuleClassLoader.java:482)
	at org.jboss.modules.ModuleClassLoader.loadClassLocal(ModuleClassLoader.java:276)
	at org.jboss.modules.ModuleClassLoader$1.loadClassLocal(ModuleClassLoader.java:79)
	at org.jboss.modules.Module.loadModuleClass(Module.java:765)
	at org.jboss.modules.ModuleClassLoader.findClass(ModuleClassLoader.java:192)
	at org.jboss.modules.ConcurrentClassLoader.performLoadClassUnchecked(ConcurrentClassLoader.java:410)
	at org.jboss.modules.ConcurrentClassLoader.performLoadClass(ConcurrentClassLoader.java:398)
	at org.jboss.modules.ConcurrentClassLoader.loadClass(ConcurrentClassLoader.java:116)
	at java.base/java.lang.ClassLoader.defineClass1(Native Method)
	at java.base/java.lang.ClassLoader.defineClass(ClassLoader.java:1017)
	at java.base/java.lang.ClassLoader.defineClass(ClassLoader.java:1095)
	at org.jboss.modules.ModuleClassLoader.doDefineOrLoadClass(ModuleClassLoader.java:351)
	at org.jboss.modules.ModuleClassLoader.defineClass(ModuleClassLoader.java:482)
	at org.jboss.modules.ModuleClassLoader.loadClassLocal(ModuleClassLoader.java:276)
	at org.jboss.modules.ModuleClassLoader$1.loadClassLocal(ModuleClassLoader.java:79)
	at org.jboss.modules.Module.loadModuleClass(Module.java:765)
	at org.jboss.modules.ModuleClassLoader.findClass(ModuleClassLoader.java:192)
	at org.jboss.modules.ConcurrentClassLoader.performLoadClassUnchecked(ConcurrentClassLoader.java:410)
	at org.jboss.modules.ConcurrentClassLoader.performLoadClass(ConcurrentClassLoader.java:398)
	at org.jboss.modules.ConcurrentClassLoader.loadClass(ConcurrentClassLoader.java:116)
	at java.base/java.lang.ClassLoader.defineClass1(Native Method)
	at java.base/java.lang.ClassLoader.defineClass(ClassLoader.java:1017)
	at java.base/java.lang.ClassLoader.defineClass(ClassLoader.java:1095)
	at org.jboss.modules.ModuleClassLoader.doDefineOrLoadClass(ModuleClassLoader.java:351)
	at org.jboss.modules.ModuleClassLoader.defineClass(ModuleClassLoader.java:482)
	at org.jboss.modules.ModuleClassLoader.loadClassLocal(ModuleClassLoader.java:276)
	at org.jboss.modules.ModuleClassLoader$1.loadClassLocal(ModuleClassLoader.java:79)
	at org.jboss.modules.Module.loadModuleClass(Module.java:765)
	at org.jboss.modules.ModuleClassLoader.findClass(ModuleClassLoader.java:192)
	at org.jboss.modules.ConcurrentClassLoader.performLoadClassUnchecked(ConcurrentClassLoader.java:410)
	at org.jboss.modules.ConcurrentClassLoader.performLoadClass(ConcurrentClassLoader.java:398)
	at org.jboss.modules.ConcurrentClassLoader.loadClass(ConcurrentClassLoader.java:116)
	at java.base/java.lang.Class.forName0(Native Method)
	at java.base/java.lang.Class.forName(Class.java:467)
	at org.jboss.as.ee@27.0.1.Final//org.jboss.as.ee.utils.ClassLoadingUtils.loadClass(ClassLoadingUtils.java:21)
	at org.jboss.as.ee@27.0.1.Final//org.jboss.as.ee.utils.ClassLoadingUtils.loadClass(ClassLoadingUtils.java:14)
	at org.jboss.as.ee@27.0.1.Final//org.jboss.as.ee.component.deployers.InterceptorAnnotationProcessor.processComponentConfig(InterceptorAnnotationProcessor.java:84)
	at org.jboss.as.ee@27.0.1.Final//org.jboss.as.ee.component.deployers.InterceptorAnnotationProcessor.deploy(InterceptorAnnotationProcessor.java:77)
	at org.jboss.as.server@19.0.1.Final//org.jboss.as.server.deployment.DeploymentUnitPhaseService.start(DeploymentUnitPhaseService.java:182)
	at org.jboss.msc@1.4.13.Final//org.jboss.msc.service.ServiceControllerImpl$StartTask.startService(ServiceControllerImpl.java:1739)
	at org.jboss.msc@1.4.13.Final//org.jboss.msc.service.ServiceControllerImpl$StartTask.execute(ServiceControllerImpl.java:1701)
	at org.jboss.msc@1.4.13.Final//org.jboss.msc.service.ServiceControllerImpl$ControllerTask.run(ServiceControllerImpl.java:1559)
	at org.jboss.threads@2.4.0.Final//org.jboss.threads.ContextClassLoaderSavingRunnable.run(ContextClassLoaderSavingRunnable.java:35)
	at org.jboss.threads@2.4.0.Final//org.jboss.threads.EnhancedQueueExecutor.safeRun(EnhancedQueueExecutor.java:1990)
	at org.jboss.threads@2.4.0.Final//org.jboss.threads.EnhancedQueueExecutor$ThreadBody.doRunTask(EnhancedQueueExecutor.java:1486)
	at org.jboss.threads@2.4.0.Final//org.jboss.threads.EnhancedQueueExecutor$ThreadBody.run(EnhancedQueueExecutor.java:1363)
	at java.base/java.lang.Thread.run(Thread.java:840)

[0m[33m11:35:08,600 WARN  [org.jboss.modules.define] (MSC service thread 1-5) Failed to define class org.apache.shiro.web.servlet.ShiroFilter in Module "deployment.qto.war" from Service Module Loader: java.lang.NoClassDefFoundError: Failed to link org/apache/shiro/web/servlet/ShiroFilter (Module "deployment.qto.war" from Service Module Loader): Failed to link org/apache/shiro/web/servlet/AbstractShiroFilter (Module "deployment.qto.war" from Service Module Loader): Failed to link org/apache/shiro/web/servlet/OncePerRequestFilter (Module "deployment.qto.war" from Service Module Loader): Failed to link org/apache/shiro/web/servlet/NameableFilter (Module "deployment.qto.war" from Service Module Loader): Failed to link org/apache/shiro/web/servlet/AbstractFilter (Module "deployment.qto.war" from Service Module Loader): javax/servlet/Filter
	at java.base/java.lang.ClassLoader.defineClass1(Native Method)
	at java.base/java.lang.ClassLoader.defineClass(ClassLoader.java:1017)
	at java.base/java.lang.ClassLoader.defineClass(ClassLoader.java:1095)
	at org.jboss.modules.ModuleClassLoader.doDefineOrLoadClass(ModuleClassLoader.java:351)
	at org.jboss.modules.ModuleClassLoader.defineClass(ModuleClassLoader.java:482)
	at org.jboss.modules.ModuleClassLoader.loadClassLocal(ModuleClassLoader.java:276)
	at org.jboss.modules.ModuleClassLoader$1.loadClassLocal(ModuleClassLoader.java:79)
	at org.jboss.modules.Module.loadModuleClass(Module.java:765)
	at org.jboss.modules.ModuleClassLoader.findClass(ModuleClassLoader.java:192)
	at org.jboss.modules.ConcurrentClassLoader.performLoadClassUnchecked(ConcurrentClassLoader.java:410)
	at org.jboss.modules.ConcurrentClassLoader.performLoadClass(ConcurrentClassLoader.java:398)
	at org.jboss.modules.ConcurrentClassLoader.loadClass(ConcurrentClassLoader.java:116)
	at java.base/java.lang.ClassLoader.defineClass1(Native Method)
	at java.base/java.lang.ClassLoader.defineClass(ClassLoader.java:1017)
	at java.base/java.lang.ClassLoader.defineClass(ClassLoader.java:1095)
	at org.jboss.modules.ModuleClassLoader.doDefineOrLoadClass(ModuleClassLoader.java:351)
	at org.jboss.modules.ModuleClassLoader.defineClass(ModuleClassLoader.java:482)
	at org.jboss.modules.ModuleClassLoader.loadClassLocal(ModuleClassLoader.java:276)
	at org.jboss.modules.ModuleClassLoader$1.loadClassLocal(ModuleClassLoader.java:79)
	at org.jboss.modules.Module.loadModuleClass(Module.java:765)
	at org.jboss.modules.ModuleClassLoader.findClass(ModuleClassLoader.java:192)
	at org.jboss.modules.ConcurrentClassLoader.performLoadClassUnchecked(ConcurrentClassLoader.java:410)
	at org.jboss.modules.ConcurrentClassLoader.performLoadClass(ConcurrentClassLoader.java:398)
	at org.jboss.modules.ConcurrentClassLoader.loadClass(ConcurrentClassLoader.java:116)
	at java.base/java.lang.ClassLoader.defineClass1(Native Method)
	at java.base/java.lang.ClassLoader.defineClass(ClassLoader.java:1017)
	at java.base/java.lang.ClassLoader.defineClass(ClassLoader.java:1095)
	at org.jboss.modules.ModuleClassLoader.doDefineOrLoadClass(ModuleClassLoader.java:351)
	at org.jboss.modules.ModuleClassLoader.defineClass(ModuleClassLoader.java:482)
	at org.jboss.modules.ModuleClassLoader.loadClassLocal(ModuleClassLoader.java:276)
	at org.jboss.modules.ModuleClassLoader$1.loadClassLocal(ModuleClassLoader.java:79)
	at org.jboss.modules.Module.loadModuleClass(Module.java:765)
	at org.jboss.modules.ModuleClassLoader.findClass(ModuleClassLoader.java:192)
	at org.jboss.modules.ConcurrentClassLoader.performLoadClassUnchecked(ConcurrentClassLoader.java:410)
	at org.jboss.modules.ConcurrentClassLoader.performLoadClass(ConcurrentClassLoader.java:398)
	at org.jboss.modules.ConcurrentClassLoader.loadClass(ConcurrentClassLoader.java:116)
	at java.base/java.lang.ClassLoader.defineClass1(Native Method)
	at java.base/java.lang.ClassLoader.defineClass(ClassLoader.java:1017)
	at java.base/java.lang.ClassLoader.defineClass(ClassLoader.java:1095)
	at org.jboss.modules.ModuleClassLoader.doDefineOrLoadClass(ModuleClassLoader.java:351)
	at org.jboss.modules.ModuleClassLoader.defineClass(ModuleClassLoader.java:482)
	at org.jboss.modules.ModuleClassLoader.loadClassLocal(ModuleClassLoader.java:276)
	at org.jboss.modules.ModuleClassLoader$1.loadClassLocal(ModuleClassLoader.java:79)
	at org.jboss.modules.Module.loadModuleClass(Module.java:765)
	at org.jboss.modules.ModuleClassLoader.findClass(ModuleClassLoader.java:192)
	at org.jboss.modules.ConcurrentClassLoader.performLoadClassUnchecked(ConcurrentClassLoader.java:410)
	at org.jboss.modules.ConcurrentClassLoader.performLoadClass(ConcurrentClassLoader.java:398)
	at org.jboss.modules.ConcurrentClassLoader.loadClass(ConcurrentClassLoader.java:116)
	at java.base/java.lang.ClassLoader.defineClass1(Native Method)
	at java.base/java.lang.ClassLoader.defineClass(ClassLoader.java:1017)
	at java.base/java.lang.ClassLoader.defineClass(ClassLoader.java:1095)
	at org.jboss.modules.ModuleClassLoader.doDefineOrLoadClass(ModuleClassLoader.java:351)
	at org.jboss.modules.ModuleClassLoader.defineClass(ModuleClassLoader.java:482)
	at org.jboss.modules.ModuleClassLoader.loadClassLocal(ModuleClassLoader.java:276)
	at org.jboss.modules.ModuleClassLoader$1.loadClassLocal(ModuleClassLoader.java:79)
	at org.jboss.modules.Module.loadModuleClass(Module.java:765)
	at org.jboss.modules.ModuleClassLoader.findClass(ModuleClassLoader.java:192)
	at org.jboss.modules.ConcurrentClassLoader.performLoadClassUnchecked(ConcurrentClassLoader.java:410)
	at org.jboss.modules.ConcurrentClassLoader.performLoadClass(ConcurrentClassLoader.java:398)
	at org.jboss.modules.ConcurrentClassLoader.loadClass(ConcurrentClassLoader.java:116)
	at java.base/java.lang.ClassLoader.defineClass1(Native Method)
	at java.base/java.lang.ClassLoader.defineClass(ClassLoader.java:1017)
	at java.base/java.lang.ClassLoader.defineClass(ClassLoader.java:1095)
	at org.jboss.modules.ModuleClassLoader.doDefineOrLoadClass(ModuleClassLoader.java:351)
	at org.jboss.modules.ModuleClassLoader.defineClass(ModuleClassLoader.java:482)
	at org.jboss.modules.ModuleClassLoader.loadClassLocal(ModuleClassLoader.java:276)
	at org.jboss.modules.ModuleClassLoader$1.loadClassLocal(ModuleClassLoader.java:79)
	at org.jboss.modules.Module.loadModuleClass(Module.java:765)
	at org.jboss.modules.ModuleClassLoader.findClass(ModuleClassLoader.java:192)
	at org.jboss.modules.ConcurrentClassLoader.performLoadClassUnchecked(ConcurrentClassLoader.java:410)
	at org.jboss.modules.ConcurrentClassLoader.performLoadClass(ConcurrentClassLoader.java:398)
	at org.jboss.modules.ConcurrentClassLoader.loadClass(ConcurrentClassLoader.java:116)
	at java.base/java.lang.Class.forName0(Native Method)
	at java.base/java.lang.Class.forName(Class.java:467)
	at org.jboss.as.ee@27.0.1.Final//org.jboss.as.ee.utils.ClassLoadingUtils.loadClass(ClassLoadingUtils.java:21)
	at org.jboss.as.ee@27.0.1.Final//org.jboss.as.ee.utils.ClassLoadingUtils.loadClass(ClassLoadingUtils.java:14)
	at org.jboss.as.ee@27.0.1.Final//org.jboss.as.ee.component.deployers.InterceptorAnnotationProcessor.processComponentConfig(InterceptorAnnotationProcessor.java:84)
	at org.jboss.as.ee@27.0.1.Final//org.jboss.as.ee.component.deployers.InterceptorAnnotationProcessor.deploy(InterceptorAnnotationProcessor.java:77)
	at org.jboss.as.server@19.0.1.Final//org.jboss.as.server.deployment.DeploymentUnitPhaseService.start(DeploymentUnitPhaseService.java:182)
	at org.jboss.msc@1.4.13.Final//org.jboss.msc.service.ServiceControllerImpl$StartTask.startService(ServiceControllerImpl.java:1739)
	at org.jboss.msc@1.4.13.Final//org.jboss.msc.service.ServiceControllerImpl$StartTask.execute(ServiceControllerImpl.java:1701)
	at org.jboss.msc@1.4.13.Final//org.jboss.msc.service.ServiceControllerImpl$ControllerTask.run(ServiceControllerImpl.java:1559)
	at org.jboss.threads@2.4.0.Final//org.jboss.threads.ContextClassLoaderSavingRunnable.run(ContextClassLoaderSavingRunnable.java:35)
	at org.jboss.threads@2.4.0.Final//org.jboss.threads.EnhancedQueueExecutor.safeRun(EnhancedQueueExecutor.java:1990)
	at org.jboss.threads@2.4.0.Final//org.jboss.threads.EnhancedQueueExecutor$ThreadBody.doRunTask(EnhancedQueueExecutor.java:1486)
	at org.jboss.threads@2.4.0.Final//org.jboss.threads.EnhancedQueueExecutor$ThreadBody.run(EnhancedQueueExecutor.java:1363)
	at java.base/java.lang.Thread.run(Thread.java:840)

[0m[33m11:35:08,600 WARN  [org.jboss.modules.define] (MSC service thread 1-5) Failed to define class com.vertek.corporate.qto.authentication.QTOShiroFilter in Module "deployment.qto.war" from Service Module Loader: java.lang.NoClassDefFoundError: Failed to link com/vertek/corporate/qto/authentication/QTOShiroFilter (Module "deployment.qto.war" from Service Module Loader): Failed to link org/apache/shiro/web/servlet/ShiroFilter (Module "deployment.qto.war" from Service Module Loader): Failed to link org/apache/shiro/web/servlet/AbstractShiroFilter (Module "deployment.qto.war" from Service Module Loader): Failed to link org/apache/shiro/web/servlet/OncePerRequestFilter (Module "deployment.qto.war" from Service Module Loader): Failed to link org/apache/shiro/web/servlet/NameableFilter (Module "deployment.qto.war" from Service Module Loader): Failed to link org/apache/shiro/web/servlet/AbstractFilter (Module "deployment.qto.war" from Service Module Loader): javax/servlet/Filter
	at java.base/java.lang.ClassLoader.defineClass1(Native Method)
	at java.base/java.lang.ClassLoader.defineClass(ClassLoader.java:1017)
	at java.base/java.lang.ClassLoader.defineClass(ClassLoader.java:1095)
	at org.jboss.modules.ModuleClassLoader.doDefineOrLoadClass(ModuleClassLoader.java:351)
	at org.jboss.modules.ModuleClassLoader.defineClass(ModuleClassLoader.java:482)
	at org.jboss.modules.ModuleClassLoader.loadClassLocal(ModuleClassLoader.java:276)
	at org.jboss.modules.ModuleClassLoader$1.loadClassLocal(ModuleClassLoader.java:79)
	at org.jboss.modules.Module.loadModuleClass(Module.java:765)
	at org.jboss.modules.ModuleClassLoader.findClass(ModuleClassLoader.java:192)
	at org.jboss.modules.ConcurrentClassLoader.performLoadClassUnchecked(ConcurrentClassLoader.java:410)
	at org.jboss.modules.ConcurrentClassLoader.performLoadClass(ConcurrentClassLoader.java:398)
	at org.jboss.modules.ConcurrentClassLoader.loadClass(ConcurrentClassLoader.java:116)
	at java.base/java.lang.ClassLoader.defineClass1(Native Method)
	at java.base/java.lang.ClassLoader.defineClass(ClassLoader.java:1017)
	at java.base/java.lang.ClassLoader.defineClass(ClassLoader.java:1095)
	at org.jboss.modules.ModuleClassLoader.doDefineOrLoadClass(ModuleClassLoader.java:351)
	at org.jboss.modules.ModuleClassLoader.defineClass(ModuleClassLoader.java:482)
	at org.jboss.modules.ModuleClassLoader.loadClassLocal(ModuleClassLoader.java:276)
	at org.jboss.modules.ModuleClassLoader$1.loadClassLocal(ModuleClassLoader.java:79)
	at org.jboss.modules.Module.loadModuleClass(Module.java:765)
	at org.jboss.modules.ModuleClassLoader.findClass(ModuleClassLoader.java:192)
	at org.jboss.modules.ConcurrentClassLoader.performLoadClassUnchecked(ConcurrentClassLoader.java:410)
	at org.jboss.modules.ConcurrentClassLoader.performLoadClass(ConcurrentClassLoader.java:398)
	at org.jboss.modules.ConcurrentClassLoader.loadClass(ConcurrentClassLoader.java:116)
	at java.base/java.lang.ClassLoader.defineClass1(Native Method)
	at java.base/java.lang.ClassLoader.defineClass(ClassLoader.java:1017)
	at java.base/java.lang.ClassLoader.defineClass(ClassLoader.java:1095)
	at org.jboss.modules.ModuleClassLoader.doDefineOrLoadClass(ModuleClassLoader.java:351)
	at org.jboss.modules.ModuleClassLoader.defineClass(ModuleClassLoader.java:482)
	at org.jboss.modules.ModuleClassLoader.loadClassLocal(ModuleClassLoader.java:276)
	at org.jboss.modules.ModuleClassLoader$1.loadClassLocal(ModuleClassLoader.java:79)
	at org.jboss.modules.Module.loadModuleClass(Module.java:765)
	at org.jboss.modules.ModuleClassLoader.findClass(ModuleClassLoader.java:192)
	at org.jboss.modules.ConcurrentClassLoader.performLoadClassUnchecked(ConcurrentClassLoader.java:410)
	at org.jboss.modules.ConcurrentClassLoader.performLoadClass(ConcurrentClassLoader.java:398)
	at org.jboss.modules.ConcurrentClassLoader.loadClass(ConcurrentClassLoader.java:116)
	at java.base/java.lang.ClassLoader.defineClass1(Native Method)
	at java.base/java.lang.ClassLoader.defineClass(ClassLoader.java:1017)
	at java.base/java.lang.ClassLoader.defineClass(ClassLoader.java:1095)
	at org.jboss.modules.ModuleClassLoader.doDefineOrLoadClass(ModuleClassLoader.java:351)
	at org.jboss.modules.ModuleClassLoader.defineClass(ModuleClassLoader.java:482)
	at org.jboss.modules.ModuleClassLoader.loadClassLocal(ModuleClassLoader.java:276)
	at org.jboss.modules.ModuleClassLoader$1.loadClassLocal(ModuleClassLoader.java:79)
	at org.jboss.modules.Module.loadModuleClass(Module.java:765)
	at org.jboss.modules.ModuleClassLoader.findClass(ModuleClassLoader.java:192)
	at org.jboss.modules.ConcurrentClassLoader.performLoadClassUnchecked(ConcurrentClassLoader.java:410)
	at org.jboss.modules.ConcurrentClassLoader.performLoadClass(ConcurrentClassLoader.java:398)
	at org.jboss.modules.ConcurrentClassLoader.loadClass(ConcurrentClassLoader.java:116)
	at java.base/java.lang.ClassLoader.defineClass1(Native Method)
	at java.base/java.lang.ClassLoader.defineClass(ClassLoader.java:1017)
	at java.base/java.lang.ClassLoader.defineClass(ClassLoader.java:1095)
	at org.jboss.modules.ModuleClassLoader.doDefineOrLoadClass(ModuleClassLoader.java:351)
	at org.jboss.modules.ModuleClassLoader.defineClass(ModuleClassLoader.java:482)
	at org.jboss.modules.ModuleClassLoader.loadClassLocal(ModuleClassLoader.java:276)
	at org.jboss.modules.ModuleClassLoader$1.loadClassLocal(ModuleClassLoader.java:79)
	at org.jboss.modules.Module.loadModuleClass(Module.java:765)
	at org.jboss.modules.ModuleClassLoader.findClass(ModuleClassLoader.java:192)
	at org.jboss.modules.ConcurrentClassLoader.performLoadClassUnchecked(ConcurrentClassLoader.java:410)
	at org.jboss.modules.ConcurrentClassLoader.performLoadClass(ConcurrentClassLoader.java:398)
	at org.jboss.modules.ConcurrentClassLoader.loadClass(ConcurrentClassLoader.java:116)
	at java.base/java.lang.ClassLoader.defineClass1(Native Method)
	at java.base/java.lang.ClassLoader.defineClass(ClassLoader.java:1017)
	at java.base/java.lang.ClassLoader.defineClass(ClassLoader.java:1095)
	at org.jboss.modules.ModuleClassLoader.doDefineOrLoadClass(ModuleClassLoader.java:351)
	at org.jboss.modules.ModuleClassLoader.defineClass(ModuleClassLoader.java:482)
	at org.jboss.modules.ModuleClassLoader.loadClassLocal(ModuleClassLoader.java:276)
	at org.jboss.modules.ModuleClassLoader$1.loadClassLocal(ModuleClassLoader.java:79)
	at org.jboss.modules.Module.loadModuleClass(Module.java:765)
	at org.jboss.modules.ModuleClassLoader.findClass(ModuleClassLoader.java:192)
	at org.jboss.modules.ConcurrentClassLoader.performLoadClassUnchecked(ConcurrentClassLoader.java:410)
	at org.jboss.modules.ConcurrentClassLoader.performLoadClass(ConcurrentClassLoader.java:398)
	at org.jboss.modules.ConcurrentClassLoader.loadClass(ConcurrentClassLoader.java:116)
	at java.base/java.lang.Class.forName0(Native Method)
	at java.base/java.lang.Class.forName(Class.java:467)
	at org.jboss.as.ee@27.0.1.Final//org.jboss.as.ee.utils.ClassLoadingUtils.loadClass(ClassLoadingUtils.java:21)
	at org.jboss.as.ee@27.0.1.Final//org.jboss.as.ee.utils.ClassLoadingUtils.loadClass(ClassLoadingUtils.java:14)
	at org.jboss.as.ee@27.0.1.Final//org.jboss.as.ee.component.deployers.InterceptorAnnotationProcessor.processComponentConfig(InterceptorAnnotationProcessor.java:84)
	at org.jboss.as.ee@27.0.1.Final//org.jboss.as.ee.component.deployers.InterceptorAnnotationProcessor.deploy(InterceptorAnnotationProcessor.java:77)
	at org.jboss.as.server@19.0.1.Final//org.jboss.as.server.deployment.DeploymentUnitPhaseService.start(DeploymentUnitPhaseService.java:182)
	at org.jboss.msc@1.4.13.Final//org.jboss.msc.service.ServiceControllerImpl$StartTask.startService(ServiceControllerImpl.java:1739)
	at org.jboss.msc@1.4.13.Final//org.jboss.msc.service.ServiceControllerImpl$StartTask.execute(ServiceControllerImpl.java:1701)
	at org.jboss.msc@1.4.13.Final//org.jboss.msc.service.ServiceControllerImpl$ControllerTask.run(ServiceControllerImpl.java:1559)
	at org.jboss.threads@2.4.0.Final//org.jboss.threads.ContextClassLoaderSavingRunnable.run(ContextClassLoaderSavingRunnable.java:35)
	at org.jboss.threads@2.4.0.Final//org.jboss.threads.EnhancedQueueExecutor.safeRun(EnhancedQueueExecutor.java:1990)
	at org.jboss.threads@2.4.0.Final//org.jboss.threads.EnhancedQueueExecutor$ThreadBody.doRunTask(EnhancedQueueExecutor.java:1486)
	at org.jboss.threads@2.4.0.Final//org.jboss.threads.EnhancedQueueExecutor$ThreadBody.run(EnhancedQueueExecutor.java:1363)
	at java.base/java.lang.Thread.run(Thread.java:840)

[0m[0m11:35:08,607 INFO  [org.jboss.weld.deployer] (MSC service thread 1-5) WFLYWELD0003: Processing weld deployment qto.war
[0m[0m11:35:08,735 INFO  [org.hibernate.validator.internal.util.Version] (MSC service thread 1-5) HV000001: Hibernate Validator 8.0.0.Final
[0m[0m11:35:08,923 INFO  [org.infinispan.CONTAINER] (ServerService Thread Pool -- 80) ISPN000556: Starting user marshaller 'org.wildfly.clustering.infinispan.marshalling.jboss.JBossMarshaller'
[0m[33m11:35:08,958 WARN  [org.wildfly.extension.microprofile.opentracing] (MSC service thread 1-5) WFLYTRACEXT0012: No Jaeger endpoint or sender-binding configured. Installing a no-op sender
[0m[0m11:35:08,965 INFO  [io.jaegertracing.internal.JaegerTracer] (MSC service thread 1-5) No shutdown hook registered: Please call close() manually on application shutdown.
[0m[0m11:35:08,966 INFO  [org.wildfly.microprofile.opentracing.smallrye] (MSC service thread 1-5) WFLYTRAC0001: Tracer initialized: JaegerTracer(version=Java-1.6.0, serviceName=qto.war, reporter=RemoteReporter(sender=NoopSender(), closeEnqueueTimeout=1000), sampler=ConstSampler(decision=true, tags={sampler.type=const, sampler.param=true}), tags={hostname=Johnnys-MacBook-Pro.local, jaeger.version=Java-1.6.0, ip=127.0.0.1}, zipkinSharedRpcSpan=false, expandExceptionLogs=false, useTraceId128Bit=false)
[0m[33m11:35:08,968 WARN  [org.jboss.modules.define] (MSC service thread 1-6) Failed to define class org.apache.shiro.web.tags.SecureTag in Module "deployment.qto.war" from Service Module Loader: java.lang.NoClassDefFoundError: Failed to link org/apache/shiro/web/tags/SecureTag (Module "deployment.qto.war" from Service Module Loader): javax/servlet/jsp/tagext/TagSupport
	at java.base/java.lang.ClassLoader.defineClass1(Native Method)
	at java.base/java.lang.ClassLoader.defineClass(ClassLoader.java:1017)
	at java.base/java.lang.ClassLoader.defineClass(ClassLoader.java:1095)
	at org.jboss.modules.ModuleClassLoader.doDefineOrLoadClass(ModuleClassLoader.java:351)
	at org.jboss.modules.ModuleClassLoader.defineClass(ModuleClassLoader.java:482)
	at org.jboss.modules.ModuleClassLoader.loadClassLocal(ModuleClassLoader.java:276)
	at org.jboss.modules.ModuleClassLoader$1.loadClassLocal(ModuleClassLoader.java:79)
	at org.jboss.modules.Module.loadModuleClass(Module.java:765)
	at org.jboss.modules.ModuleClassLoader.findClass(ModuleClassLoader.java:192)
	at org.jboss.modules.ConcurrentClassLoader.performLoadClassUnchecked(ConcurrentClassLoader.java:410)
	at org.jboss.modules.ConcurrentClassLoader.performLoadClass(ConcurrentClassLoader.java:398)
	at org.jboss.modules.ConcurrentClassLoader.loadClass(ConcurrentClassLoader.java:116)
	at java.base/java.lang.ClassLoader.defineClass1(Native Method)
	at java.base/java.lang.ClassLoader.defineClass(ClassLoader.java:1017)
	at java.base/java.lang.ClassLoader.defineClass(ClassLoader.java:1095)
	at org.jboss.modules.ModuleClassLoader.doDefineOrLoadClass(ModuleClassLoader.java:351)
	at org.jboss.modules.ModuleClassLoader.defineClass(ModuleClassLoader.java:482)
	at org.jboss.modules.ModuleClassLoader.loadClassLocal(ModuleClassLoader.java:276)
	at org.jboss.modules.ModuleClassLoader$1.loadClassLocal(ModuleClassLoader.java:79)
	at org.jboss.modules.Module.loadModuleClass(Module.java:765)
	at org.jboss.modules.ModuleClassLoader.findClass(ModuleClassLoader.java:192)
	at org.jboss.modules.ConcurrentClassLoader.performLoadClassUnchecked(ConcurrentClassLoader.java:410)
	at org.jboss.modules.ConcurrentClassLoader.performLoadClass(ConcurrentClassLoader.java:398)
	at org.jboss.modules.ConcurrentClassLoader.loadClass(ConcurrentClassLoader.java:116)
	at java.base/java.lang.Class.forName0(Native Method)
	at java.base/java.lang.Class.forName(Class.java:467)
	at org.jboss.as.ee@27.0.1.Final//org.jboss.as.ee.utils.ClassLoadingUtils.loadClass(ClassLoadingUtils.java:21)
	at org.jboss.as.ee@27.0.1.Final//org.jboss.as.ee.component.deployers.EEModuleConfigurationProcessor.deploy(EEModuleConfigurationProcessor.java:80)
	at org.jboss.as.server@19.0.1.Final//org.jboss.as.server.deployment.DeploymentUnitPhaseService.start(DeploymentUnitPhaseService.java:182)
	at org.jboss.msc@1.4.13.Final//org.jboss.msc.service.ServiceControllerImpl$StartTask.startService(ServiceControllerImpl.java:1739)
	at org.jboss.msc@1.4.13.Final//org.jboss.msc.service.ServiceControllerImpl$StartTask.execute(ServiceControllerImpl.java:1701)
	at org.jboss.msc@1.4.13.Final//org.jboss.msc.service.ServiceControllerImpl$ControllerTask.run(ServiceControllerImpl.java:1559)
	at org.jboss.threads@2.4.0.Final//org.jboss.threads.ContextClassLoaderSavingRunnable.run(ContextClassLoaderSavingRunnable.java:35)
	at org.jboss.threads@2.4.0.Final//org.jboss.threads.EnhancedQueueExecutor.safeRun(EnhancedQueueExecutor.java:1990)
	at org.jboss.threads@2.4.0.Final//org.jboss.threads.EnhancedQueueExecutor$ThreadBody.doRunTask(EnhancedQueueExecutor.java:1486)
	at org.jboss.threads@2.4.0.Final//org.jboss.threads.EnhancedQueueExecutor$ThreadBody.run(EnhancedQueueExecutor.java:1377)
	at java.base/java.lang.Thread.run(Thread.java:840)

[0m[33m11:35:08,968 WARN  [org.jboss.modules.define] (MSC service thread 1-6) Failed to define class org.apache.shiro.web.tags.GuestTag in Module "deployment.qto.war" from Service Module Loader: java.lang.NoClassDefFoundError: Failed to link org/apache/shiro/web/tags/GuestTag (Module "deployment.qto.war" from Service Module Loader): Failed to link org/apache/shiro/web/tags/SecureTag (Module "deployment.qto.war" from Service Module Loader): javax/servlet/jsp/tagext/TagSupport
	at java.base/java.lang.ClassLoader.defineClass1(Native Method)
	at java.base/java.lang.ClassLoader.defineClass(ClassLoader.java:1017)
	at java.base/java.lang.ClassLoader.defineClass(ClassLoader.java:1095)
	at org.jboss.modules.ModuleClassLoader.doDefineOrLoadClass(ModuleClassLoader.java:351)
	at org.jboss.modules.ModuleClassLoader.defineClass(ModuleClassLoader.java:482)
	at org.jboss.modules.ModuleClassLoader.loadClassLocal(ModuleClassLoader.java:276)
	at org.jboss.modules.ModuleClassLoader$1.loadClassLocal(ModuleClassLoader.java:79)
	at org.jboss.modules.Module.loadModuleClass(Module.java:765)
	at org.jboss.modules.ModuleClassLoader.findClass(ModuleClassLoader.java:192)
	at org.jboss.modules.ConcurrentClassLoader.performLoadClassUnchecked(ConcurrentClassLoader.java:410)
	at org.jboss.modules.ConcurrentClassLoader.performLoadClass(ConcurrentClassLoader.java:398)
	at org.jboss.modules.ConcurrentClassLoader.loadClass(ConcurrentClassLoader.java:116)
	at java.base/java.lang.ClassLoader.defineClass1(Native Method)
	at java.base/java.lang.ClassLoader.defineClass(ClassLoader.java:1017)
	at java.base/java.lang.ClassLoader.defineClass(ClassLoader.java:1095)
	at org.jboss.modules.ModuleClassLoader.doDefineOrLoadClass(ModuleClassLoader.java:351)
	at org.jboss.modules.ModuleClassLoader.defineClass(ModuleClassLoader.java:482)
	at org.jboss.modules.ModuleClassLoader.loadClassLocal(ModuleClassLoader.java:276)
	at org.jboss.modules.ModuleClassLoader$1.loadClassLocal(ModuleClassLoader.java:79)
	at org.jboss.modules.Module.loadModuleClass(Module.java:765)
	at org.jboss.modules.ModuleClassLoader.findClass(ModuleClassLoader.java:192)
	at org.jboss.modules.ConcurrentClassLoader.performLoadClassUnchecked(ConcurrentClassLoader.java:410)
	at org.jboss.modules.ConcurrentClassLoader.performLoadClass(ConcurrentClassLoader.java:398)
	at org.jboss.modules.ConcurrentClassLoader.loadClass(ConcurrentClassLoader.java:116)
	at java.base/java.lang.Class.forName0(Native Method)
	at java.base/java.lang.Class.forName(Class.java:467)
	at org.jboss.as.ee@27.0.1.Final//org.jboss.as.ee.utils.ClassLoadingUtils.loadClass(ClassLoadingUtils.java:21)
	at org.jboss.as.ee@27.0.1.Final//org.jboss.as.ee.component.deployers.EEModuleConfigurationProcessor.deploy(EEModuleConfigurationProcessor.java:80)
	at org.jboss.as.server@19.0.1.Final//org.jboss.as.server.deployment.DeploymentUnitPhaseService.start(DeploymentUnitPhaseService.java:182)
	at org.jboss.msc@1.4.13.Final//org.jboss.msc.service.ServiceControllerImpl$StartTask.startService(ServiceControllerImpl.java:1739)
	at org.jboss.msc@1.4.13.Final//org.jboss.msc.service.ServiceControllerImpl$StartTask.execute(ServiceControllerImpl.java:1701)
	at org.jboss.msc@1.4.13.Final//org.jboss.msc.service.ServiceControllerImpl$ControllerTask.run(ServiceControllerImpl.java:1559)
	at org.jboss.threads@2.4.0.Final//org.jboss.threads.ContextClassLoaderSavingRunnable.run(ContextClassLoaderSavingRunnable.java:35)
	at org.jboss.threads@2.4.0.Final//org.jboss.threads.EnhancedQueueExecutor.safeRun(EnhancedQueueExecutor.java:1990)
	at org.jboss.threads@2.4.0.Final//org.jboss.threads.EnhancedQueueExecutor$ThreadBody.doRunTask(EnhancedQueueExecutor.java:1486)
	at org.jboss.threads@2.4.0.Final//org.jboss.threads.EnhancedQueueExecutor$ThreadBody.run(EnhancedQueueExecutor.java:1377)
	at java.base/java.lang.Thread.run(Thread.java:840)

[0m[33m11:35:08,968 WARN  [org.jboss.as.ee] (MSC service thread 1-6) WFLYEE0007: Not installing optional component org.apache.shiro.web.tags.GuestTag due to an exception (enable DEBUG log level to see the cause)
[0m[33m11:35:08,969 WARN  [org.jboss.modules.define] (MSC service thread 1-6) Failed to define class org.apache.shiro.web.tags.SecureTag in Module "deployment.qto.war" from Service Module Loader: java.lang.NoClassDefFoundError: Failed to link org/apache/shiro/web/tags/SecureTag (Module "deployment.qto.war" from Service Module Loader): javax/servlet/jsp/tagext/TagSupport
	at java.base/java.lang.ClassLoader.defineClass1(Native Method)
	at java.base/java.lang.ClassLoader.defineClass(ClassLoader.java:1017)
	at java.base/java.lang.ClassLoader.defineClass(ClassLoader.java:1095)
	at org.jboss.modules.ModuleClassLoader.doDefineOrLoadClass(ModuleClassLoader.java:351)
	at org.jboss.modules.ModuleClassLoader.defineClass(ModuleClassLoader.java:482)
	at org.jboss.modules.ModuleClassLoader.loadClassLocal(ModuleClassLoader.java:276)
	at org.jboss.modules.ModuleClassLoader$1.loadClassLocal(ModuleClassLoader.java:79)
	at org.jboss.modules.Module.loadModuleClass(Module.java:765)
	at org.jboss.modules.ModuleClassLoader.findClass(ModuleClassLoader.java:192)
	at org.jboss.modules.ConcurrentClassLoader.performLoadClassUnchecked(ConcurrentClassLoader.java:410)
	at org.jboss.modules.ConcurrentClassLoader.performLoadClass(ConcurrentClassLoader.java:398)
	at org.jboss.modules.ConcurrentClassLoader.loadClass(ConcurrentClassLoader.java:116)
	at java.base/java.lang.ClassLoader.defineClass1(Native Method)
	at java.base/java.lang.ClassLoader.defineClass(ClassLoader.java:1017)
	at java.base/java.lang.ClassLoader.defineClass(ClassLoader.java:1095)
	at org.jboss.modules.ModuleClassLoader.doDefineOrLoadClass(ModuleClassLoader.java:351)
	at org.jboss.modules.ModuleClassLoader.defineClass(ModuleClassLoader.java:482)
	at org.jboss.modules.ModuleClassLoader.loadClassLocal(ModuleClassLoader.java:276)
	at org.jboss.modules.ModuleClassLoader$1.loadClassLocal(ModuleClassLoader.java:79)
	at org.jboss.modules.Module.loadModuleClass(Module.java:765)
	at org.jboss.modules.ModuleClassLoader.findClass(ModuleClassLoader.java:192)
	at org.jboss.modules.ConcurrentClassLoader.performLoadClassUnchecked(ConcurrentClassLoader.java:410)
	at org.jboss.modules.ConcurrentClassLoader.performLoadClass(ConcurrentClassLoader.java:398)
	at org.jboss.modules.ConcurrentClassLoader.loadClass(ConcurrentClassLoader.java:116)
	at java.base/java.lang.Class.forName0(Native Method)
	at java.base/java.lang.Class.forName(Class.java:467)
	at org.jboss.as.ee@27.0.1.Final//org.jboss.as.ee.utils.ClassLoadingUtils.loadClass(ClassLoadingUtils.java:21)
	at org.jboss.as.ee@27.0.1.Final//org.jboss.as.ee.component.deployers.EEModuleConfigurationProcessor.deploy(EEModuleConfigurationProcessor.java:80)
	at org.jboss.as.server@19.0.1.Final//org.jboss.as.server.deployment.DeploymentUnitPhaseService.start(DeploymentUnitPhaseService.java:182)
	at org.jboss.msc@1.4.13.Final//org.jboss.msc.service.ServiceControllerImpl$StartTask.startService(ServiceControllerImpl.java:1739)
	at org.jboss.msc@1.4.13.Final//org.jboss.msc.service.ServiceControllerImpl$StartTask.execute(ServiceControllerImpl.java:1701)
	at org.jboss.msc@1.4.13.Final//org.jboss.msc.service.ServiceControllerImpl$ControllerTask.run(ServiceControllerImpl.java:1559)
	at org.jboss.threads@2.4.0.Final//org.jboss.threads.ContextClassLoaderSavingRunnable.run(ContextClassLoaderSavingRunnable.java:35)
	at org.jboss.threads@2.4.0.Final//org.jboss.threads.EnhancedQueueExecutor.safeRun(EnhancedQueueExecutor.java:1990)
	at org.jboss.threads@2.4.0.Final//org.jboss.threads.EnhancedQueueExecutor$ThreadBody.doRunTask(EnhancedQueueExecutor.java:1486)
	at org.jboss.threads@2.4.0.Final//org.jboss.threads.EnhancedQueueExecutor$ThreadBody.run(EnhancedQueueExecutor.java:1377)
	at java.base/java.lang.Thread.run(Thread.java:840)

[0m[33m11:35:08,969 WARN  [org.jboss.modules.define] (MSC service thread 1-6) Failed to define class org.apache.shiro.web.tags.AuthenticatedTag in Module "deployment.qto.war" from Service Module Loader: java.lang.NoClassDefFoundError: Failed to link org/apache/shiro/web/tags/AuthenticatedTag (Module "deployment.qto.war" from Service Module Loader): Failed to link org/apache/shiro/web/tags/SecureTag (Module "deployment.qto.war" from Service Module Loader): javax/servlet/jsp/tagext/TagSupport
	at java.base/java.lang.ClassLoader.defineClass1(Native Method)
	at java.base/java.lang.ClassLoader.defineClass(ClassLoader.java:1017)
	at java.base/java.lang.ClassLoader.defineClass(ClassLoader.java:1095)
	at org.jboss.modules.ModuleClassLoader.doDefineOrLoadClass(ModuleClassLoader.java:351)
	at org.jboss.modules.ModuleClassLoader.defineClass(ModuleClassLoader.java:482)
	at org.jboss.modules.ModuleClassLoader.loadClassLocal(ModuleClassLoader.java:276)
	at org.jboss.modules.ModuleClassLoader$1.loadClassLocal(ModuleClassLoader.java:79)
	at org.jboss.modules.Module.loadModuleClass(Module.java:765)
	at org.jboss.modules.ModuleClassLoader.findClass(ModuleClassLoader.java:192)
	at org.jboss.modules.ConcurrentClassLoader.performLoadClassUnchecked(ConcurrentClassLoader.java:410)
	at org.jboss.modules.ConcurrentClassLoader.performLoadClass(ConcurrentClassLoader.java:398)
	at org.jboss.modules.ConcurrentClassLoader.loadClass(ConcurrentClassLoader.java:116)
	at java.base/java.lang.ClassLoader.defineClass1(Native Method)
	at java.base/java.lang.ClassLoader.defineClass(ClassLoader.java:1017)
	at java.base/java.lang.ClassLoader.defineClass(ClassLoader.java:1095)
	at org.jboss.modules.ModuleClassLoader.doDefineOrLoadClass(ModuleClassLoader.java:351)
	at org.jboss.modules.ModuleClassLoader.defineClass(ModuleClassLoader.java:482)
	at org.jboss.modules.ModuleClassLoader.loadClassLocal(ModuleClassLoader.java:276)
	at org.jboss.modules.ModuleClassLoader$1.loadClassLocal(ModuleClassLoader.java:79)
	at org.jboss.modules.Module.loadModuleClass(Module.java:765)
	at org.jboss.modules.ModuleClassLoader.findClass(ModuleClassLoader.java:192)
	at org.jboss.modules.ConcurrentClassLoader.performLoadClassUnchecked(ConcurrentClassLoader.java:410)
	at org.jboss.modules.ConcurrentClassLoader.performLoadClass(ConcurrentClassLoader.java:398)
	at org.jboss.modules.ConcurrentClassLoader.loadClass(ConcurrentClassLoader.java:116)
	at java.base/java.lang.Class.forName0(Native Method)
	at java.base/java.lang.Class.forName(Class.java:467)
	at org.jboss.as.ee@27.0.1.Final//org.jboss.as.ee.utils.ClassLoadingUtils.loadClass(ClassLoadingUtils.java:21)
	at org.jboss.as.ee@27.0.1.Final//org.jboss.as.ee.component.deployers.EEModuleConfigurationProcessor.deploy(EEModuleConfigurationProcessor.java:80)
	at org.jboss.as.server@19.0.1.Final//org.jboss.as.server.deployment.DeploymentUnitPhaseService.start(DeploymentUnitPhaseService.java:182)
	at org.jboss.msc@1.4.13.Final//org.jboss.msc.service.ServiceControllerImpl$StartTask.startService(ServiceControllerImpl.java:1739)
	at org.jboss.msc@1.4.13.Final//org.jboss.msc.service.ServiceControllerImpl$StartTask.execute(ServiceControllerImpl.java:1701)
	at org.jboss.msc@1.4.13.Final//org.jboss.msc.service.ServiceControllerImpl$ControllerTask.run(ServiceControllerImpl.java:1559)
	at org.jboss.threads@2.4.0.Final//org.jboss.threads.ContextClassLoaderSavingRunnable.run(ContextClassLoaderSavingRunnable.java:35)
	at org.jboss.threads@2.4.0.Final//org.jboss.threads.EnhancedQueueExecutor.safeRun(EnhancedQueueExecutor.java:1990)
	at org.jboss.threads@2.4.0.Final//org.jboss.threads.EnhancedQueueExecutor$ThreadBody.doRunTask(EnhancedQueueExecutor.java:1486)
	at org.jboss.threads@2.4.0.Final//org.jboss.threads.EnhancedQueueExecutor$ThreadBody.run(EnhancedQueueExecutor.java:1377)
	at java.base/java.lang.Thread.run(Thread.java:840)

[0m[33m11:35:08,969 WARN  [org.jboss.as.ee] (MSC service thread 1-6) WFLYEE0007: Not installing optional component org.apache.shiro.web.tags.AuthenticatedTag due to an exception (enable DEBUG log level to see the cause)
[0m[33m11:35:08,970 WARN  [org.jboss.modules.define] (MSC service thread 1-6) Failed to define class org.apache.shiro.web.tags.SecureTag in Module "deployment.qto.war" from Service Module Loader: java.lang.NoClassDefFoundError: Failed to link org/apache/shiro/web/tags/SecureTag (Module "deployment.qto.war" from Service Module Loader): javax/servlet/jsp/tagext/TagSupport
	at java.base/java.lang.ClassLoader.defineClass1(Native Method)
	at java.base/java.lang.ClassLoader.defineClass(ClassLoader.java:1017)
	at java.base/java.lang.ClassLoader.defineClass(ClassLoader.java:1095)
	at org.jboss.modules.ModuleClassLoader.doDefineOrLoadClass(ModuleClassLoader.java:351)
	at org.jboss.modules.ModuleClassLoader.defineClass(ModuleClassLoader.java:482)
	at org.jboss.modules.ModuleClassLoader.loadClassLocal(ModuleClassLoader.java:276)
	at org.jboss.modules.ModuleClassLoader$1.loadClassLocal(ModuleClassLoader.java:79)
	at org.jboss.modules.Module.loadModuleClass(Module.java:765)
	at org.jboss.modules.ModuleClassLoader.findClass(ModuleClassLoader.java:192)
	at org.jboss.modules.ConcurrentClassLoader.performLoadClassUnchecked(ConcurrentClassLoader.java:410)
	at org.jboss.modules.ConcurrentClassLoader.performLoadClass(ConcurrentClassLoader.java:398)
	at org.jboss.modules.ConcurrentClassLoader.loadClass(ConcurrentClassLoader.java:116)
	at java.base/java.lang.ClassLoader.defineClass1(Native Method)
	at java.base/java.lang.ClassLoader.defineClass(ClassLoader.java:1017)
	at java.base/java.lang.ClassLoader.defineClass(ClassLoader.java:1095)
	at org.jboss.modules.ModuleClassLoader.doDefineOrLoadClass(ModuleClassLoader.java:351)
	at org.jboss.modules.ModuleClassLoader.defineClass(ModuleClassLoader.java:482)
	at org.jboss.modules.ModuleClassLoader.loadClassLocal(ModuleClassLoader.java:276)
	at org.jboss.modules.ModuleClassLoader$1.loadClassLocal(ModuleClassLoader.java:79)
	at org.jboss.modules.Module.loadModuleClass(Module.java:765)
	at org.jboss.modules.ModuleClassLoader.findClass(ModuleClassLoader.java:192)
	at org.jboss.modules.ConcurrentClassLoader.performLoadClassUnchecked(ConcurrentClassLoader.java:410)
	at org.jboss.modules.ConcurrentClassLoader.performLoadClass(ConcurrentClassLoader.java:398)
	at org.jboss.modules.ConcurrentClassLoader.loadClass(ConcurrentClassLoader.java:116)
	at java.base/java.lang.Class.forName0(Native Method)
	at java.base/java.lang.Class.forName(Class.java:467)
	at org.jboss.as.ee@27.0.1.Final//org.jboss.as.ee.utils.ClassLoadingUtils.loadClass(ClassLoadingUtils.java:21)
	at org.jboss.as.ee@27.0.1.Final//org.jboss.as.ee.component.deployers.EEModuleConfigurationProcessor.deploy(EEModuleConfigurationProcessor.java:80)
	at org.jboss.as.server@19.0.1.Final//org.jboss.as.server.deployment.DeploymentUnitPhaseService.start(DeploymentUnitPhaseService.java:182)
	at org.jboss.msc@1.4.13.Final//org.jboss.msc.service.ServiceControllerImpl$StartTask.startService(ServiceControllerImpl.java:1739)
	at org.jboss.msc@1.4.13.Final//org.jboss.msc.service.ServiceControllerImpl$StartTask.execute(ServiceControllerImpl.java:1701)
	at org.jboss.msc@1.4.13.Final//org.jboss.msc.service.ServiceControllerImpl$ControllerTask.run(ServiceControllerImpl.java:1559)
	at org.jboss.threads@2.4.0.Final//org.jboss.threads.ContextClassLoaderSavingRunnable.run(ContextClassLoaderSavingRunnable.java:35)
	at org.jboss.threads@2.4.0.Final//org.jboss.threads.EnhancedQueueExecutor.safeRun(EnhancedQueueExecutor.java:1990)
	at org.jboss.threads@2.4.0.Final//org.jboss.threads.EnhancedQueueExecutor$ThreadBody.doRunTask(EnhancedQueueExecutor.java:1486)
	at org.jboss.threads@2.4.0.Final//org.jboss.threads.EnhancedQueueExecutor$ThreadBody.run(EnhancedQueueExecutor.java:1377)
	at java.base/java.lang.Thread.run(Thread.java:840)

[0m[33m11:35:08,970 WARN  [org.jboss.modules.define] (MSC service thread 1-6) Failed to define class org.apache.shiro.web.tags.UserTag in Module "deployment.qto.war" from Service Module Loader: java.lang.NoClassDefFoundError: Failed to link org/apache/shiro/web/tags/UserTag (Module "deployment.qto.war" from Service Module Loader): Failed to link org/apache/shiro/web/tags/SecureTag (Module "deployment.qto.war" from Service Module Loader): javax/servlet/jsp/tagext/TagSupport
	at java.base/java.lang.ClassLoader.defineClass1(Native Method)
	at java.base/java.lang.ClassLoader.defineClass(ClassLoader.java:1017)
	at java.base/java.lang.ClassLoader.defineClass(ClassLoader.java:1095)
	at org.jboss.modules.ModuleClassLoader.doDefineOrLoadClass(ModuleClassLoader.java:351)
	at org.jboss.modules.ModuleClassLoader.defineClass(ModuleClassLoader.java:482)
	at org.jboss.modules.ModuleClassLoader.loadClassLocal(ModuleClassLoader.java:276)
	at org.jboss.modules.ModuleClassLoader$1.loadClassLocal(ModuleClassLoader.java:79)
	at org.jboss.modules.Module.loadModuleClass(Module.java:765)
	at org.jboss.modules.ModuleClassLoader.findClass(ModuleClassLoader.java:192)
	at org.jboss.modules.ConcurrentClassLoader.performLoadClassUnchecked(ConcurrentClassLoader.java:410)
	at org.jboss.modules.ConcurrentClassLoader.performLoadClass(ConcurrentClassLoader.java:398)
	at org.jboss.modules.ConcurrentClassLoader.loadClass(ConcurrentClassLoader.java:116)
	at java.base/java.lang.ClassLoader.defineClass1(Native Method)
	at java.base/java.lang.ClassLoader.defineClass(ClassLoader.java:1017)
	at java.base/java.lang.ClassLoader.defineClass(ClassLoader.java:1095)
	at org.jboss.modules.ModuleClassLoader.doDefineOrLoadClass(ModuleClassLoader.java:351)
	at org.jboss.modules.ModuleClassLoader.defineClass(ModuleClassLoader.java:482)
	at org.jboss.modules.ModuleClassLoader.loadClassLocal(ModuleClassLoader.java:276)
	at org.jboss.modules.ModuleClassLoader$1.loadClassLocal(ModuleClassLoader.java:79)
	at org.jboss.modules.Module.loadModuleClass(Module.java:765)
	at org.jboss.modules.ModuleClassLoader.findClass(ModuleClassLoader.java:192)
	at org.jboss.modules.ConcurrentClassLoader.performLoadClassUnchecked(ConcurrentClassLoader.java:410)
	at org.jboss.modules.ConcurrentClassLoader.performLoadClass(ConcurrentClassLoader.java:398)
	at org.jboss.modules.ConcurrentClassLoader.loadClass(ConcurrentClassLoader.java:116)
	at java.base/java.lang.Class.forName0(Native Method)
	at java.base/java.lang.Class.forName(Class.java:467)
	at org.jboss.as.ee@27.0.1.Final//org.jboss.as.ee.utils.ClassLoadingUtils.loadClass(ClassLoadingUtils.java:21)
	at org.jboss.as.ee@27.0.1.Final//org.jboss.as.ee.component.deployers.EEModuleConfigurationProcessor.deploy(EEModuleConfigurationProcessor.java:80)
	at org.jboss.as.server@19.0.1.Final//org.jboss.as.server.deployment.DeploymentUnitPhaseService.start(DeploymentUnitPhaseService.java:182)
	at org.jboss.msc@1.4.13.Final//org.jboss.msc.service.ServiceControllerImpl$StartTask.startService(ServiceControllerImpl.java:1739)
	at org.jboss.msc@1.4.13.Final//org.jboss.msc.service.ServiceControllerImpl$StartTask.execute(ServiceControllerImpl.java:1701)
	at org.jboss.msc@1.4.13.Final//org.jboss.msc.service.ServiceControllerImpl$ControllerTask.run(ServiceControllerImpl.java:1559)
	at org.jboss.threads@2.4.0.Final//org.jboss.threads.ContextClassLoaderSavingRunnable.run(ContextClassLoaderSavingRunnable.java:35)
	at org.jboss.threads@2.4.0.Final//org.jboss.threads.EnhancedQueueExecutor.safeRun(EnhancedQueueExecutor.java:1990)
	at org.jboss.threads@2.4.0.Final//org.jboss.threads.EnhancedQueueExecutor$ThreadBody.doRunTask(EnhancedQueueExecutor.java:1486)
	at org.jboss.threads@2.4.0.Final//org.jboss.threads.EnhancedQueueExecutor$ThreadBody.run(EnhancedQueueExecutor.java:1377)
	at java.base/java.lang.Thread.run(Thread.java:840)

[0m[33m11:35:08,970 WARN  [org.jboss.as.ee] (MSC service thread 1-6) WFLYEE0007: Not installing optional component org.apache.shiro.web.tags.UserTag due to an exception (enable DEBUG log level to see the cause)
[0m[33m11:35:08,984 WARN  [org.jboss.modules.define] (MSC service thread 1-6) Failed to define class org.apache.shiro.web.tags.SecureTag in Module "deployment.qto.war" from Service Module Loader: java.lang.NoClassDefFoundError: Failed to link org/apache/shiro/web/tags/SecureTag (Module "deployment.qto.war" from Service Module Loader): javax/servlet/jsp/tagext/TagSupport
	at java.base/java.lang.ClassLoader.defineClass1(Native Method)
	at java.base/java.lang.ClassLoader.defineClass(ClassLoader.java:1017)
	at java.base/java.lang.ClassLoader.defineClass(ClassLoader.java:1095)
	at org.jboss.modules.ModuleClassLoader.doDefineOrLoadClass(ModuleClassLoader.java:351)
	at org.jboss.modules.ModuleClassLoader.defineClass(ModuleClassLoader.java:482)
	at org.jboss.modules.ModuleClassLoader.loadClassLocal(ModuleClassLoader.java:276)
	at org.jboss.modules.ModuleClassLoader$1.loadClassLocal(ModuleClassLoader.java:79)
	at org.jboss.modules.Module.loadModuleClass(Module.java:765)
	at org.jboss.modules.ModuleClassLoader.findClass(ModuleClassLoader.java:192)
	at org.jboss.modules.ConcurrentClassLoader.performLoadClassUnchecked(ConcurrentClassLoader.java:410)
	at org.jboss.modules.ConcurrentClassLoader.performLoadClass(ConcurrentClassLoader.java:398)
	at org.jboss.modules.ConcurrentClassLoader.loadClass(ConcurrentClassLoader.java:116)
	at java.base/java.lang.ClassLoader.defineClass1(Native Method)
	at java.base/java.lang.ClassLoader.defineClass(ClassLoader.java:1017)
	at java.base/java.lang.ClassLoader.defineClass(ClassLoader.java:1095)
	at org.jboss.modules.ModuleClassLoader.doDefineOrLoadClass(ModuleClassLoader.java:351)
	at org.jboss.modules.ModuleClassLoader.defineClass(ModuleClassLoader.java:482)
	at org.jboss.modules.ModuleClassLoader.loadClassLocal(ModuleClassLoader.java:276)
	at org.jboss.modules.ModuleClassLoader$1.loadClassLocal(ModuleClassLoader.java:79)
	at org.jboss.modules.Module.loadModuleClass(Module.java:765)
	at org.jboss.modules.ModuleClassLoader.findClass(ModuleClassLoader.java:192)
	at org.jboss.modules.ConcurrentClassLoader.performLoadClassUnchecked(ConcurrentClassLoader.java:410)
	at org.jboss.modules.ConcurrentClassLoader.performLoadClass(ConcurrentClassLoader.java:398)
	at org.jboss.modules.ConcurrentClassLoader.loadClass(ConcurrentClassLoader.java:116)
	at java.base/java.lang.ClassLoader.defineClass1(Native Method)
	at java.base/java.lang.ClassLoader.defineClass(ClassLoader.java:1017)
	at java.base/java.lang.ClassLoader.defineClass(ClassLoader.java:1095)
	at org.jboss.modules.ModuleClassLoader.doDefineOrLoadClass(ModuleClassLoader.java:351)
	at org.jboss.modules.ModuleClassLoader.defineClass(ModuleClassLoader.java:482)
	at org.jboss.modules.ModuleClassLoader.loadClassLocal(ModuleClassLoader.java:276)
	at org.jboss.modules.ModuleClassLoader$1.loadClassLocal(ModuleClassLoader.java:79)
	at org.jboss.modules.Module.loadModuleClass(Module.java:765)
	at org.jboss.modules.ModuleClassLoader.findClass(ModuleClassLoader.java:192)
	at org.jboss.modules.ConcurrentClassLoader.performLoadClassUnchecked(ConcurrentClassLoader.java:410)
	at org.jboss.modules.ConcurrentClassLoader.performLoadClass(ConcurrentClassLoader.java:398)
	at org.jboss.modules.ConcurrentClassLoader.loadClass(ConcurrentClassLoader.java:116)
	at java.base/java.lang.Class.forName0(Native Method)
	at java.base/java.lang.Class.forName(Class.java:467)
	at org.jboss.as.ee@27.0.1.Final//org.jboss.as.ee.utils.ClassLoadingUtils.loadClass(ClassLoadingUtils.java:21)
	at org.jboss.as.ee@27.0.1.Final//org.jboss.as.ee.component.deployers.EEModuleConfigurationProcessor.deploy(EEModuleConfigurationProcessor.java:80)
	at org.jboss.as.server@19.0.1.Final//org.jboss.as.server.deployment.DeploymentUnitPhaseService.start(DeploymentUnitPhaseService.java:182)
	at org.jboss.msc@1.4.13.Final//org.jboss.msc.service.ServiceControllerImpl$StartTask.startService(ServiceControllerImpl.java:1739)
	at org.jboss.msc@1.4.13.Final//org.jboss.msc.service.ServiceControllerImpl$StartTask.execute(ServiceControllerImpl.java:1701)
	at org.jboss.msc@1.4.13.Final//org.jboss.msc.service.ServiceControllerImpl$ControllerTask.run(ServiceControllerImpl.java:1559)
	at org.jboss.threads@2.4.0.Final//org.jboss.threads.ContextClassLoaderSavingRunnable.run(ContextClassLoaderSavingRunnable.java:35)
	at org.jboss.threads@2.4.0.Final//org.jboss.threads.EnhancedQueueExecutor.safeRun(EnhancedQueueExecutor.java:1990)
	at org.jboss.threads@2.4.0.Final//org.jboss.threads.EnhancedQueueExecutor$ThreadBody.doRunTask(EnhancedQueueExecutor.java:1486)
	at org.jboss.threads@2.4.0.Final//org.jboss.threads.EnhancedQueueExecutor$ThreadBody.run(EnhancedQueueExecutor.java:1377)
	at java.base/java.lang.Thread.run(Thread.java:840)

[0m[33m11:35:08,984 WARN  [org.jboss.modules.define] (MSC service thread 1-6) Failed to define class org.apache.shiro.web.tags.RoleTag in Module "deployment.qto.war" from Service Module Loader: java.lang.NoClassDefFoundError: Failed to link org/apache/shiro/web/tags/RoleTag (Module "deployment.qto.war" from Service Module Loader): Failed to link org/apache/shiro/web/tags/SecureTag (Module "deployment.qto.war" from Service Module Loader): javax/servlet/jsp/tagext/TagSupport
	at java.base/java.lang.ClassLoader.defineClass1(Native Method)
	at java.base/java.lang.ClassLoader.defineClass(ClassLoader.java:1017)
	at java.base/java.lang.ClassLoader.defineClass(ClassLoader.java:1095)
	at org.jboss.modules.ModuleClassLoader.doDefineOrLoadClass(ModuleClassLoader.java:351)
	at org.jboss.modules.ModuleClassLoader.defineClass(ModuleClassLoader.java:482)
	at org.jboss.modules.ModuleClassLoader.loadClassLocal(ModuleClassLoader.java:276)
	at org.jboss.modules.ModuleClassLoader$1.loadClassLocal(ModuleClassLoader.java:79)
	at org.jboss.modules.Module.loadModuleClass(Module.java:765)
	at org.jboss.modules.ModuleClassLoader.findClass(ModuleClassLoader.java:192)
	at org.jboss.modules.ConcurrentClassLoader.performLoadClassUnchecked(ConcurrentClassLoader.java:410)
	at org.jboss.modules.ConcurrentClassLoader.performLoadClass(ConcurrentClassLoader.java:398)
	at org.jboss.modules.ConcurrentClassLoader.loadClass(ConcurrentClassLoader.java:116)
	at java.base/java.lang.ClassLoader.defineClass1(Native Method)
	at java.base/java.lang.ClassLoader.defineClass(ClassLoader.java:1017)
	at java.base/java.lang.ClassLoader.defineClass(ClassLoader.java:1095)
	at org.jboss.modules.ModuleClassLoader.doDefineOrLoadClass(ModuleClassLoader.java:351)
	at org.jboss.modules.ModuleClassLoader.defineClass(ModuleClassLoader.java:482)
	at org.jboss.modules.ModuleClassLoader.loadClassLocal(ModuleClassLoader.java:276)
	at org.jboss.modules.ModuleClassLoader$1.loadClassLocal(ModuleClassLoader.java:79)
	at org.jboss.modules.Module.loadModuleClass(Module.java:765)
	at org.jboss.modules.ModuleClassLoader.findClass(ModuleClassLoader.java:192)
	at org.jboss.modules.ConcurrentClassLoader.performLoadClassUnchecked(ConcurrentClassLoader.java:410)
	at org.jboss.modules.ConcurrentClassLoader.performLoadClass(ConcurrentClassLoader.java:398)
	at org.jboss.modules.ConcurrentClassLoader.loadClass(ConcurrentClassLoader.java:116)
	at java.base/java.lang.ClassLoader.defineClass1(Native Method)
	at java.base/java.lang.ClassLoader.defineClass(ClassLoader.java:1017)
	at java.base/java.lang.ClassLoader.defineClass(ClassLoader.java:1095)
	at org.jboss.modules.ModuleClassLoader.doDefineOrLoadClass(ModuleClassLoader.java:351)
	at org.jboss.modules.ModuleClassLoader.defineClass(ModuleClassLoader.java:482)
	at org.jboss.modules.ModuleClassLoader.loadClassLocal(ModuleClassLoader.java:276)
	at org.jboss.modules.ModuleClassLoader$1.loadClassLocal(ModuleClassLoader.java:79)
	at org.jboss.modules.Module.loadModuleClass(Module.java:765)
	at org.jboss.modules.ModuleClassLoader.findClass(ModuleClassLoader.java:192)
	at org.jboss.modules.ConcurrentClassLoader.performLoadClassUnchecked(ConcurrentClassLoader.java:410)
	at org.jboss.modules.ConcurrentClassLoader.performLoadClass(ConcurrentClassLoader.java:398)
	at org.jboss.modules.ConcurrentClassLoader.loadClass(ConcurrentClassLoader.java:116)
	at java.base/java.lang.Class.forName0(Native Method)
	at java.base/java.lang.Class.forName(Class.java:467)
	at org.jboss.as.ee@27.0.1.Final//org.jboss.as.ee.utils.ClassLoadingUtils.loadClass(ClassLoadingUtils.java:21)
	at org.jboss.as.ee@27.0.1.Final//org.jboss.as.ee.component.deployers.EEModuleConfigurationProcessor.deploy(EEModuleConfigurationProcessor.java:80)
	at org.jboss.as.server@19.0.1.Final//org.jboss.as.server.deployment.DeploymentUnitPhaseService.start(DeploymentUnitPhaseService.java:182)
	at org.jboss.msc@1.4.13.Final//org.jboss.msc.service.ServiceControllerImpl$StartTask.startService(ServiceControllerImpl.java:1739)
	at org.jboss.msc@1.4.13.Final//org.jboss.msc.service.ServiceControllerImpl$StartTask.execute(ServiceControllerImpl.java:1701)
	at org.jboss.msc@1.4.13.Final//org.jboss.msc.service.ServiceControllerImpl$ControllerTask.run(ServiceControllerImpl.java:1559)
	at org.jboss.threads@2.4.0.Final//org.jboss.threads.ContextClassLoaderSavingRunnable.run(ContextClassLoaderSavingRunnable.java:35)
	at org.jboss.threads@2.4.0.Final//org.jboss.threads.EnhancedQueueExecutor.safeRun(EnhancedQueueExecutor.java:1990)
	at org.jboss.threads@2.4.0.Final//org.jboss.threads.EnhancedQueueExecutor$ThreadBody.doRunTask(EnhancedQueueExecutor.java:1486)
	at org.jboss.threads@2.4.0.Final//org.jboss.threads.EnhancedQueueExecutor$ThreadBody.run(EnhancedQueueExecutor.java:1377)
	at java.base/java.lang.Thread.run(Thread.java:840)

[0m[33m11:35:08,984 WARN  [org.jboss.modules.define] (MSC service thread 1-6) Failed to define class org.apache.shiro.web.tags.HasAnyRolesTag in Module "deployment.qto.war" from Service Module Loader: java.lang.NoClassDefFoundError: Failed to link org/apache/shiro/web/tags/HasAnyRolesTag (Module "deployment.qto.war" from Service Module Loader): Failed to link org/apache/shiro/web/tags/RoleTag (Module "deployment.qto.war" from Service Module Loader): Failed to link org/apache/shiro/web/tags/SecureTag (Module "deployment.qto.war" from Service Module Loader): javax/servlet/jsp/tagext/TagSupport
	at java.base/java.lang.ClassLoader.defineClass1(Native Method)
	at java.base/java.lang.ClassLoader.defineClass(ClassLoader.java:1017)
	at java.base/java.lang.ClassLoader.defineClass(ClassLoader.java:1095)
	at org.jboss.modules.ModuleClassLoader.doDefineOrLoadClass(ModuleClassLoader.java:351)
	at org.jboss.modules.ModuleClassLoader.defineClass(ModuleClassLoader.java:482)
	at org.jboss.modules.ModuleClassLoader.loadClassLocal(ModuleClassLoader.java:276)
	at org.jboss.modules.ModuleClassLoader$1.loadClassLocal(ModuleClassLoader.java:79)
	at org.jboss.modules.Module.loadModuleClass(Module.java:765)
	at org.jboss.modules.ModuleClassLoader.findClass(ModuleClassLoader.java:192)
	at org.jboss.modules.ConcurrentClassLoader.performLoadClassUnchecked(ConcurrentClassLoader.java:410)
	at org.jboss.modules.ConcurrentClassLoader.performLoadClass(ConcurrentClassLoader.java:398)
	at org.jboss.modules.ConcurrentClassLoader.loadClass(ConcurrentClassLoader.java:116)
	at java.base/java.lang.ClassLoader.defineClass1(Native Method)
	at java.base/java.lang.ClassLoader.defineClass(ClassLoader.java:1017)
	at java.base/java.lang.ClassLoader.defineClass(ClassLoader.java:1095)
	at org.jboss.modules.ModuleClassLoader.doDefineOrLoadClass(ModuleClassLoader.java:351)
	at org.jboss.modules.ModuleClassLoader.defineClass(ModuleClassLoader.java:482)
	at org.jboss.modules.ModuleClassLoader.loadClassLocal(ModuleClassLoader.java:276)
	at org.jboss.modules.ModuleClassLoader$1.loadClassLocal(ModuleClassLoader.java:79)
	at org.jboss.modules.Module.loadModuleClass(Module.java:765)
	at org.jboss.modules.ModuleClassLoader.findClass(ModuleClassLoader.java:192)
	at org.jboss.modules.ConcurrentClassLoader.performLoadClassUnchecked(ConcurrentClassLoader.java:410)
	at org.jboss.modules.ConcurrentClassLoader.performLoadClass(ConcurrentClassLoader.java:398)
	at org.jboss.modules.ConcurrentClassLoader.loadClass(ConcurrentClassLoader.java:116)
	at java.base/java.lang.ClassLoader.defineClass1(Native Method)
	at java.base/java.lang.ClassLoader.defineClass(ClassLoader.java:1017)
	at java.base/java.lang.ClassLoader.defineClass(ClassLoader.java:1095)
	at org.jboss.modules.ModuleClassLoader.doDefineOrLoadClass(ModuleClassLoader.java:351)
	at org.jboss.modules.ModuleClassLoader.defineClass(ModuleClassLoader.java:482)
	at org.jboss.modules.ModuleClassLoader.loadClassLocal(ModuleClassLoader.java:276)
	at org.jboss.modules.ModuleClassLoader$1.loadClassLocal(ModuleClassLoader.java:79)
	at org.jboss.modules.Module.loadModuleClass(Module.java:765)
	at org.jboss.modules.ModuleClassLoader.findClass(ModuleClassLoader.java:192)
	at org.jboss.modules.ConcurrentClassLoader.performLoadClassUnchecked(ConcurrentClassLoader.java:410)
	at org.jboss.modules.ConcurrentClassLoader.performLoadClass(ConcurrentClassLoader.java:398)
	at org.jboss.modules.ConcurrentClassLoader.loadClass(ConcurrentClassLoader.java:116)
	at java.base/java.lang.Class.forName0(Native Method)
	at java.base/java.lang.Class.forName(Class.java:467)
	at org.jboss.as.ee@27.0.1.Final//org.jboss.as.ee.utils.ClassLoadingUtils.loadClass(ClassLoadingUtils.java:21)
	at org.jboss.as.ee@27.0.1.Final//org.jboss.as.ee.component.deployers.EEModuleConfigurationProcessor.deploy(EEModuleConfigurationProcessor.java:80)
	at org.jboss.as.server@19.0.1.Final//org.jboss.as.server.deployment.DeploymentUnitPhaseService.start(DeploymentUnitPhaseService.java:182)
	at org.jboss.msc@1.4.13.Final//org.jboss.msc.service.ServiceControllerImpl$StartTask.startService(ServiceControllerImpl.java:1739)
	at org.jboss.msc@1.4.13.Final//org.jboss.msc.service.ServiceControllerImpl$StartTask.execute(ServiceControllerImpl.java:1701)
	at org.jboss.msc@1.4.13.Final//org.jboss.msc.service.ServiceControllerImpl$ControllerTask.run(ServiceControllerImpl.java:1559)
	at org.jboss.threads@2.4.0.Final//org.jboss.threads.ContextClassLoaderSavingRunnable.run(ContextClassLoaderSavingRunnable.java:35)
	at org.jboss.threads@2.4.0.Final//org.jboss.threads.EnhancedQueueExecutor.safeRun(EnhancedQueueExecutor.java:1990)
	at org.jboss.threads@2.4.0.Final//org.jboss.threads.EnhancedQueueExecutor$ThreadBody.doRunTask(EnhancedQueueExecutor.java:1486)
	at org.jboss.threads@2.4.0.Final//org.jboss.threads.EnhancedQueueExecutor$ThreadBody.run(EnhancedQueueExecutor.java:1377)
	at java.base/java.lang.Thread.run(Thread.java:840)

[0m[33m11:35:08,984 WARN  [org.jboss.as.ee] (MSC service thread 1-6) WFLYEE0007: Not installing optional component org.apache.shiro.web.tags.HasAnyRolesTag due to an exception (enable DEBUG log level to see the cause)
[0m[33m11:35:08,985 WARN  [org.jboss.modules.define] (MSC service thread 1-6) Failed to define class org.apache.shiro.web.tags.SecureTag in Module "deployment.qto.war" from Service Module Loader: java.lang.NoClassDefFoundError: Failed to link org/apache/shiro/web/tags/SecureTag (Module "deployment.qto.war" from Service Module Loader): javax/servlet/jsp/tagext/TagSupport
	at java.base/java.lang.ClassLoader.defineClass1(Native Method)
	at java.base/java.lang.ClassLoader.defineClass(ClassLoader.java:1017)
	at java.base/java.lang.ClassLoader.defineClass(ClassLoader.java:1095)
	at org.jboss.modules.ModuleClassLoader.doDefineOrLoadClass(ModuleClassLoader.java:351)
	at org.jboss.modules.ModuleClassLoader.defineClass(ModuleClassLoader.java:482)
	at org.jboss.modules.ModuleClassLoader.loadClassLocal(ModuleClassLoader.java:276)
	at org.jboss.modules.ModuleClassLoader$1.loadClassLocal(ModuleClassLoader.java:79)
	at org.jboss.modules.Module.loadModuleClass(Module.java:765)
	at org.jboss.modules.ModuleClassLoader.findClass(ModuleClassLoader.java:192)
	at org.jboss.modules.ConcurrentClassLoader.performLoadClassUnchecked(ConcurrentClassLoader.java:410)
	at org.jboss.modules.ConcurrentClassLoader.performLoadClass(ConcurrentClassLoader.java:398)
	at org.jboss.modules.ConcurrentClassLoader.loadClass(ConcurrentClassLoader.java:116)
	at java.base/java.lang.ClassLoader.defineClass1(Native Method)
	at java.base/java.lang.ClassLoader.defineClass(ClassLoader.java:1017)
	at java.base/java.lang.ClassLoader.defineClass(ClassLoader.java:1095)
	at org.jboss.modules.ModuleClassLoader.doDefineOrLoadClass(ModuleClassLoader.java:351)
	at org.jboss.modules.ModuleClassLoader.defineClass(ModuleClassLoader.java:482)
	at org.jboss.modules.ModuleClassLoader.loadClassLocal(ModuleClassLoader.java:276)
	at org.jboss.modules.ModuleClassLoader$1.loadClassLocal(ModuleClassLoader.java:79)
	at org.jboss.modules.Module.loadModuleClass(Module.java:765)
	at org.jboss.modules.ModuleClassLoader.findClass(ModuleClassLoader.java:192)
	at org.jboss.modules.ConcurrentClassLoader.performLoadClassUnchecked(ConcurrentClassLoader.java:410)
	at org.jboss.modules.ConcurrentClassLoader.performLoadClass(ConcurrentClassLoader.java:398)
	at org.jboss.modules.ConcurrentClassLoader.loadClass(ConcurrentClassLoader.java:116)
	at java.base/java.lang.ClassLoader.defineClass1(Native Method)
	at java.base/java.lang.ClassLoader.defineClass(ClassLoader.java:1017)
	at java.base/java.lang.ClassLoader.defineClass(ClassLoader.java:1095)
	at org.jboss.modules.ModuleClassLoader.doDefineOrLoadClass(ModuleClassLoader.java:351)
	at org.jboss.modules.ModuleClassLoader.defineClass(ModuleClassLoader.java:482)
	at org.jboss.modules.ModuleClassLoader.loadClassLocal(ModuleClassLoader.java:276)
	at org.jboss.modules.ModuleClassLoader$1.loadClassLocal(ModuleClassLoader.java:79)
	at org.jboss.modules.Module.loadModuleClass(Module.java:765)
	at org.jboss.modules.ModuleClassLoader.findClass(ModuleClassLoader.java:192)
	at org.jboss.modules.ConcurrentClassLoader.performLoadClassUnchecked(ConcurrentClassLoader.java:410)
	at org.jboss.modules.ConcurrentClassLoader.performLoadClass(ConcurrentClassLoader.java:398)
	at org.jboss.modules.ConcurrentClassLoader.loadClass(ConcurrentClassLoader.java:116)
	at java.base/java.lang.Class.forName0(Native Method)
	at java.base/java.lang.Class.forName(Class.java:467)
	at org.jboss.as.ee@27.0.1.Final//org.jboss.as.ee.utils.ClassLoadingUtils.loadClass(ClassLoadingUtils.java:21)
	at org.jboss.as.ee@27.0.1.Final//org.jboss.as.ee.component.deployers.EEModuleConfigurationProcessor.deploy(EEModuleConfigurationProcessor.java:80)
	at org.jboss.as.server@19.0.1.Final//org.jboss.as.server.deployment.DeploymentUnitPhaseService.start(DeploymentUnitPhaseService.java:182)
	at org.jboss.msc@1.4.13.Final//org.jboss.msc.service.ServiceControllerImpl$StartTask.startService(ServiceControllerImpl.java:1739)
	at org.jboss.msc@1.4.13.Final//org.jboss.msc.service.ServiceControllerImpl$StartTask.execute(ServiceControllerImpl.java:1701)
	at org.jboss.msc@1.4.13.Final//org.jboss.msc.service.ServiceControllerImpl$ControllerTask.run(ServiceControllerImpl.java:1559)
	at org.jboss.threads@2.4.0.Final//org.jboss.threads.ContextClassLoaderSavingRunnable.run(ContextClassLoaderSavingRunnable.java:35)
	at org.jboss.threads@2.4.0.Final//org.jboss.threads.EnhancedQueueExecutor.safeRun(EnhancedQueueExecutor.java:1990)
	at org.jboss.threads@2.4.0.Final//org.jboss.threads.EnhancedQueueExecutor$ThreadBody.doRunTask(EnhancedQueueExecutor.java:1486)
	at org.jboss.threads@2.4.0.Final//org.jboss.threads.EnhancedQueueExecutor$ThreadBody.run(EnhancedQueueExecutor.java:1377)
	at java.base/java.lang.Thread.run(Thread.java:840)

[0m[33m11:35:08,985 WARN  [org.jboss.modules.define] (MSC service thread 1-6) Failed to define class org.apache.shiro.web.tags.RoleTag in Module "deployment.qto.war" from Service Module Loader: java.lang.NoClassDefFoundError: Failed to link org/apache/shiro/web/tags/RoleTag (Module "deployment.qto.war" from Service Module Loader): Failed to link org/apache/shiro/web/tags/SecureTag (Module "deployment.qto.war" from Service Module Loader): javax/servlet/jsp/tagext/TagSupport
	at java.base/java.lang.ClassLoader.defineClass1(Native Method)
	at java.base/java.lang.ClassLoader.defineClass(ClassLoader.java:1017)
	at java.base/java.lang.ClassLoader.defineClass(ClassLoader.java:1095)
	at org.jboss.modules.ModuleClassLoader.doDefineOrLoadClass(ModuleClassLoader.java:351)
	at org.jboss.modules.ModuleClassLoader.defineClass(ModuleClassLoader.java:482)
	at org.jboss.modules.ModuleClassLoader.loadClassLocal(ModuleClassLoader.java:276)
	at org.jboss.modules.ModuleClassLoader$1.loadClassLocal(ModuleClassLoader.java:79)
	at org.jboss.modules.Module.loadModuleClass(Module.java:765)
	at org.jboss.modules.ModuleClassLoader.findClass(ModuleClassLoader.java:192)
	at org.jboss.modules.ConcurrentClassLoader.performLoadClassUnchecked(ConcurrentClassLoader.java:410)
	at org.jboss.modules.ConcurrentClassLoader.performLoadClass(ConcurrentClassLoader.java:398)
	at org.jboss.modules.ConcurrentClassLoader.loadClass(ConcurrentClassLoader.java:116)
	at java.base/java.lang.ClassLoader.defineClass1(Native Method)
	at java.base/java.lang.ClassLoader.defineClass(ClassLoader.java:1017)
	at java.base/java.lang.ClassLoader.defineClass(ClassLoader.java:1095)
	at org.jboss.modules.ModuleClassLoader.doDefineOrLoadClass(ModuleClassLoader.java:351)
	at org.jboss.modules.ModuleClassLoader.defineClass(ModuleClassLoader.java:482)
	at org.jboss.modules.ModuleClassLoader.loadClassLocal(ModuleClassLoader.java:276)
	at org.jboss.modules.ModuleClassLoader$1.loadClassLocal(ModuleClassLoader.java:79)
	at org.jboss.modules.Module.loadModuleClass(Module.java:765)
	at org.jboss.modules.ModuleClassLoader.findClass(ModuleClassLoader.java:192)
	at org.jboss.modules.ConcurrentClassLoader.performLoadClassUnchecked(ConcurrentClassLoader.java:410)
	at org.jboss.modules.ConcurrentClassLoader.performLoadClass(ConcurrentClassLoader.java:398)
	at org.jboss.modules.ConcurrentClassLoader.loadClass(ConcurrentClassLoader.java:116)
	at java.base/java.lang.ClassLoader.defineClass1(Native Method)
	at java.base/java.lang.ClassLoader.defineClass(ClassLoader.java:1017)
	at java.base/java.lang.ClassLoader.defineClass(ClassLoader.java:1095)
	at org.jboss.modules.ModuleClassLoader.doDefineOrLoadClass(ModuleClassLoader.java:351)
	at org.jboss.modules.ModuleClassLoader.defineClass(ModuleClassLoader.java:482)
	at org.jboss.modules.ModuleClassLoader.loadClassLocal(ModuleClassLoader.java:276)
	at org.jboss.modules.ModuleClassLoader$1.loadClassLocal(ModuleClassLoader.java:79)
	at org.jboss.modules.Module.loadModuleClass(Module.java:765)
	at org.jboss.modules.ModuleClassLoader.findClass(ModuleClassLoader.java:192)
	at org.jboss.modules.ConcurrentClassLoader.performLoadClassUnchecked(ConcurrentClassLoader.java:410)
	at org.jboss.modules.ConcurrentClassLoader.performLoadClass(ConcurrentClassLoader.java:398)
	at org.jboss.modules.ConcurrentClassLoader.loadClass(ConcurrentClassLoader.java:116)
	at java.base/java.lang.Class.forName0(Native Method)
	at java.base/java.lang.Class.forName(Class.java:467)
	at org.jboss.as.ee@27.0.1.Final//org.jboss.as.ee.utils.ClassLoadingUtils.loadClass(ClassLoadingUtils.java:21)
	at org.jboss.as.ee@27.0.1.Final//org.jboss.as.ee.component.deployers.EEModuleConfigurationProcessor.deploy(EEModuleConfigurationProcessor.java:80)
	at org.jboss.as.server@19.0.1.Final//org.jboss.as.server.deployment.DeploymentUnitPhaseService.start(DeploymentUnitPhaseService.java:182)
	at org.jboss.msc@1.4.13.Final//org.jboss.msc.service.ServiceControllerImpl$StartTask.startService(ServiceControllerImpl.java:1739)
	at org.jboss.msc@1.4.13.Final//org.jboss.msc.service.ServiceControllerImpl$StartTask.execute(ServiceControllerImpl.java:1701)
	at org.jboss.msc@1.4.13.Final//org.jboss.msc.service.ServiceControllerImpl$ControllerTask.run(ServiceControllerImpl.java:1559)
	at org.jboss.threads@2.4.0.Final//org.jboss.threads.ContextClassLoaderSavingRunnable.run(ContextClassLoaderSavingRunnable.java:35)
	at org.jboss.threads@2.4.0.Final//org.jboss.threads.EnhancedQueueExecutor.safeRun(EnhancedQueueExecutor.java:1990)
	at org.jboss.threads@2.4.0.Final//org.jboss.threads.EnhancedQueueExecutor$ThreadBody.doRunTask(EnhancedQueueExecutor.java:1486)
	at org.jboss.threads@2.4.0.Final//org.jboss.threads.EnhancedQueueExecutor$ThreadBody.run(EnhancedQueueExecutor.java:1377)
	at java.base/java.lang.Thread.run(Thread.java:840)

[0m[33m11:35:08,985 WARN  [org.jboss.modules.define] (MSC service thread 1-6) Failed to define class org.apache.shiro.web.tags.HasRoleTag in Module "deployment.qto.war" from Service Module Loader: java.lang.NoClassDefFoundError: Failed to link org/apache/shiro/web/tags/HasRoleTag (Module "deployment.qto.war" from Service Module Loader): Failed to link org/apache/shiro/web/tags/RoleTag (Module "deployment.qto.war" from Service Module Loader): Failed to link org/apache/shiro/web/tags/SecureTag (Module "deployment.qto.war" from Service Module Loader): javax/servlet/jsp/tagext/TagSupport
	at java.base/java.lang.ClassLoader.defineClass1(Native Method)
	at java.base/java.lang.ClassLoader.defineClass(ClassLoader.java:1017)
	at java.base/java.lang.ClassLoader.defineClass(ClassLoader.java:1095)
	at org.jboss.modules.ModuleClassLoader.doDefineOrLoadClass(ModuleClassLoader.java:351)
	at org.jboss.modules.ModuleClassLoader.defineClass(ModuleClassLoader.java:482)
	at org.jboss.modules.ModuleClassLoader.loadClassLocal(ModuleClassLoader.java:276)
	at org.jboss.modules.ModuleClassLoader$1.loadClassLocal(ModuleClassLoader.java:79)
	at org.jboss.modules.Module.loadModuleClass(Module.java:765)
	at org.jboss.modules.ModuleClassLoader.findClass(ModuleClassLoader.java:192)
	at org.jboss.modules.ConcurrentClassLoader.performLoadClassUnchecked(ConcurrentClassLoader.java:410)
	at org.jboss.modules.ConcurrentClassLoader.performLoadClass(ConcurrentClassLoader.java:398)
	at org.jboss.modules.ConcurrentClassLoader.loadClass(ConcurrentClassLoader.java:116)
	at java.base/java.lang.ClassLoader.defineClass1(Native Method)
	at java.base/java.lang.ClassLoader.defineClass(ClassLoader.java:1017)
	at java.base/java.lang.ClassLoader.defineClass(ClassLoader.java:1095)
	at org.jboss.modules.ModuleClassLoader.doDefineOrLoadClass(ModuleClassLoader.java:351)
	at org.jboss.modules.ModuleClassLoader.defineClass(ModuleClassLoader.java:482)
	at org.jboss.modules.ModuleClassLoader.loadClassLocal(ModuleClassLoader.java:276)
	at org.jboss.modules.ModuleClassLoader$1.loadClassLocal(ModuleClassLoader.java:79)
	at org.jboss.modules.Module.loadModuleClass(Module.java:765)
	at org.jboss.modules.ModuleClassLoader.findClass(ModuleClassLoader.java:192)
	at org.jboss.modules.ConcurrentClassLoader.performLoadClassUnchecked(ConcurrentClassLoader.java:410)
	at org.jboss.modules.ConcurrentClassLoader.performLoadClass(ConcurrentClassLoader.java:398)
	at org.jboss.modules.ConcurrentClassLoader.loadClass(ConcurrentClassLoader.java:116)
	at java.base/java.lang.ClassLoader.defineClass1(Native Method)
	at java.base/java.lang.ClassLoader.defineClass(ClassLoader.java:1017)
	at java.base/java.lang.ClassLoader.defineClass(ClassLoader.java:1095)
	at org.jboss.modules.ModuleClassLoader.doDefineOrLoadClass(ModuleClassLoader.java:351)
	at org.jboss.modules.ModuleClassLoader.defineClass(ModuleClassLoader.java:482)
	at org.jboss.modules.ModuleClassLoader.loadClassLocal(ModuleClassLoader.java:276)
	at org.jboss.modules.ModuleClassLoader$1.loadClassLocal(ModuleClassLoader.java:79)
	at org.jboss.modules.Module.loadModuleClass(Module.java:765)
	at org.jboss.modules.ModuleClassLoader.findClass(ModuleClassLoader.java:192)
	at org.jboss.modules.ConcurrentClassLoader.performLoadClassUnchecked(ConcurrentClassLoader.java:410)
	at org.jboss.modules.ConcurrentClassLoader.performLoadClass(ConcurrentClassLoader.java:398)
	at org.jboss.modules.ConcurrentClassLoader.loadClass(ConcurrentClassLoader.java:116)
	at java.base/java.lang.Class.forName0(Native Method)
	at java.base/java.lang.Class.forName(Class.java:467)
	at org.jboss.as.ee@27.0.1.Final//org.jboss.as.ee.utils.ClassLoadingUtils.loadClass(ClassLoadingUtils.java:21)
	at org.jboss.as.ee@27.0.1.Final//org.jboss.as.ee.component.deployers.EEModuleConfigurationProcessor.deploy(EEModuleConfigurationProcessor.java:80)
	at org.jboss.as.server@19.0.1.Final//org.jboss.as.server.deployment.DeploymentUnitPhaseService.start(DeploymentUnitPhaseService.java:182)
	at org.jboss.msc@1.4.13.Final//org.jboss.msc.service.ServiceControllerImpl$StartTask.startService(ServiceControllerImpl.java:1739)
	at org.jboss.msc@1.4.13.Final//org.jboss.msc.service.ServiceControllerImpl$StartTask.execute(ServiceControllerImpl.java:1701)
	at org.jboss.msc@1.4.13.Final//org.jboss.msc.service.ServiceControllerImpl$ControllerTask.run(ServiceControllerImpl.java:1559)
	at org.jboss.threads@2.4.0.Final//org.jboss.threads.ContextClassLoaderSavingRunnable.run(ContextClassLoaderSavingRunnable.java:35)
	at org.jboss.threads@2.4.0.Final//org.jboss.threads.EnhancedQueueExecutor.safeRun(EnhancedQueueExecutor.java:1990)
	at org.jboss.threads@2.4.0.Final//org.jboss.threads.EnhancedQueueExecutor$ThreadBody.doRunTask(EnhancedQueueExecutor.java:1486)
	at org.jboss.threads@2.4.0.Final//org.jboss.threads.EnhancedQueueExecutor$ThreadBody.run(EnhancedQueueExecutor.java:1377)
	at java.base/java.lang.Thread.run(Thread.java:840)

[0m[33m11:35:08,985 WARN  [org.jboss.as.ee] (MSC service thread 1-6) WFLYEE0007: Not installing optional component org.apache.shiro.web.tags.HasRoleTag due to an exception (enable DEBUG log level to see the cause)
[0m[33m11:35:08,985 WARN  [org.jboss.modules.define] (MSC service thread 1-6) Failed to define class org.apache.shiro.web.env.EnvironmentLoaderListener in Module "deployment.qto.war" from Service Module Loader: java.lang.NoClassDefFoundError: Failed to link org/apache/shiro/web/env/EnvironmentLoaderListener (Module "deployment.qto.war" from Service Module Loader): javax/servlet/ServletContextListener
	at java.base/java.lang.ClassLoader.defineClass1(Native Method)
	at java.base/java.lang.ClassLoader.defineClass(ClassLoader.java:1017)
	at java.base/java.lang.ClassLoader.defineClass(ClassLoader.java:1095)
	at org.jboss.modules.ModuleClassLoader.doDefineOrLoadClass(ModuleClassLoader.java:351)
	at org.jboss.modules.ModuleClassLoader.defineClass(ModuleClassLoader.java:482)
	at org.jboss.modules.ModuleClassLoader.loadClassLocal(ModuleClassLoader.java:276)
	at org.jboss.modules.ModuleClassLoader$1.loadClassLocal(ModuleClassLoader.java:79)
	at org.jboss.modules.Module.loadModuleClass(Module.java:765)
	at org.jboss.modules.ModuleClassLoader.findClass(ModuleClassLoader.java:192)
	at org.jboss.modules.ConcurrentClassLoader.performLoadClassUnchecked(ConcurrentClassLoader.java:410)
	at org.jboss.modules.ConcurrentClassLoader.performLoadClass(ConcurrentClassLoader.java:398)
	at org.jboss.modules.ConcurrentClassLoader.loadClass(ConcurrentClassLoader.java:116)
	at java.base/java.lang.Class.forName0(Native Method)
	at java.base/java.lang.Class.forName(Class.java:467)
	at org.jboss.as.ee@27.0.1.Final//org.jboss.as.ee.utils.ClassLoadingUtils.loadClass(ClassLoadingUtils.java:21)
	at org.jboss.as.ee@27.0.1.Final//org.jboss.as.ee.component.deployers.EEModuleConfigurationProcessor.deploy(EEModuleConfigurationProcessor.java:80)
	at org.jboss.as.server@19.0.1.Final//org.jboss.as.server.deployment.DeploymentUnitPhaseService.start(DeploymentUnitPhaseService.java:182)
	at org.jboss.msc@1.4.13.Final//org.jboss.msc.service.ServiceControllerImpl$StartTask.startService(ServiceControllerImpl.java:1739)
	at org.jboss.msc@1.4.13.Final//org.jboss.msc.service.ServiceControllerImpl$StartTask.execute(ServiceControllerImpl.java:1701)
	at org.jboss.msc@1.4.13.Final//org.jboss.msc.service.ServiceControllerImpl$ControllerTask.run(ServiceControllerImpl.java:1559)
	at org.jboss.threads@2.4.0.Final//org.jboss.threads.ContextClassLoaderSavingRunnable.run(ContextClassLoaderSavingRunnable.java:35)
	at org.jboss.threads@2.4.0.Final//org.jboss.threads.EnhancedQueueExecutor.safeRun(EnhancedQueueExecutor.java:1990)
	at org.jboss.threads@2.4.0.Final//org.jboss.threads.EnhancedQueueExecutor$ThreadBody.doRunTask(EnhancedQueueExecutor.java:1486)
	at org.jboss.threads@2.4.0.Final//org.jboss.threads.EnhancedQueueExecutor$ThreadBody.run(EnhancedQueueExecutor.java:1377)
	at java.base/java.lang.Thread.run(Thread.java:840)

[0m[33m11:35:08,985 WARN  [org.jboss.as.ee] (MSC service thread 1-6) WFLYEE0007: Not installing optional component org.apache.shiro.web.env.EnvironmentLoaderListener due to an exception (enable DEBUG log level to see the cause)
[0m[33m11:35:08,986 WARN  [org.jboss.modules.define] (MSC service thread 1-6) Failed to define class org.apache.shiro.web.tags.SecureTag in Module "deployment.qto.war" from Service Module Loader: java.lang.NoClassDefFoundError: Failed to link org/apache/shiro/web/tags/SecureTag (Module "deployment.qto.war" from Service Module Loader): javax/servlet/jsp/tagext/TagSupport
	at java.base/java.lang.ClassLoader.defineClass1(Native Method)
	at java.base/java.lang.ClassLoader.defineClass(ClassLoader.java:1017)
	at java.base/java.lang.ClassLoader.defineClass(ClassLoader.java:1095)
	at org.jboss.modules.ModuleClassLoader.doDefineOrLoadClass(ModuleClassLoader.java:351)
	at org.jboss.modules.ModuleClassLoader.defineClass(ModuleClassLoader.java:482)
	at org.jboss.modules.ModuleClassLoader.loadClassLocal(ModuleClassLoader.java:276)
	at org.jboss.modules.ModuleClassLoader$1.loadClassLocal(ModuleClassLoader.java:79)
	at org.jboss.modules.Module.loadModuleClass(Module.java:765)
	at org.jboss.modules.ModuleClassLoader.findClass(ModuleClassLoader.java:192)
	at org.jboss.modules.ConcurrentClassLoader.performLoadClassUnchecked(ConcurrentClassLoader.java:410)
	at org.jboss.modules.ConcurrentClassLoader.performLoadClass(ConcurrentClassLoader.java:398)
	at org.jboss.modules.ConcurrentClassLoader.loadClass(ConcurrentClassLoader.java:116)
	at java.base/java.lang.ClassLoader.defineClass1(Native Method)
	at java.base/java.lang.ClassLoader.defineClass(ClassLoader.java:1017)
	at java.base/java.lang.ClassLoader.defineClass(ClassLoader.java:1095)
	at org.jboss.modules.ModuleClassLoader.doDefineOrLoadClass(ModuleClassLoader.java:351)
	at org.jboss.modules.ModuleClassLoader.defineClass(ModuleClassLoader.java:482)
	at org.jboss.modules.ModuleClassLoader.loadClassLocal(ModuleClassLoader.java:276)
	at org.jboss.modules.ModuleClassLoader$1.loadClassLocal(ModuleClassLoader.java:79)
	at org.jboss.modules.Module.loadModuleClass(Module.java:765)
	at org.jboss.modules.ModuleClassLoader.findClass(ModuleClassLoader.java:192)
	at org.jboss.modules.ConcurrentClassLoader.performLoadClassUnchecked(ConcurrentClassLoader.java:410)
	at org.jboss.modules.ConcurrentClassLoader.performLoadClass(ConcurrentClassLoader.java:398)
	at org.jboss.modules.ConcurrentClassLoader.loadClass(ConcurrentClassLoader.java:116)
	at java.base/java.lang.Class.forName0(Native Method)
	at java.base/java.lang.Class.forName(Class.java:467)
	at org.jboss.as.ee@27.0.1.Final//org.jboss.as.ee.utils.ClassLoadingUtils.loadClass(ClassLoadingUtils.java:21)
	at org.jboss.as.ee@27.0.1.Final//org.jboss.as.ee.component.deployers.EEModuleConfigurationProcessor.deploy(EEModuleConfigurationProcessor.java:80)
	at org.jboss.as.server@19.0.1.Final//org.jboss.as.server.deployment.DeploymentUnitPhaseService.start(DeploymentUnitPhaseService.java:182)
	at org.jboss.msc@1.4.13.Final//org.jboss.msc.service.ServiceControllerImpl$StartTask.startService(ServiceControllerImpl.java:1739)
	at org.jboss.msc@1.4.13.Final//org.jboss.msc.service.ServiceControllerImpl$StartTask.execute(ServiceControllerImpl.java:1701)
	at org.jboss.msc@1.4.13.Final//org.jboss.msc.service.ServiceControllerImpl$ControllerTask.run(ServiceControllerImpl.java:1559)
	at org.jboss.threads@2.4.0.Final//org.jboss.threads.ContextClassLoaderSavingRunnable.run(ContextClassLoaderSavingRunnable.java:35)
	at org.jboss.threads@2.4.0.Final//org.jboss.threads.EnhancedQueueExecutor.safeRun(EnhancedQueueExecutor.java:1990)
	at org.jboss.threads@2.4.0.Final//org.jboss.threads.EnhancedQueueExecutor$ThreadBody.doRunTask(EnhancedQueueExecutor.java:1486)
	at org.jboss.threads@2.4.0.Final//org.jboss.threads.EnhancedQueueExecutor$ThreadBody.run(EnhancedQueueExecutor.java:1377)
	at java.base/java.lang.Thread.run(Thread.java:840)

[0m[33m11:35:08,986 WARN  [org.jboss.modules.define] (MSC service thread 1-6) Failed to define class org.apache.shiro.web.tags.PrincipalTag in Module "deployment.qto.war" from Service Module Loader: java.lang.NoClassDefFoundError: Failed to link org/apache/shiro/web/tags/PrincipalTag (Module "deployment.qto.war" from Service Module Loader): Failed to link org/apache/shiro/web/tags/SecureTag (Module "deployment.qto.war" from Service Module Loader): javax/servlet/jsp/tagext/TagSupport
	at java.base/java.lang.ClassLoader.defineClass1(Native Method)
	at java.base/java.lang.ClassLoader.defineClass(ClassLoader.java:1017)
	at java.base/java.lang.ClassLoader.defineClass(ClassLoader.java:1095)
	at org.jboss.modules.ModuleClassLoader.doDefineOrLoadClass(ModuleClassLoader.java:351)
	at org.jboss.modules.ModuleClassLoader.defineClass(ModuleClassLoader.java:482)
	at org.jboss.modules.ModuleClassLoader.loadClassLocal(ModuleClassLoader.java:276)
	at org.jboss.modules.ModuleClassLoader$1.loadClassLocal(ModuleClassLoader.java:79)
	at org.jboss.modules.Module.loadModuleClass(Module.java:765)
	at org.jboss.modules.ModuleClassLoader.findClass(ModuleClassLoader.java:192)
	at org.jboss.modules.ConcurrentClassLoader.performLoadClassUnchecked(ConcurrentClassLoader.java:410)
	at org.jboss.modules.ConcurrentClassLoader.performLoadClass(ConcurrentClassLoader.java:398)
	at org.jboss.modules.ConcurrentClassLoader.loadClass(ConcurrentClassLoader.java:116)
	at java.base/java.lang.ClassLoader.defineClass1(Native Method)
	at java.base/java.lang.ClassLoader.defineClass(ClassLoader.java:1017)
	at java.base/java.lang.ClassLoader.defineClass(ClassLoader.java:1095)
	at org.jboss.modules.ModuleClassLoader.doDefineOrLoadClass(ModuleClassLoader.java:351)
	at org.jboss.modules.ModuleClassLoader.defineClass(ModuleClassLoader.java:482)
	at org.jboss.modules.ModuleClassLoader.loadClassLocal(ModuleClassLoader.java:276)
	at org.jboss.modules.ModuleClassLoader$1.loadClassLocal(ModuleClassLoader.java:79)
	at org.jboss.modules.Module.loadModuleClass(Module.java:765)
	at org.jboss.modules.ModuleClassLoader.findClass(ModuleClassLoader.java:192)
	at org.jboss.modules.ConcurrentClassLoader.performLoadClassUnchecked(ConcurrentClassLoader.java:410)
	at org.jboss.modules.ConcurrentClassLoader.performLoadClass(ConcurrentClassLoader.java:398)
	at org.jboss.modules.ConcurrentClassLoader.loadClass(ConcurrentClassLoader.java:116)
	at java.base/java.lang.Class.forName0(Native Method)
	at java.base/java.lang.Class.forName(Class.java:467)
	at org.jboss.as.ee@27.0.1.Final//org.jboss.as.ee.utils.ClassLoadingUtils.loadClass(ClassLoadingUtils.java:21)
	at org.jboss.as.ee@27.0.1.Final//org.jboss.as.ee.component.deployers.EEModuleConfigurationProcessor.deploy(EEModuleConfigurationProcessor.java:80)
	at org.jboss.as.server@19.0.1.Final//org.jboss.as.server.deployment.DeploymentUnitPhaseService.start(DeploymentUnitPhaseService.java:182)
	at org.jboss.msc@1.4.13.Final//org.jboss.msc.service.ServiceControllerImpl$StartTask.startService(ServiceControllerImpl.java:1739)
	at org.jboss.msc@1.4.13.Final//org.jboss.msc.service.ServiceControllerImpl$StartTask.execute(ServiceControllerImpl.java:1701)
	at org.jboss.msc@1.4.13.Final//org.jboss.msc.service.ServiceControllerImpl$ControllerTask.run(ServiceControllerImpl.java:1559)
	at org.jboss.threads@2.4.0.Final//org.jboss.threads.ContextClassLoaderSavingRunnable.run(ContextClassLoaderSavingRunnable.java:35)
	at org.jboss.threads@2.4.0.Final//org.jboss.threads.EnhancedQueueExecutor.safeRun(EnhancedQueueExecutor.java:1990)
	at org.jboss.threads@2.4.0.Final//org.jboss.threads.EnhancedQueueExecutor$ThreadBody.doRunTask(EnhancedQueueExecutor.java:1486)
	at org.jboss.threads@2.4.0.Final//org.jboss.threads.EnhancedQueueExecutor$ThreadBody.run(EnhancedQueueExecutor.java:1377)
	at java.base/java.lang.Thread.run(Thread.java:840)

[0m[33m11:35:08,986 WARN  [org.jboss.as.ee] (MSC service thread 1-6) WFLYEE0007: Not installing optional component org.apache.shiro.web.tags.PrincipalTag due to an exception (enable DEBUG log level to see the cause)
[0m[33m11:35:08,986 WARN  [org.jboss.modules.define] (MSC service thread 1-6) Failed to define class org.apache.shiro.web.tags.SecureTag in Module "deployment.qto.war" from Service Module Loader: java.lang.NoClassDefFoundError: Failed to link org/apache/shiro/web/tags/SecureTag (Module "deployment.qto.war" from Service Module Loader): javax/servlet/jsp/tagext/TagSupport
	at java.base/java.lang.ClassLoader.defineClass1(Native Method)
	at java.base/java.lang.ClassLoader.defineClass(ClassLoader.java:1017)
	at java.base/java.lang.ClassLoader.defineClass(ClassLoader.java:1095)
	at org.jboss.modules.ModuleClassLoader.doDefineOrLoadClass(ModuleClassLoader.java:351)
	at org.jboss.modules.ModuleClassLoader.defineClass(ModuleClassLoader.java:482)
	at org.jboss.modules.ModuleClassLoader.loadClassLocal(ModuleClassLoader.java:276)
	at org.jboss.modules.ModuleClassLoader$1.loadClassLocal(ModuleClassLoader.java:79)
	at org.jboss.modules.Module.loadModuleClass(Module.java:765)
	at org.jboss.modules.ModuleClassLoader.findClass(ModuleClassLoader.java:192)
	at org.jboss.modules.ConcurrentClassLoader.performLoadClassUnchecked(ConcurrentClassLoader.java:410)
	at org.jboss.modules.ConcurrentClassLoader.performLoadClass(ConcurrentClassLoader.java:398)
	at org.jboss.modules.ConcurrentClassLoader.loadClass(ConcurrentClassLoader.java:116)
	at java.base/java.lang.ClassLoader.defineClass1(Native Method)
	at java.base/java.lang.ClassLoader.defineClass(ClassLoader.java:1017)
	at java.base/java.lang.ClassLoader.defineClass(ClassLoader.java:1095)
	at org.jboss.modules.ModuleClassLoader.doDefineOrLoadClass(ModuleClassLoader.java:351)
	at org.jboss.modules.ModuleClassLoader.defineClass(ModuleClassLoader.java:482)
	at org.jboss.modules.ModuleClassLoader.loadClassLocal(ModuleClassLoader.java:276)
	at org.jboss.modules.ModuleClassLoader$1.loadClassLocal(ModuleClassLoader.java:79)
	at org.jboss.modules.Module.loadModuleClass(Module.java:765)
	at org.jboss.modules.ModuleClassLoader.findClass(ModuleClassLoader.java:192)
	at org.jboss.modules.ConcurrentClassLoader.performLoadClassUnchecked(ConcurrentClassLoader.java:410)
	at org.jboss.modules.ConcurrentClassLoader.performLoadClass(ConcurrentClassLoader.java:398)
	at org.jboss.modules.ConcurrentClassLoader.loadClass(ConcurrentClassLoader.java:116)
	at java.base/java.lang.Class.forName0(Native Method)
	at java.base/java.lang.Class.forName(Class.java:467)
	at org.jboss.as.ee@27.0.1.Final//org.jboss.as.ee.utils.ClassLoadingUtils.loadClass(ClassLoadingUtils.java:21)
	at org.jboss.as.ee@27.0.1.Final//org.jboss.as.ee.component.deployers.EEModuleConfigurationProcessor.deploy(EEModuleConfigurationProcessor.java:80)
	at org.jboss.as.server@19.0.1.Final//org.jboss.as.server.deployment.DeploymentUnitPhaseService.start(DeploymentUnitPhaseService.java:182)
	at org.jboss.msc@1.4.13.Final//org.jboss.msc.service.ServiceControllerImpl$StartTask.startService(ServiceControllerImpl.java:1739)
	at org.jboss.msc@1.4.13.Final//org.jboss.msc.service.ServiceControllerImpl$StartTask.execute(ServiceControllerImpl.java:1701)
	at org.jboss.msc@1.4.13.Final//org.jboss.msc.service.ServiceControllerImpl$ControllerTask.run(ServiceControllerImpl.java:1559)
	at org.jboss.threads@2.4.0.Final//org.jboss.threads.ContextClassLoaderSavingRunnable.run(ContextClassLoaderSavingRunnable.java:35)
	at org.jboss.threads@2.4.0.Final//org.jboss.threads.EnhancedQueueExecutor.safeRun(EnhancedQueueExecutor.java:1990)
	at org.jboss.threads@2.4.0.Final//org.jboss.threads.EnhancedQueueExecutor$ThreadBody.doRunTask(EnhancedQueueExecutor.java:1486)
	at org.jboss.threads@2.4.0.Final//org.jboss.threads.EnhancedQueueExecutor$ThreadBody.run(EnhancedQueueExecutor.java:1377)
	at java.base/java.lang.Thread.run(Thread.java:840)

[0m[33m11:35:08,986 WARN  [org.jboss.modules.define] (MSC service thread 1-6) Failed to define class org.apache.shiro.web.tags.NotAuthenticatedTag in Module "deployment.qto.war" from Service Module Loader: java.lang.NoClassDefFoundError: Failed to link org/apache/shiro/web/tags/NotAuthenticatedTag (Module "deployment.qto.war" from Service Module Loader): Failed to link org/apache/shiro/web/tags/SecureTag (Module "deployment.qto.war" from Service Module Loader): javax/servlet/jsp/tagext/TagSupport
	at java.base/java.lang.ClassLoader.defineClass1(Native Method)
	at java.base/java.lang.ClassLoader.defineClass(ClassLoader.java:1017)
	at java.base/java.lang.ClassLoader.defineClass(ClassLoader.java:1095)
	at org.jboss.modules.ModuleClassLoader.doDefineOrLoadClass(ModuleClassLoader.java:351)
	at org.jboss.modules.ModuleClassLoader.defineClass(ModuleClassLoader.java:482)
	at org.jboss.modules.ModuleClassLoader.loadClassLocal(ModuleClassLoader.java:276)
	at org.jboss.modules.ModuleClassLoader$1.loadClassLocal(ModuleClassLoader.java:79)
	at org.jboss.modules.Module.loadModuleClass(Module.java:765)
	at org.jboss.modules.ModuleClassLoader.findClass(ModuleClassLoader.java:192)
	at org.jboss.modules.ConcurrentClassLoader.performLoadClassUnchecked(ConcurrentClassLoader.java:410)
	at org.jboss.modules.ConcurrentClassLoader.performLoadClass(ConcurrentClassLoader.java:398)
	at org.jboss.modules.ConcurrentClassLoader.loadClass(ConcurrentClassLoader.java:116)
	at java.base/java.lang.ClassLoader.defineClass1(Native Method)
	at java.base/java.lang.ClassLoader.defineClass(ClassLoader.java:1017)
	at java.base/java.lang.ClassLoader.defineClass(ClassLoader.java:1095)
	at org.jboss.modules.ModuleClassLoader.doDefineOrLoadClass(ModuleClassLoader.java:351)
	at org.jboss.modules.ModuleClassLoader.defineClass(ModuleClassLoader.java:482)
	at org.jboss.modules.ModuleClassLoader.loadClassLocal(ModuleClassLoader.java:276)
	at org.jboss.modules.ModuleClassLoader$1.loadClassLocal(ModuleClassLoader.java:79)
	at org.jboss.modules.Module.loadModuleClass(Module.java:765)
	at org.jboss.modules.ModuleClassLoader.findClass(ModuleClassLoader.java:192)
	at org.jboss.modules.ConcurrentClassLoader.performLoadClassUnchecked(ConcurrentClassLoader.java:410)
	at org.jboss.modules.ConcurrentClassLoader.performLoadClass(ConcurrentClassLoader.java:398)
	at org.jboss.modules.ConcurrentClassLoader.loadClass(ConcurrentClassLoader.java:116)
	at java.base/java.lang.Class.forName0(Native Method)
	at java.base/java.lang.Class.forName(Class.java:467)
	at org.jboss.as.ee@27.0.1.Final//org.jboss.as.ee.utils.ClassLoadingUtils.loadClass(ClassLoadingUtils.java:21)
	at org.jboss.as.ee@27.0.1.Final//org.jboss.as.ee.component.deployers.EEModuleConfigurationProcessor.deploy(EEModuleConfigurationProcessor.java:80)
	at org.jboss.as.server@19.0.1.Final//org.jboss.as.server.deployment.DeploymentUnitPhaseService.start(DeploymentUnitPhaseService.java:182)
	at org.jboss.msc@1.4.13.Final//org.jboss.msc.service.ServiceControllerImpl$StartTask.startService(ServiceControllerImpl.java:1739)
	at org.jboss.msc@1.4.13.Final//org.jboss.msc.service.ServiceControllerImpl$StartTask.execute(ServiceControllerImpl.java:1701)
	at org.jboss.msc@1.4.13.Final//org.jboss.msc.service.ServiceControllerImpl$ControllerTask.run(ServiceControllerImpl.java:1559)
	at org.jboss.threads@2.4.0.Final//org.jboss.threads.ContextClassLoaderSavingRunnable.run(ContextClassLoaderSavingRunnable.java:35)
	at org.jboss.threads@2.4.0.Final//org.jboss.threads.EnhancedQueueExecutor.safeRun(EnhancedQueueExecutor.java:1990)
	at org.jboss.threads@2.4.0.Final//org.jboss.threads.EnhancedQueueExecutor$ThreadBody.doRunTask(EnhancedQueueExecutor.java:1486)
	at org.jboss.threads@2.4.0.Final//org.jboss.threads.EnhancedQueueExecutor$ThreadBody.run(EnhancedQueueExecutor.java:1377)
	at java.base/java.lang.Thread.run(Thread.java:840)

[0m[33m11:35:08,986 WARN  [org.jboss.as.ee] (MSC service thread 1-6) WFLYEE0007: Not installing optional component org.apache.shiro.web.tags.NotAuthenticatedTag due to an exception (enable DEBUG log level to see the cause)
[0m[33m11:35:08,986 WARN  [org.jboss.modules.define] (MSC service thread 1-6) Failed to define class org.apache.shiro.web.tags.SecureTag in Module "deployment.qto.war" from Service Module Loader: java.lang.NoClassDefFoundError: Failed to link org/apache/shiro/web/tags/SecureTag (Module "deployment.qto.war" from Service Module Loader): javax/servlet/jsp/tagext/TagSupport
	at java.base/java.lang.ClassLoader.defineClass1(Native Method)
	at java.base/java.lang.ClassLoader.defineClass(ClassLoader.java:1017)
	at java.base/java.lang.ClassLoader.defineClass(ClassLoader.java:1095)
	at org.jboss.modules.ModuleClassLoader.doDefineOrLoadClass(ModuleClassLoader.java:351)
	at org.jboss.modules.ModuleClassLoader.defineClass(ModuleClassLoader.java:482)
	at org.jboss.modules.ModuleClassLoader.loadClassLocal(ModuleClassLoader.java:276)
	at org.jboss.modules.ModuleClassLoader$1.loadClassLocal(ModuleClassLoader.java:79)
	at org.jboss.modules.Module.loadModuleClass(Module.java:765)
	at org.jboss.modules.ModuleClassLoader.findClass(ModuleClassLoader.java:192)
	at org.jboss.modules.ConcurrentClassLoader.performLoadClassUnchecked(ConcurrentClassLoader.java:410)
	at org.jboss.modules.ConcurrentClassLoader.performLoadClass(ConcurrentClassLoader.java:398)
	at org.jboss.modules.ConcurrentClassLoader.loadClass(ConcurrentClassLoader.java:116)
	at java.base/java.lang.ClassLoader.defineClass1(Native Method)
	at java.base/java.lang.ClassLoader.defineClass(ClassLoader.java:1017)
	at java.base/java.lang.ClassLoader.defineClass(ClassLoader.java:1095)
	at org.jboss.modules.ModuleClassLoader.doDefineOrLoadClass(ModuleClassLoader.java:351)
	at org.jboss.modules.ModuleClassLoader.defineClass(ModuleClassLoader.java:482)
	at org.jboss.modules.ModuleClassLoader.loadClassLocal(ModuleClassLoader.java:276)
	at org.jboss.modules.ModuleClassLoader$1.loadClassLocal(ModuleClassLoader.java:79)
	at org.jboss.modules.Module.loadModuleClass(Module.java:765)
	at org.jboss.modules.ModuleClassLoader.findClass(ModuleClassLoader.java:192)
	at org.jboss.modules.ConcurrentClassLoader.performLoadClassUnchecked(ConcurrentClassLoader.java:410)
	at org.jboss.modules.ConcurrentClassLoader.performLoadClass(ConcurrentClassLoader.java:398)
	at org.jboss.modules.ConcurrentClassLoader.loadClass(ConcurrentClassLoader.java:116)
	at java.base/java.lang.ClassLoader.defineClass1(Native Method)
	at java.base/java.lang.ClassLoader.defineClass(ClassLoader.java:1017)
	at java.base/java.lang.ClassLoader.defineClass(ClassLoader.java:1095)
	at org.jboss.modules.ModuleClassLoader.doDefineOrLoadClass(ModuleClassLoader.java:351)
	at org.jboss.modules.ModuleClassLoader.defineClass(ModuleClassLoader.java:482)
	at org.jboss.modules.ModuleClassLoader.loadClassLocal(ModuleClassLoader.java:276)
	at org.jboss.modules.ModuleClassLoader$1.loadClassLocal(ModuleClassLoader.java:79)
	at org.jboss.modules.Module.loadModuleClass(Module.java:765)
	at org.jboss.modules.ModuleClassLoader.findClass(ModuleClassLoader.java:192)
	at org.jboss.modules.ConcurrentClassLoader.performLoadClassUnchecked(ConcurrentClassLoader.java:410)
	at org.jboss.modules.ConcurrentClassLoader.performLoadClass(ConcurrentClassLoader.java:398)
	at org.jboss.modules.ConcurrentClassLoader.loadClass(ConcurrentClassLoader.java:116)
	at java.base/java.lang.Class.forName0(Native Method)
	at java.base/java.lang.Class.forName(Class.java:467)
	at org.jboss.as.ee@27.0.1.Final//org.jboss.as.ee.utils.ClassLoadingUtils.loadClass(ClassLoadingUtils.java:21)
	at org.jboss.as.ee@27.0.1.Final//org.jboss.as.ee.component.deployers.EEModuleConfigurationProcessor.deploy(EEModuleConfigurationProcessor.java:80)
	at org.jboss.as.server@19.0.1.Final//org.jboss.as.server.deployment.DeploymentUnitPhaseService.start(DeploymentUnitPhaseService.java:182)
	at org.jboss.msc@1.4.13.Final//org.jboss.msc.service.ServiceControllerImpl$StartTask.startService(ServiceControllerImpl.java:1739)
	at org.jboss.msc@1.4.13.Final//org.jboss.msc.service.ServiceControllerImpl$StartTask.execute(ServiceControllerImpl.java:1701)
	at org.jboss.msc@1.4.13.Final//org.jboss.msc.service.ServiceControllerImpl$ControllerTask.run(ServiceControllerImpl.java:1559)
	at org.jboss.threads@2.4.0.Final//org.jboss.threads.ContextClassLoaderSavingRunnable.run(ContextClassLoaderSavingRunnable.java:35)
	at org.jboss.threads@2.4.0.Final//org.jboss.threads.EnhancedQueueExecutor.safeRun(EnhancedQueueExecutor.java:1990)
	at org.jboss.threads@2.4.0.Final//org.jboss.threads.EnhancedQueueExecutor$ThreadBody.doRunTask(EnhancedQueueExecutor.java:1486)
	at org.jboss.threads@2.4.0.Final//org.jboss.threads.EnhancedQueueExecutor$ThreadBody.run(EnhancedQueueExecutor.java:1377)
	at java.base/java.lang.Thread.run(Thread.java:840)

[0m[33m11:35:08,986 WARN  [org.jboss.modules.define] (MSC service thread 1-6) Failed to define class org.apache.shiro.web.tags.RoleTag in Module "deployment.qto.war" from Service Module Loader: java.lang.NoClassDefFoundError: Failed to link org/apache/shiro/web/tags/RoleTag (Module "deployment.qto.war" from Service Module Loader): Failed to link org/apache/shiro/web/tags/SecureTag (Module "deployment.qto.war" from Service Module Loader): javax/servlet/jsp/tagext/TagSupport
	at java.base/java.lang.ClassLoader.defineClass1(Native Method)
	at java.base/java.lang.ClassLoader.defineClass(ClassLoader.java:1017)
	at java.base/java.lang.ClassLoader.defineClass(ClassLoader.java:1095)
	at org.jboss.modules.ModuleClassLoader.doDefineOrLoadClass(ModuleClassLoader.java:351)
	at org.jboss.modules.ModuleClassLoader.defineClass(ModuleClassLoader.java:482)
	at org.jboss.modules.ModuleClassLoader.loadClassLocal(ModuleClassLoader.java:276)
	at org.jboss.modules.ModuleClassLoader$1.loadClassLocal(ModuleClassLoader.java:79)
	at org.jboss.modules.Module.loadModuleClass(Module.java:765)
	at org.jboss.modules.ModuleClassLoader.findClass(ModuleClassLoader.java:192)
	at org.jboss.modules.ConcurrentClassLoader.performLoadClassUnchecked(ConcurrentClassLoader.java:410)
	at org.jboss.modules.ConcurrentClassLoader.performLoadClass(ConcurrentClassLoader.java:398)
	at org.jboss.modules.ConcurrentClassLoader.loadClass(ConcurrentClassLoader.java:116)
	at java.base/java.lang.ClassLoader.defineClass1(Native Method)
	at java.base/java.lang.ClassLoader.defineClass(ClassLoader.java:1017)
	at java.base/java.lang.ClassLoader.defineClass(ClassLoader.java:1095)
	at org.jboss.modules.ModuleClassLoader.doDefineOrLoadClass(ModuleClassLoader.java:351)
	at org.jboss.modules.ModuleClassLoader.defineClass(ModuleClassLoader.java:482)
	at org.jboss.modules.ModuleClassLoader.loadClassLocal(ModuleClassLoader.java:276)
	at org.jboss.modules.ModuleClassLoader$1.loadClassLocal(ModuleClassLoader.java:79)
	at org.jboss.modules.Module.loadModuleClass(Module.java:765)
	at org.jboss.modules.ModuleClassLoader.findClass(ModuleClassLoader.java:192)
	at org.jboss.modules.ConcurrentClassLoader.performLoadClassUnchecked(ConcurrentClassLoader.java:410)
	at org.jboss.modules.ConcurrentClassLoader.performLoadClass(ConcurrentClassLoader.java:398)
	at org.jboss.modules.ConcurrentClassLoader.loadClass(ConcurrentClassLoader.java:116)
	at java.base/java.lang.ClassLoader.defineClass1(Native Method)
	at java.base/java.lang.ClassLoader.defineClass(ClassLoader.java:1017)
	at java.base/java.lang.ClassLoader.defineClass(ClassLoader.java:1095)
	at org.jboss.modules.ModuleClassLoader.doDefineOrLoadClass(ModuleClassLoader.java:351)
	at org.jboss.modules.ModuleClassLoader.defineClass(ModuleClassLoader.java:482)
	at org.jboss.modules.ModuleClassLoader.loadClassLocal(ModuleClassLoader.java:276)
	at org.jboss.modules.ModuleClassLoader$1.loadClassLocal(ModuleClassLoader.java:79)
	at org.jboss.modules.Module.loadModuleClass(Module.java:765)
	at org.jboss.modules.ModuleClassLoader.findClass(ModuleClassLoader.java:192)
	at org.jboss.modules.ConcurrentClassLoader.performLoadClassUnchecked(ConcurrentClassLoader.java:410)
	at org.jboss.modules.ConcurrentClassLoader.performLoadClass(ConcurrentClassLoader.java:398)
	at org.jboss.modules.ConcurrentClassLoader.loadClass(ConcurrentClassLoader.java:116)
	at java.base/java.lang.Class.forName0(Native Method)
	at java.base/java.lang.Class.forName(Class.java:467)
	at org.jboss.as.ee@27.0.1.Final//org.jboss.as.ee.utils.ClassLoadingUtils.loadClass(ClassLoadingUtils.java:21)
	at org.jboss.as.ee@27.0.1.Final//org.jboss.as.ee.component.deployers.EEModuleConfigurationProcessor.deploy(EEModuleConfigurationProcessor.java:80)
	at org.jboss.as.server@19.0.1.Final//org.jboss.as.server.deployment.DeploymentUnitPhaseService.start(DeploymentUnitPhaseService.java:182)
	at org.jboss.msc@1.4.13.Final//org.jboss.msc.service.ServiceControllerImpl$StartTask.startService(ServiceControllerImpl.java:1739)
	at org.jboss.msc@1.4.13.Final//org.jboss.msc.service.ServiceControllerImpl$StartTask.execute(ServiceControllerImpl.java:1701)
	at org.jboss.msc@1.4.13.Final//org.jboss.msc.service.ServiceControllerImpl$ControllerTask.run(ServiceControllerImpl.java:1559)
	at org.jboss.threads@2.4.0.Final//org.jboss.threads.ContextClassLoaderSavingRunnable.run(ContextClassLoaderSavingRunnable.java:35)
	at org.jboss.threads@2.4.0.Final//org.jboss.threads.EnhancedQueueExecutor.safeRun(EnhancedQueueExecutor.java:1990)
	at org.jboss.threads@2.4.0.Final//org.jboss.threads.EnhancedQueueExecutor$ThreadBody.doRunTask(EnhancedQueueExecutor.java:1486)
	at org.jboss.threads@2.4.0.Final//org.jboss.threads.EnhancedQueueExecutor$ThreadBody.run(EnhancedQueueExecutor.java:1377)
	at java.base/java.lang.Thread.run(Thread.java:840)

[0m[33m11:35:08,986 WARN  [org.jboss.modules.define] (MSC service thread 1-6) Failed to define class org.apache.shiro.web.tags.LacksRoleTag in Module "deployment.qto.war" from Service Module Loader: java.lang.NoClassDefFoundError: Failed to link org/apache/shiro/web/tags/LacksRoleTag (Module "deployment.qto.war" from Service Module Loader): Failed to link org/apache/shiro/web/tags/RoleTag (Module "deployment.qto.war" from Service Module Loader): Failed to link org/apache/shiro/web/tags/SecureTag (Module "deployment.qto.war" from Service Module Loader): javax/servlet/jsp/tagext/TagSupport
	at java.base/java.lang.ClassLoader.defineClass1(Native Method)
	at java.base/java.lang.ClassLoader.defineClass(ClassLoader.java:1017)
	at java.base/java.lang.ClassLoader.defineClass(ClassLoader.java:1095)
	at org.jboss.modules.ModuleClassLoader.doDefineOrLoadClass(ModuleClassLoader.java:351)
	at org.jboss.modules.ModuleClassLoader.defineClass(ModuleClassLoader.java:482)
	at org.jboss.modules.ModuleClassLoader.loadClassLocal(ModuleClassLoader.java:276)
	at org.jboss.modules.ModuleClassLoader$1.loadClassLocal(ModuleClassLoader.java:79)
	at org.jboss.modules.Module.loadModuleClass(Module.java:765)
	at org.jboss.modules.ModuleClassLoader.findClass(ModuleClassLoader.java:192)
	at org.jboss.modules.ConcurrentClassLoader.performLoadClassUnchecked(ConcurrentClassLoader.java:410)
	at org.jboss.modules.ConcurrentClassLoader.performLoadClass(ConcurrentClassLoader.java:398)
	at org.jboss.modules.ConcurrentClassLoader.loadClass(ConcurrentClassLoader.java:116)
	at java.base/java.lang.ClassLoader.defineClass1(Native Method)
	at java.base/java.lang.ClassLoader.defineClass(ClassLoader.java:1017)
	at java.base/java.lang.ClassLoader.defineClass(ClassLoader.java:1095)
	at org.jboss.modules.ModuleClassLoader.doDefineOrLoadClass(ModuleClassLoader.java:351)
	at org.jboss.modules.ModuleClassLoader.defineClass(ModuleClassLoader.java:482)
	at org.jboss.modules.ModuleClassLoader.loadClassLocal(ModuleClassLoader.java:276)
	at org.jboss.modules.ModuleClassLoader$1.loadClassLocal(ModuleClassLoader.java:79)
	at org.jboss.modules.Module.loadModuleClass(Module.java:765)
	at org.jboss.modules.ModuleClassLoader.findClass(ModuleClassLoader.java:192)
	at org.jboss.modules.ConcurrentClassLoader.performLoadClassUnchecked(ConcurrentClassLoader.java:410)
	at org.jboss.modules.ConcurrentClassLoader.performLoadClass(ConcurrentClassLoader.java:398)
	at org.jboss.modules.ConcurrentClassLoader.loadClass(ConcurrentClassLoader.java:116)
	at java.base/java.lang.ClassLoader.defineClass1(Native Method)
	at java.base/java.lang.ClassLoader.defineClass(ClassLoader.java:1017)
	at java.base/java.lang.ClassLoader.defineClass(ClassLoader.java:1095)
	at org.jboss.modules.ModuleClassLoader.doDefineOrLoadClass(ModuleClassLoader.java:351)
	at org.jboss.modules.ModuleClassLoader.defineClass(ModuleClassLoader.java:482)
	at org.jboss.modules.ModuleClassLoader.loadClassLocal(ModuleClassLoader.java:276)
	at org.jboss.modules.ModuleClassLoader$1.loadClassLocal(ModuleClassLoader.java:79)
	at org.jboss.modules.Module.loadModuleClass(Module.java:765)
	at org.jboss.modules.ModuleClassLoader.findClass(ModuleClassLoader.java:192)
	at org.jboss.modules.ConcurrentClassLoader.performLoadClassUnchecked(ConcurrentClassLoader.java:410)
	at org.jboss.modules.ConcurrentClassLoader.performLoadClass(ConcurrentClassLoader.java:398)
	at org.jboss.modules.ConcurrentClassLoader.loadClass(ConcurrentClassLoader.java:116)
	at java.base/java.lang.Class.forName0(Native Method)
	at java.base/java.lang.Class.forName(Class.java:467)
	at org.jboss.as.ee@27.0.1.Final//org.jboss.as.ee.utils.ClassLoadingUtils.loadClass(ClassLoadingUtils.java:21)
	at org.jboss.as.ee@27.0.1.Final//org.jboss.as.ee.component.deployers.EEModuleConfigurationProcessor.deploy(EEModuleConfigurationProcessor.java:80)
	at org.jboss.as.server@19.0.1.Final//org.jboss.as.server.deployment.DeploymentUnitPhaseService.start(DeploymentUnitPhaseService.java:182)
	at org.jboss.msc@1.4.13.Final//org.jboss.msc.service.ServiceControllerImpl$StartTask.startService(ServiceControllerImpl.java:1739)
	at org.jboss.msc@1.4.13.Final//org.jboss.msc.service.ServiceControllerImpl$StartTask.execute(ServiceControllerImpl.java:1701)
	at org.jboss.msc@1.4.13.Final//org.jboss.msc.service.ServiceControllerImpl$ControllerTask.run(ServiceControllerImpl.java:1559)
	at org.jboss.threads@2.4.0.Final//org.jboss.threads.ContextClassLoaderSavingRunnable.run(ContextClassLoaderSavingRunnable.java:35)
	at org.jboss.threads@2.4.0.Final//org.jboss.threads.EnhancedQueueExecutor.safeRun(EnhancedQueueExecutor.java:1990)
	at org.jboss.threads@2.4.0.Final//org.jboss.threads.EnhancedQueueExecutor$ThreadBody.doRunTask(EnhancedQueueExecutor.java:1486)
	at org.jboss.threads@2.4.0.Final//org.jboss.threads.EnhancedQueueExecutor$ThreadBody.run(EnhancedQueueExecutor.java:1377)
	at java.base/java.lang.Thread.run(Thread.java:840)

[0m[33m11:35:08,987 WARN  [org.jboss.as.ee] (MSC service thread 1-6) WFLYEE0007: Not installing optional component org.apache.shiro.web.tags.LacksRoleTag due to an exception (enable DEBUG log level to see the cause)
[0m[33m11:35:08,987 WARN  [org.jboss.modules.define] (MSC service thread 1-6) Failed to define class org.apache.shiro.web.tags.SecureTag in Module "deployment.qto.war" from Service Module Loader: java.lang.NoClassDefFoundError: Failed to link org/apache/shiro/web/tags/SecureTag (Module "deployment.qto.war" from Service Module Loader): javax/servlet/jsp/tagext/TagSupport
	at java.base/java.lang.ClassLoader.defineClass1(Native Method)
	at java.base/java.lang.ClassLoader.defineClass(ClassLoader.java:1017)
	at java.base/java.lang.ClassLoader.defineClass(ClassLoader.java:1095)
	at org.jboss.modules.ModuleClassLoader.doDefineOrLoadClass(ModuleClassLoader.java:351)
	at org.jboss.modules.ModuleClassLoader.defineClass(ModuleClassLoader.java:482)
	at org.jboss.modules.ModuleClassLoader.loadClassLocal(ModuleClassLoader.java:276)
	at org.jboss.modules.ModuleClassLoader$1.loadClassLocal(ModuleClassLoader.java:79)
	at org.jboss.modules.Module.loadModuleClass(Module.java:765)
	at org.jboss.modules.ModuleClassLoader.findClass(ModuleClassLoader.java:192)
	at org.jboss.modules.ConcurrentClassLoader.performLoadClassUnchecked(ConcurrentClassLoader.java:410)
	at org.jboss.modules.ConcurrentClassLoader.performLoadClass(ConcurrentClassLoader.java:398)
	at org.jboss.modules.ConcurrentClassLoader.loadClass(ConcurrentClassLoader.java:116)
	at java.base/java.lang.ClassLoader.defineClass1(Native Method)
	at java.base/java.lang.ClassLoader.defineClass(ClassLoader.java:1017)
	at java.base/java.lang.ClassLoader.defineClass(ClassLoader.java:1095)
	at org.jboss.modules.ModuleClassLoader.doDefineOrLoadClass(ModuleClassLoader.java:351)
	at org.jboss.modules.ModuleClassLoader.defineClass(ModuleClassLoader.java:482)
	at org.jboss.modules.ModuleClassLoader.loadClassLocal(ModuleClassLoader.java:276)
	at org.jboss.modules.ModuleClassLoader$1.loadClassLocal(ModuleClassLoader.java:79)
	at org.jboss.modules.Module.loadModuleClass(Module.java:765)
	at org.jboss.modules.ModuleClassLoader.findClass(ModuleClassLoader.java:192)
	at org.jboss.modules.ConcurrentClassLoader.performLoadClassUnchecked(ConcurrentClassLoader.java:410)
	at org.jboss.modules.ConcurrentClassLoader.performLoadClass(ConcurrentClassLoader.java:398)
	at org.jboss.modules.ConcurrentClassLoader.loadClass(ConcurrentClassLoader.java:116)
	at java.base/java.lang.ClassLoader.defineClass1(Native Method)
	at java.base/java.lang.ClassLoader.defineClass(ClassLoader.java:1017)
	at java.base/java.lang.ClassLoader.defineClass(ClassLoader.java:1095)
	at org.jboss.modules.ModuleClassLoader.doDefineOrLoadClass(ModuleClassLoader.java:351)
	at org.jboss.modules.ModuleClassLoader.defineClass(ModuleClassLoader.java:482)
	at org.jboss.modules.ModuleClassLoader.loadClassLocal(ModuleClassLoader.java:276)
	at org.jboss.modules.ModuleClassLoader$1.loadClassLocal(ModuleClassLoader.java:79)
	at org.jboss.modules.Module.loadModuleClass(Module.java:765)
	at org.jboss.modules.ModuleClassLoader.findClass(ModuleClassLoader.java:192)
	at org.jboss.modules.ConcurrentClassLoader.performLoadClassUnchecked(ConcurrentClassLoader.java:410)
	at org.jboss.modules.ConcurrentClassLoader.performLoadClass(ConcurrentClassLoader.java:398)
	at org.jboss.modules.ConcurrentClassLoader.loadClass(ConcurrentClassLoader.java:116)
	at java.base/java.lang.Class.forName0(Native Method)
	at java.base/java.lang.Class.forName(Class.java:467)
	at org.jboss.as.ee@27.0.1.Final//org.jboss.as.ee.utils.ClassLoadingUtils.loadClass(ClassLoadingUtils.java:21)
	at org.jboss.as.ee@27.0.1.Final//org.jboss.as.ee.component.deployers.EEModuleConfigurationProcessor.deploy(EEModuleConfigurationProcessor.java:80)
	at org.jboss.as.server@19.0.1.Final//org.jboss.as.server.deployment.DeploymentUnitPhaseService.start(DeploymentUnitPhaseService.java:182)
	at org.jboss.msc@1.4.13.Final//org.jboss.msc.service.ServiceControllerImpl$StartTask.startService(ServiceControllerImpl.java:1739)
	at org.jboss.msc@1.4.13.Final//org.jboss.msc.service.ServiceControllerImpl$StartTask.execute(ServiceControllerImpl.java:1701)
	at org.jboss.msc@1.4.13.Final//org.jboss.msc.service.ServiceControllerImpl$ControllerTask.run(ServiceControllerImpl.java:1559)
	at org.jboss.threads@2.4.0.Final//org.jboss.threads.ContextClassLoaderSavingRunnable.run(ContextClassLoaderSavingRunnable.java:35)
	at org.jboss.threads@2.4.0.Final//org.jboss.threads.EnhancedQueueExecutor.safeRun(EnhancedQueueExecutor.java:1990)
	at org.jboss.threads@2.4.0.Final//org.jboss.threads.EnhancedQueueExecutor$ThreadBody.doRunTask(EnhancedQueueExecutor.java:1486)
	at org.jboss.threads@2.4.0.Final//org.jboss.threads.EnhancedQueueExecutor$ThreadBody.run(EnhancedQueueExecutor.java:1377)
	at java.base/java.lang.Thread.run(Thread.java:840)

[0m[33m11:35:08,987 WARN  [org.jboss.modules.define] (MSC service thread 1-6) Failed to define class org.apache.shiro.web.tags.PermissionTag in Module "deployment.qto.war" from Service Module Loader: java.lang.NoClassDefFoundError: Failed to link org/apache/shiro/web/tags/PermissionTag (Module "deployment.qto.war" from Service Module Loader): Failed to link org/apache/shiro/web/tags/SecureTag (Module "deployment.qto.war" from Service Module Loader): javax/servlet/jsp/tagext/TagSupport
	at java.base/java.lang.ClassLoader.defineClass1(Native Method)
	at java.base/java.lang.ClassLoader.defineClass(ClassLoader.java:1017)
	at java.base/java.lang.ClassLoader.defineClass(ClassLoader.java:1095)
	at org.jboss.modules.ModuleClassLoader.doDefineOrLoadClass(ModuleClassLoader.java:351)
	at org.jboss.modules.ModuleClassLoader.defineClass(ModuleClassLoader.java:482)
	at org.jboss.modules.ModuleClassLoader.loadClassLocal(ModuleClassLoader.java:276)
	at org.jboss.modules.ModuleClassLoader$1.loadClassLocal(ModuleClassLoader.java:79)
	at org.jboss.modules.Module.loadModuleClass(Module.java:765)
	at org.jboss.modules.ModuleClassLoader.findClass(ModuleClassLoader.java:192)
	at org.jboss.modules.ConcurrentClassLoader.performLoadClassUnchecked(ConcurrentClassLoader.java:410)
	at org.jboss.modules.ConcurrentClassLoader.performLoadClass(ConcurrentClassLoader.java:398)
	at org.jboss.modules.ConcurrentClassLoader.loadClass(ConcurrentClassLoader.java:116)
	at java.base/java.lang.ClassLoader.defineClass1(Native Method)
	at java.base/java.lang.ClassLoader.defineClass(ClassLoader.java:1017)
	at java.base/java.lang.ClassLoader.defineClass(ClassLoader.java:1095)
	at org.jboss.modules.ModuleClassLoader.doDefineOrLoadClass(ModuleClassLoader.java:351)
	at org.jboss.modules.ModuleClassLoader.defineClass(ModuleClassLoader.java:482)
	at org.jboss.modules.ModuleClassLoader.loadClassLocal(ModuleClassLoader.java:276)
	at org.jboss.modules.ModuleClassLoader$1.loadClassLocal(ModuleClassLoader.java:79)
	at org.jboss.modules.Module.loadModuleClass(Module.java:765)
	at org.jboss.modules.ModuleClassLoader.findClass(ModuleClassLoader.java:192)
	at org.jboss.modules.ConcurrentClassLoader.performLoadClassUnchecked(ConcurrentClassLoader.java:410)
	at org.jboss.modules.ConcurrentClassLoader.performLoadClass(ConcurrentClassLoader.java:398)
	at org.jboss.modules.ConcurrentClassLoader.loadClass(ConcurrentClassLoader.java:116)
	at java.base/java.lang.ClassLoader.defineClass1(Native Method)
	at java.base/java.lang.ClassLoader.defineClass(ClassLoader.java:1017)
	at java.base/java.lang.ClassLoader.defineClass(ClassLoader.java:1095)
	at org.jboss.modules.ModuleClassLoader.doDefineOrLoadClass(ModuleClassLoader.java:351)
	at org.jboss.modules.ModuleClassLoader.defineClass(ModuleClassLoader.java:482)
	at org.jboss.modules.ModuleClassLoader.loadClassLocal(ModuleClassLoader.java:276)
	at org.jboss.modules.ModuleClassLoader$1.loadClassLocal(ModuleClassLoader.java:79)
	at org.jboss.modules.Module.loadModuleClass(Module.java:765)
	at org.jboss.modules.ModuleClassLoader.findClass(ModuleClassLoader.java:192)
	at org.jboss.modules.ConcurrentClassLoader.performLoadClassUnchecked(ConcurrentClassLoader.java:410)
	at org.jboss.modules.ConcurrentClassLoader.performLoadClass(ConcurrentClassLoader.java:398)
	at org.jboss.modules.ConcurrentClassLoader.loadClass(ConcurrentClassLoader.java:116)
	at java.base/java.lang.Class.forName0(Native Method)
	at java.base/java.lang.Class.forName(Class.java:467)
	at org.jboss.as.ee@27.0.1.Final//org.jboss.as.ee.utils.ClassLoadingUtils.loadClass(ClassLoadingUtils.java:21)
	at org.jboss.as.ee@27.0.1.Final//org.jboss.as.ee.component.deployers.EEModuleConfigurationProcessor.deploy(EEModuleConfigurationProcessor.java:80)
	at org.jboss.as.server@19.0.1.Final//org.jboss.as.server.deployment.DeploymentUnitPhaseService.start(DeploymentUnitPhaseService.java:182)
	at org.jboss.msc@1.4.13.Final//org.jboss.msc.service.ServiceControllerImpl$StartTask.startService(ServiceControllerImpl.java:1739)
	at org.jboss.msc@1.4.13.Final//org.jboss.msc.service.ServiceControllerImpl$StartTask.execute(ServiceControllerImpl.java:1701)
	at org.jboss.msc@1.4.13.Final//org.jboss.msc.service.ServiceControllerImpl$ControllerTask.run(ServiceControllerImpl.java:1559)
	at org.jboss.threads@2.4.0.Final//org.jboss.threads.ContextClassLoaderSavingRunnable.run(ContextClassLoaderSavingRunnable.java:35)
	at org.jboss.threads@2.4.0.Final//org.jboss.threads.EnhancedQueueExecutor.safeRun(EnhancedQueueExecutor.java:1990)
	at org.jboss.threads@2.4.0.Final//org.jboss.threads.EnhancedQueueExecutor$ThreadBody.doRunTask(EnhancedQueueExecutor.java:1486)
	at org.jboss.threads@2.4.0.Final//org.jboss.threads.EnhancedQueueExecutor$ThreadBody.run(EnhancedQueueExecutor.java:1377)
	at java.base/java.lang.Thread.run(Thread.java:840)

[0m[33m11:35:08,987 WARN  [org.jboss.modules.define] (MSC service thread 1-6) Failed to define class org.apache.shiro.web.tags.LacksPermissionTag in Module "deployment.qto.war" from Service Module Loader: java.lang.NoClassDefFoundError: Failed to link org/apache/shiro/web/tags/LacksPermissionTag (Module "deployment.qto.war" from Service Module Loader): Failed to link org/apache/shiro/web/tags/PermissionTag (Module "deployment.qto.war" from Service Module Loader): Failed to link org/apache/shiro/web/tags/SecureTag (Module "deployment.qto.war" from Service Module Loader): javax/servlet/jsp/tagext/TagSupport
	at java.base/java.lang.ClassLoader.defineClass1(Native Method)
	at java.base/java.lang.ClassLoader.defineClass(ClassLoader.java:1017)
	at java.base/java.lang.ClassLoader.defineClass(ClassLoader.java:1095)
	at org.jboss.modules.ModuleClassLoader.doDefineOrLoadClass(ModuleClassLoader.java:351)
	at org.jboss.modules.ModuleClassLoader.defineClass(ModuleClassLoader.java:482)
	at org.jboss.modules.ModuleClassLoader.loadClassLocal(ModuleClassLoader.java:276)
	at org.jboss.modules.ModuleClassLoader$1.loadClassLocal(ModuleClassLoader.java:79)
	at org.jboss.modules.Module.loadModuleClass(Module.java:765)
	at org.jboss.modules.ModuleClassLoader.findClass(ModuleClassLoader.java:192)
	at org.jboss.modules.ConcurrentClassLoader.performLoadClassUnchecked(ConcurrentClassLoader.java:410)
	at org.jboss.modules.ConcurrentClassLoader.performLoadClass(ConcurrentClassLoader.java:398)
	at org.jboss.modules.ConcurrentClassLoader.loadClass(ConcurrentClassLoader.java:116)
	at java.base/java.lang.ClassLoader.defineClass1(Native Method)
	at java.base/java.lang.ClassLoader.defineClass(ClassLoader.java:1017)
	at java.base/java.lang.ClassLoader.defineClass(ClassLoader.java:1095)
	at org.jboss.modules.ModuleClassLoader.doDefineOrLoadClass(ModuleClassLoader.java:351)
	at org.jboss.modules.ModuleClassLoader.defineClass(ModuleClassLoader.java:482)
	at org.jboss.modules.ModuleClassLoader.loadClassLocal(ModuleClassLoader.java:276)
	at org.jboss.modules.ModuleClassLoader$1.loadClassLocal(ModuleClassLoader.java:79)
	at org.jboss.modules.Module.loadModuleClass(Module.java:765)
	at org.jboss.modules.ModuleClassLoader.findClass(ModuleClassLoader.java:192)
	at org.jboss.modules.ConcurrentClassLoader.performLoadClassUnchecked(ConcurrentClassLoader.java:410)
	at org.jboss.modules.ConcurrentClassLoader.performLoadClass(ConcurrentClassLoader.java:398)
	at org.jboss.modules.ConcurrentClassLoader.loadClass(ConcurrentClassLoader.java:116)
	at java.base/java.lang.ClassLoader.defineClass1(Native Method)
	at java.base/java.lang.ClassLoader.defineClass(ClassLoader.java:1017)
	at java.base/java.lang.ClassLoader.defineClass(ClassLoader.java:1095)
	at org.jboss.modules.ModuleClassLoader.doDefineOrLoadClass(ModuleClassLoader.java:351)
	at org.jboss.modules.ModuleClassLoader.defineClass(ModuleClassLoader.java:482)
	at org.jboss.modules.ModuleClassLoader.loadClassLocal(ModuleClassLoader.java:276)
	at org.jboss.modules.ModuleClassLoader$1.loadClassLocal(ModuleClassLoader.java:79)
	at org.jboss.modules.Module.loadModuleClass(Module.java:765)
	at org.jboss.modules.ModuleClassLoader.findClass(ModuleClassLoader.java:192)
	at org.jboss.modules.ConcurrentClassLoader.performLoadClassUnchecked(ConcurrentClassLoader.java:410)
	at org.jboss.modules.ConcurrentClassLoader.performLoadClass(ConcurrentClassLoader.java:398)
	at org.jboss.modules.ConcurrentClassLoader.loadClass(ConcurrentClassLoader.java:116)
	at java.base/java.lang.Class.forName0(Native Method)
	at java.base/java.lang.Class.forName(Class.java:467)
	at org.jboss.as.ee@27.0.1.Final//org.jboss.as.ee.utils.ClassLoadingUtils.loadClass(ClassLoadingUtils.java:21)
	at org.jboss.as.ee@27.0.1.Final//org.jboss.as.ee.component.deployers.EEModuleConfigurationProcessor.deploy(EEModuleConfigurationProcessor.java:80)
	at org.jboss.as.server@19.0.1.Final//org.jboss.as.server.deployment.DeploymentUnitPhaseService.start(DeploymentUnitPhaseService.java:182)
	at org.jboss.msc@1.4.13.Final//org.jboss.msc.service.ServiceControllerImpl$StartTask.startService(ServiceControllerImpl.java:1739)
	at org.jboss.msc@1.4.13.Final//org.jboss.msc.service.ServiceControllerImpl$StartTask.execute(ServiceControllerImpl.java:1701)
	at org.jboss.msc@1.4.13.Final//org.jboss.msc.service.ServiceControllerImpl$ControllerTask.run(ServiceControllerImpl.java:1559)
	at org.jboss.threads@2.4.0.Final//org.jboss.threads.ContextClassLoaderSavingRunnable.run(ContextClassLoaderSavingRunnable.java:35)
	at org.jboss.threads@2.4.0.Final//org.jboss.threads.EnhancedQueueExecutor.safeRun(EnhancedQueueExecutor.java:1990)
	at org.jboss.threads@2.4.0.Final//org.jboss.threads.EnhancedQueueExecutor$ThreadBody.doRunTask(EnhancedQueueExecutor.java:1486)
	at org.jboss.threads@2.4.0.Final//org.jboss.threads.EnhancedQueueExecutor$ThreadBody.run(EnhancedQueueExecutor.java:1377)
	at java.base/java.lang.Thread.run(Thread.java:840)

[0m[33m11:35:08,987 WARN  [org.jboss.as.ee] (MSC service thread 1-6) WFLYEE0007: Not installing optional component org.apache.shiro.web.tags.LacksPermissionTag due to an exception (enable DEBUG log level to see the cause)
[0m[33m11:35:08,987 WARN  [org.jboss.modules.define] (MSC service thread 1-6) Failed to define class org.apache.shiro.web.tags.SecureTag in Module "deployment.qto.war" from Service Module Loader: java.lang.NoClassDefFoundError: Failed to link org/apache/shiro/web/tags/SecureTag (Module "deployment.qto.war" from Service Module Loader): javax/servlet/jsp/tagext/TagSupport
	at java.base/java.lang.ClassLoader.defineClass1(Native Method)
	at java.base/java.lang.ClassLoader.defineClass(ClassLoader.java:1017)
	at java.base/java.lang.ClassLoader.defineClass(ClassLoader.java:1095)
	at org.jboss.modules.ModuleClassLoader.doDefineOrLoadClass(ModuleClassLoader.java:351)
	at org.jboss.modules.ModuleClassLoader.defineClass(ModuleClassLoader.java:482)
	at org.jboss.modules.ModuleClassLoader.loadClassLocal(ModuleClassLoader.java:276)
	at org.jboss.modules.ModuleClassLoader$1.loadClassLocal(ModuleClassLoader.java:79)
	at org.jboss.modules.Module.loadModuleClass(Module.java:765)
	at org.jboss.modules.ModuleClassLoader.findClass(ModuleClassLoader.java:192)
	at org.jboss.modules.ConcurrentClassLoader.performLoadClassUnchecked(ConcurrentClassLoader.java:410)
	at org.jboss.modules.ConcurrentClassLoader.performLoadClass(ConcurrentClassLoader.java:398)
	at org.jboss.modules.ConcurrentClassLoader.loadClass(ConcurrentClassLoader.java:116)
	at java.base/java.lang.ClassLoader.defineClass1(Native Method)
	at java.base/java.lang.ClassLoader.defineClass(ClassLoader.java:1017)
	at java.base/java.lang.ClassLoader.defineClass(ClassLoader.java:1095)
	at org.jboss.modules.ModuleClassLoader.doDefineOrLoadClass(ModuleClassLoader.java:351)
	at org.jboss.modules.ModuleClassLoader.defineClass(ModuleClassLoader.java:482)
	at org.jboss.modules.ModuleClassLoader.loadClassLocal(ModuleClassLoader.java:276)
	at org.jboss.modules.ModuleClassLoader$1.loadClassLocal(ModuleClassLoader.java:79)
	at org.jboss.modules.Module.loadModuleClass(Module.java:765)
	at org.jboss.modules.ModuleClassLoader.findClass(ModuleClassLoader.java:192)
	at org.jboss.modules.ConcurrentClassLoader.performLoadClassUnchecked(ConcurrentClassLoader.java:410)
	at org.jboss.modules.ConcurrentClassLoader.performLoadClass(ConcurrentClassLoader.java:398)
	at org.jboss.modules.ConcurrentClassLoader.loadClass(ConcurrentClassLoader.java:116)
	at java.base/java.lang.ClassLoader.defineClass1(Native Method)
	at java.base/java.lang.ClassLoader.defineClass(ClassLoader.java:1017)
	at java.base/java.lang.ClassLoader.defineClass(ClassLoader.java:1095)
	at org.jboss.modules.ModuleClassLoader.doDefineOrLoadClass(ModuleClassLoader.java:351)
	at org.jboss.modules.ModuleClassLoader.defineClass(ModuleClassLoader.java:482)
	at org.jboss.modules.ModuleClassLoader.loadClassLocal(ModuleClassLoader.java:276)
	at org.jboss.modules.ModuleClassLoader$1.loadClassLocal(ModuleClassLoader.java:79)
	at org.jboss.modules.Module.loadModuleClass(Module.java:765)
	at org.jboss.modules.ModuleClassLoader.findClass(ModuleClassLoader.java:192)
	at org.jboss.modules.ConcurrentClassLoader.performLoadClassUnchecked(ConcurrentClassLoader.java:410)
	at org.jboss.modules.ConcurrentClassLoader.performLoadClass(ConcurrentClassLoader.java:398)
	at org.jboss.modules.ConcurrentClassLoader.loadClass(ConcurrentClassLoader.java:116)
	at java.base/java.lang.Class.forName0(Native Method)
	at java.base/java.lang.Class.forName(Class.java:467)
	at org.jboss.as.ee@27.0.1.Final//org.jboss.as.ee.utils.ClassLoadingUtils.loadClass(ClassLoadingUtils.java:21)
	at org.jboss.as.ee@27.0.1.Final//org.jboss.as.ee.component.deployers.EEModuleConfigurationProcessor.deploy(EEModuleConfigurationProcessor.java:80)
	at org.jboss.as.server@19.0.1.Final//org.jboss.as.server.deployment.DeploymentUnitPhaseService.start(DeploymentUnitPhaseService.java:182)
	at org.jboss.msc@1.4.13.Final//org.jboss.msc.service.ServiceControllerImpl$StartTask.startService(ServiceControllerImpl.java:1739)
	at org.jboss.msc@1.4.13.Final//org.jboss.msc.service.ServiceControllerImpl$StartTask.execute(ServiceControllerImpl.java:1701)
	at org.jboss.msc@1.4.13.Final//org.jboss.msc.service.ServiceControllerImpl$ControllerTask.run(ServiceControllerImpl.java:1559)
	at org.jboss.threads@2.4.0.Final//org.jboss.threads.ContextClassLoaderSavingRunnable.run(ContextClassLoaderSavingRunnable.java:35)
	at org.jboss.threads@2.4.0.Final//org.jboss.threads.EnhancedQueueExecutor.safeRun(EnhancedQueueExecutor.java:1990)
	at org.jboss.threads@2.4.0.Final//org.jboss.threads.EnhancedQueueExecutor$ThreadBody.doRunTask(EnhancedQueueExecutor.java:1486)
	at org.jboss.threads@2.4.0.Final//org.jboss.threads.EnhancedQueueExecutor$ThreadBody.run(EnhancedQueueExecutor.java:1377)
	at java.base/java.lang.Thread.run(Thread.java:840)

[0m[33m11:35:08,987 WARN  [org.jboss.modules.define] (MSC service thread 1-6) Failed to define class org.apache.shiro.web.tags.PermissionTag in Module "deployment.qto.war" from Service Module Loader: java.lang.NoClassDefFoundError: Failed to link org/apache/shiro/web/tags/PermissionTag (Module "deployment.qto.war" from Service Module Loader): Failed to link org/apache/shiro/web/tags/SecureTag (Module "deployment.qto.war" from Service Module Loader): javax/servlet/jsp/tagext/TagSupport
	at java.base/java.lang.ClassLoader.defineClass1(Native Method)
	at java.base/java.lang.ClassLoader.defineClass(ClassLoader.java:1017)
	at java.base/java.lang.ClassLoader.defineClass(ClassLoader.java:1095)
	at org.jboss.modules.ModuleClassLoader.doDefineOrLoadClass(ModuleClassLoader.java:351)
	at org.jboss.modules.ModuleClassLoader.defineClass(ModuleClassLoader.java:482)
	at org.jboss.modules.ModuleClassLoader.loadClassLocal(ModuleClassLoader.java:276)
	at org.jboss.modules.ModuleClassLoader$1.loadClassLocal(ModuleClassLoader.java:79)
	at org.jboss.modules.Module.loadModuleClass(Module.java:765)
	at org.jboss.modules.ModuleClassLoader.findClass(ModuleClassLoader.java:192)
	at org.jboss.modules.ConcurrentClassLoader.performLoadClassUnchecked(ConcurrentClassLoader.java:410)
	at org.jboss.modules.ConcurrentClassLoader.performLoadClass(ConcurrentClassLoader.java:398)
	at org.jboss.modules.ConcurrentClassLoader.loadClass(ConcurrentClassLoader.java:116)
	at java.base/java.lang.ClassLoader.defineClass1(Native Method)
	at java.base/java.lang.ClassLoader.defineClass(ClassLoader.java:1017)
	at java.base/java.lang.ClassLoader.defineClass(ClassLoader.java:1095)
	at org.jboss.modules.ModuleClassLoader.doDefineOrLoadClass(ModuleClassLoader.java:351)
	at org.jboss.modules.ModuleClassLoader.defineClass(ModuleClassLoader.java:482)
	at org.jboss.modules.ModuleClassLoader.loadClassLocal(ModuleClassLoader.java:276)
	at org.jboss.modules.ModuleClassLoader$1.loadClassLocal(ModuleClassLoader.java:79)
	at org.jboss.modules.Module.loadModuleClass(Module.java:765)
	at org.jboss.modules.ModuleClassLoader.findClass(ModuleClassLoader.java:192)
	at org.jboss.modules.ConcurrentClassLoader.performLoadClassUnchecked(ConcurrentClassLoader.java:410)
	at org.jboss.modules.ConcurrentClassLoader.performLoadClass(ConcurrentClassLoader.java:398)
	at org.jboss.modules.ConcurrentClassLoader.loadClass(ConcurrentClassLoader.java:116)
	at java.base/java.lang.ClassLoader.defineClass1(Native Method)
	at java.base/java.lang.ClassLoader.defineClass(ClassLoader.java:1017)
	at java.base/java.lang.ClassLoader.defineClass(ClassLoader.java:1095)
	at org.jboss.modules.ModuleClassLoader.doDefineOrLoadClass(ModuleClassLoader.java:351)
	at org.jboss.modules.ModuleClassLoader.defineClass(ModuleClassLoader.java:482)
	at org.jboss.modules.ModuleClassLoader.loadClassLocal(ModuleClassLoader.java:276)
	at org.jboss.modules.ModuleClassLoader$1.loadClassLocal(ModuleClassLoader.java:79)
	at org.jboss.modules.Module.loadModuleClass(Module.java:765)
	at org.jboss.modules.ModuleClassLoader.findClass(ModuleClassLoader.java:192)
	at org.jboss.modules.ConcurrentClassLoader.performLoadClassUnchecked(ConcurrentClassLoader.java:410)
	at org.jboss.modules.ConcurrentClassLoader.performLoadClass(ConcurrentClassLoader.java:398)
	at org.jboss.modules.ConcurrentClassLoader.loadClass(ConcurrentClassLoader.java:116)
	at java.base/java.lang.Class.forName0(Native Method)
	at java.base/java.lang.Class.forName(Class.java:467)
	at org.jboss.as.ee@27.0.1.Final//org.jboss.as.ee.utils.ClassLoadingUtils.loadClass(ClassLoadingUtils.java:21)
	at org.jboss.as.ee@27.0.1.Final//org.jboss.as.ee.component.deployers.EEModuleConfigurationProcessor.deploy(EEModuleConfigurationProcessor.java:80)
	at org.jboss.as.server@19.0.1.Final//org.jboss.as.server.deployment.DeploymentUnitPhaseService.start(DeploymentUnitPhaseService.java:182)
	at org.jboss.msc@1.4.13.Final//org.jboss.msc.service.ServiceControllerImpl$StartTask.startService(ServiceControllerImpl.java:1739)
	at org.jboss.msc@1.4.13.Final//org.jboss.msc.service.ServiceControllerImpl$StartTask.execute(ServiceControllerImpl.java:1701)
	at org.jboss.msc@1.4.13.Final//org.jboss.msc.service.ServiceControllerImpl$ControllerTask.run(ServiceControllerImpl.java:1559)
	at org.jboss.threads@2.4.0.Final//org.jboss.threads.ContextClassLoaderSavingRunnable.run(ContextClassLoaderSavingRunnable.java:35)
	at org.jboss.threads@2.4.0.Final//org.jboss.threads.EnhancedQueueExecutor.safeRun(EnhancedQueueExecutor.java:1990)
	at org.jboss.threads@2.4.0.Final//org.jboss.threads.EnhancedQueueExecutor$ThreadBody.doRunTask(EnhancedQueueExecutor.java:1486)
	at org.jboss.threads@2.4.0.Final//org.jboss.threads.EnhancedQueueExecutor$ThreadBody.run(EnhancedQueueExecutor.java:1377)
	at java.base/java.lang.Thread.run(Thread.java:840)

[0m[33m11:35:08,987 WARN  [org.jboss.modules.define] (MSC service thread 1-6) Failed to define class org.apache.shiro.web.tags.HasPermissionTag in Module "deployment.qto.war" from Service Module Loader: java.lang.NoClassDefFoundError: Failed to link org/apache/shiro/web/tags/HasPermissionTag (Module "deployment.qto.war" from Service Module Loader): Failed to link org/apache/shiro/web/tags/PermissionTag (Module "deployment.qto.war" from Service Module Loader): Failed to link org/apache/shiro/web/tags/SecureTag (Module "deployment.qto.war" from Service Module Loader): javax/servlet/jsp/tagext/TagSupport
	at java.base/java.lang.ClassLoader.defineClass1(Native Method)
	at java.base/java.lang.ClassLoader.defineClass(ClassLoader.java:1017)
	at java.base/java.lang.ClassLoader.defineClass(ClassLoader.java:1095)
	at org.jboss.modules.ModuleClassLoader.doDefineOrLoadClass(ModuleClassLoader.java:351)
	at org.jboss.modules.ModuleClassLoader.defineClass(ModuleClassLoader.java:482)
	at org.jboss.modules.ModuleClassLoader.loadClassLocal(ModuleClassLoader.java:276)
	at org.jboss.modules.ModuleClassLoader$1.loadClassLocal(ModuleClassLoader.java:79)
	at org.jboss.modules.Module.loadModuleClass(Module.java:765)
	at org.jboss.modules.ModuleClassLoader.findClass(ModuleClassLoader.java:192)
	at org.jboss.modules.ConcurrentClassLoader.performLoadClassUnchecked(ConcurrentClassLoader.java:410)
	at org.jboss.modules.ConcurrentClassLoader.performLoadClass(ConcurrentClassLoader.java:398)
	at org.jboss.modules.ConcurrentClassLoader.loadClass(ConcurrentClassLoader.java:116)
	at java.base/java.lang.ClassLoader.defineClass1(Native Method)
	at java.base/java.lang.ClassLoader.defineClass(ClassLoader.java:1017)
	at java.base/java.lang.ClassLoader.defineClass(ClassLoader.java:1095)
	at org.jboss.modules.ModuleClassLoader.doDefineOrLoadClass(ModuleClassLoader.java:351)
	at org.jboss.modules.ModuleClassLoader.defineClass(ModuleClassLoader.java:482)
	at org.jboss.modules.ModuleClassLoader.loadClassLocal(ModuleClassLoader.java:276)
	at org.jboss.modules.ModuleClassLoader$1.loadClassLocal(ModuleClassLoader.java:79)
	at org.jboss.modules.Module.loadModuleClass(Module.java:765)
	at org.jboss.modules.ModuleClassLoader.findClass(ModuleClassLoader.java:192)
	at org.jboss.modules.ConcurrentClassLoader.performLoadClassUnchecked(ConcurrentClassLoader.java:410)
	at org.jboss.modules.ConcurrentClassLoader.performLoadClass(ConcurrentClassLoader.java:398)
	at org.jboss.modules.ConcurrentClassLoader.loadClass(ConcurrentClassLoader.java:116)
	at java.base/java.lang.ClassLoader.defineClass1(Native Method)
	at java.base/java.lang.ClassLoader.defineClass(ClassLoader.java:1017)
	at java.base/java.lang.ClassLoader.defineClass(ClassLoader.java:1095)
	at org.jboss.modules.ModuleClassLoader.doDefineOrLoadClass(ModuleClassLoader.java:351)
	at org.jboss.modules.ModuleClassLoader.defineClass(ModuleClassLoader.java:482)
	at org.jboss.modules.ModuleClassLoader.loadClassLocal(ModuleClassLoader.java:276)
	at org.jboss.modules.ModuleClassLoader$1.loadClassLocal(ModuleClassLoader.java:79)
	at org.jboss.modules.Module.loadModuleClass(Module.java:765)
	at org.jboss.modules.ModuleClassLoader.findClass(ModuleClassLoader.java:192)
	at org.jboss.modules.ConcurrentClassLoader.performLoadClassUnchecked(ConcurrentClassLoader.java:410)
	at org.jboss.modules.ConcurrentClassLoader.performLoadClass(ConcurrentClassLoader.java:398)
	at org.jboss.modules.ConcurrentClassLoader.loadClass(ConcurrentClassLoader.java:116)
	at java.base/java.lang.Class.forName0(Native Method)
	at java.base/java.lang.Class.forName(Class.java:467)
	at org.jboss.as.ee@27.0.1.Final//org.jboss.as.ee.utils.ClassLoadingUtils.loadClass(ClassLoadingUtils.java:21)
	at org.jboss.as.ee@27.0.1.Final//org.jboss.as.ee.component.deployers.EEModuleConfigurationProcessor.deploy(EEModuleConfigurationProcessor.java:80)
	at org.jboss.as.server@19.0.1.Final//org.jboss.as.server.deployment.DeploymentUnitPhaseService.start(DeploymentUnitPhaseService.java:182)
	at org.jboss.msc@1.4.13.Final//org.jboss.msc.service.ServiceControllerImpl$StartTask.startService(ServiceControllerImpl.java:1739)
	at org.jboss.msc@1.4.13.Final//org.jboss.msc.service.ServiceControllerImpl$StartTask.execute(ServiceControllerImpl.java:1701)
	at org.jboss.msc@1.4.13.Final//org.jboss.msc.service.ServiceControllerImpl$ControllerTask.run(ServiceControllerImpl.java:1559)
	at org.jboss.threads@2.4.0.Final//org.jboss.threads.ContextClassLoaderSavingRunnable.run(ContextClassLoaderSavingRunnable.java:35)
	at org.jboss.threads@2.4.0.Final//org.jboss.threads.EnhancedQueueExecutor.safeRun(EnhancedQueueExecutor.java:1990)
	at org.jboss.threads@2.4.0.Final//org.jboss.threads.EnhancedQueueExecutor$ThreadBody.doRunTask(EnhancedQueueExecutor.java:1486)
	at org.jboss.threads@2.4.0.Final//org.jboss.threads.EnhancedQueueExecutor$ThreadBody.run(EnhancedQueueExecutor.java:1377)
	at java.base/java.lang.Thread.run(Thread.java:840)

[0m[33m11:35:08,987 WARN  [org.jboss.as.ee] (MSC service thread 1-6) WFLYEE0007: Not installing optional component org.apache.shiro.web.tags.HasPermissionTag due to an exception (enable DEBUG log level to see the cause)
[0m[33m11:35:08,988 WARN  [org.jboss.modules.define] (MSC service thread 1-6) Failed to define class org.apache.shiro.web.servlet.AbstractFilter in Module "deployment.qto.war" from Service Module Loader: java.lang.NoClassDefFoundError: Failed to link org/apache/shiro/web/servlet/AbstractFilter (Module "deployment.qto.war" from Service Module Loader): javax/servlet/Filter
	at java.base/java.lang.ClassLoader.defineClass1(Native Method)
	at java.base/java.lang.ClassLoader.defineClass(ClassLoader.java:1017)
	at java.base/java.lang.ClassLoader.defineClass(ClassLoader.java:1095)
	at org.jboss.modules.ModuleClassLoader.doDefineOrLoadClass(ModuleClassLoader.java:351)
	at org.jboss.modules.ModuleClassLoader.defineClass(ModuleClassLoader.java:482)
	at org.jboss.modules.ModuleClassLoader.loadClassLocal(ModuleClassLoader.java:276)
	at org.jboss.modules.ModuleClassLoader$1.loadClassLocal(ModuleClassLoader.java:79)
	at org.jboss.modules.Module.loadModuleClass(Module.java:765)
	at org.jboss.modules.ModuleClassLoader.findClass(ModuleClassLoader.java:192)
	at org.jboss.modules.ConcurrentClassLoader.performLoadClassUnchecked(ConcurrentClassLoader.java:410)
	at org.jboss.modules.ConcurrentClassLoader.performLoadClass(ConcurrentClassLoader.java:398)
	at org.jboss.modules.ConcurrentClassLoader.loadClass(ConcurrentClassLoader.java:116)
	at java.base/java.lang.ClassLoader.defineClass1(Native Method)
	at java.base/java.lang.ClassLoader.defineClass(ClassLoader.java:1017)
	at java.base/java.lang.ClassLoader.defineClass(ClassLoader.java:1095)
	at org.jboss.modules.ModuleClassLoader.doDefineOrLoadClass(ModuleClassLoader.java:351)
	at org.jboss.modules.ModuleClassLoader.defineClass(ModuleClassLoader.java:482)
	at org.jboss.modules.ModuleClassLoader.loadClassLocal(ModuleClassLoader.java:276)
	at org.jboss.modules.ModuleClassLoader$1.loadClassLocal(ModuleClassLoader.java:79)
	at org.jboss.modules.Module.loadModuleClass(Module.java:765)
	at org.jboss.modules.ModuleClassLoader.findClass(ModuleClassLoader.java:192)
	at org.jboss.modules.ConcurrentClassLoader.performLoadClassUnchecked(ConcurrentClassLoader.java:410)
	at org.jboss.modules.ConcurrentClassLoader.performLoadClass(ConcurrentClassLoader.java:398)
	at org.jboss.modules.ConcurrentClassLoader.loadClass(ConcurrentClassLoader.java:116)
	at java.base/java.lang.ClassLoader.defineClass1(Native Method)
	at java.base/java.lang.ClassLoader.defineClass(ClassLoader.java:1017)
	at java.base/java.lang.ClassLoader.defineClass(ClassLoader.java:1095)
	at org.jboss.modules.ModuleClassLoader.doDefineOrLoadClass(ModuleClassLoader.java:351)
	at org.jboss.modules.ModuleClassLoader.defineClass(ModuleClassLoader.java:482)
	at org.jboss.modules.ModuleClassLoader.loadClassLocal(ModuleClassLoader.java:276)
	at org.jboss.modules.ModuleClassLoader$1.loadClassLocal(ModuleClassLoader.java:79)
	at org.jboss.modules.Module.loadModuleClass(Module.java:765)
	at org.jboss.modules.ModuleClassLoader.findClass(ModuleClassLoader.java:192)
	at org.jboss.modules.ConcurrentClassLoader.performLoadClassUnchecked(ConcurrentClassLoader.java:410)
	at org.jboss.modules.ConcurrentClassLoader.performLoadClass(ConcurrentClassLoader.java:398)
	at org.jboss.modules.ConcurrentClassLoader.loadClass(ConcurrentClassLoader.java:116)
	at java.base/java.lang.ClassLoader.defineClass1(Native Method)
	at java.base/java.lang.ClassLoader.defineClass(ClassLoader.java:1017)
	at java.base/java.lang.ClassLoader.defineClass(ClassLoader.java:1095)
	at org.jboss.modules.ModuleClassLoader.doDefineOrLoadClass(ModuleClassLoader.java:351)
	at org.jboss.modules.ModuleClassLoader.defineClass(ModuleClassLoader.java:482)
	at org.jboss.modules.ModuleClassLoader.loadClassLocal(ModuleClassLoader.java:276)
	at org.jboss.modules.ModuleClassLoader$1.loadClassLocal(ModuleClassLoader.java:79)
	at org.jboss.modules.Module.loadModuleClass(Module.java:765)
	at org.jboss.modules.ModuleClassLoader.findClass(ModuleClassLoader.java:192)
	at org.jboss.modules.ConcurrentClassLoader.performLoadClassUnchecked(ConcurrentClassLoader.java:410)
	at org.jboss.modules.ConcurrentClassLoader.performLoadClass(ConcurrentClassLoader.java:398)
	at org.jboss.modules.ConcurrentClassLoader.loadClass(ConcurrentClassLoader.java:116)
	at java.base/java.lang.ClassLoader.defineClass1(Native Method)
	at java.base/java.lang.ClassLoader.defineClass(ClassLoader.java:1017)
	at java.base/java.lang.ClassLoader.defineClass(ClassLoader.java:1095)
	at org.jboss.modules.ModuleClassLoader.doDefineOrLoadClass(ModuleClassLoader.java:351)
	at org.jboss.modules.ModuleClassLoader.defineClass(ModuleClassLoader.java:482)
	at org.jboss.modules.ModuleClassLoader.loadClassLocal(ModuleClassLoader.java:276)
	at org.jboss.modules.ModuleClassLoader$1.loadClassLocal(ModuleClassLoader.java:79)
	at org.jboss.modules.Module.loadModuleClass(Module.java:765)
	at org.jboss.modules.ModuleClassLoader.findClass(ModuleClassLoader.java:192)
	at org.jboss.modules.ConcurrentClassLoader.performLoadClassUnchecked(ConcurrentClassLoader.java:410)
	at org.jboss.modules.ConcurrentClassLoader.performLoadClass(ConcurrentClassLoader.java:398)
	at org.jboss.modules.ConcurrentClassLoader.loadClass(ConcurrentClassLoader.java:116)
	at java.base/java.lang.ClassLoader.defineClass1(Native Method)
	at java.base/java.lang.ClassLoader.defineClass(ClassLoader.java:1017)
	at java.base/java.lang.ClassLoader.defineClass(ClassLoader.java:1095)
	at org.jboss.modules.ModuleClassLoader.doDefineOrLoadClass(ModuleClassLoader.java:351)
	at org.jboss.modules.ModuleClassLoader.defineClass(ModuleClassLoader.java:482)
	at org.jboss.modules.ModuleClassLoader.loadClassLocal(ModuleClassLoader.java:276)
	at org.jboss.modules.ModuleClassLoader$1.loadClassLocal(ModuleClassLoader.java:79)
	at org.jboss.modules.Module.loadModuleClass(Module.java:765)
	at org.jboss.modules.ModuleClassLoader.findClass(ModuleClassLoader.java:192)
	at org.jboss.modules.ConcurrentClassLoader.performLoadClassUnchecked(ConcurrentClassLoader.java:410)
	at org.jboss.modules.ConcurrentClassLoader.performLoadClass(ConcurrentClassLoader.java:398)
	at org.jboss.modules.ConcurrentClassLoader.loadClass(ConcurrentClassLoader.java:116)
	at java.base/java.lang.Class.forName0(Native Method)
	at java.base/java.lang.Class.forName(Class.java:467)
	at org.jboss.as.ee@27.0.1.Final//org.jboss.as.ee.utils.ClassLoadingUtils.loadClass(ClassLoadingUtils.java:21)
	at org.jboss.as.ee@27.0.1.Final//org.jboss.as.ee.component.deployers.EEModuleConfigurationProcessor.deploy(EEModuleConfigurationProcessor.java:80)
	at org.jboss.as.server@19.0.1.Final//org.jboss.as.server.deployment.DeploymentUnitPhaseService.start(DeploymentUnitPhaseService.java:182)
	at org.jboss.msc@1.4.13.Final//org.jboss.msc.service.ServiceControllerImpl$StartTask.startService(ServiceControllerImpl.java:1739)
	at org.jboss.msc@1.4.13.Final//org.jboss.msc.service.ServiceControllerImpl$StartTask.execute(ServiceControllerImpl.java:1701)
	at org.jboss.msc@1.4.13.Final//org.jboss.msc.service.ServiceControllerImpl$ControllerTask.run(ServiceControllerImpl.java:1559)
	at org.jboss.threads@2.4.0.Final//org.jboss.threads.ContextClassLoaderSavingRunnable.run(ContextClassLoaderSavingRunnable.java:35)
	at org.jboss.threads@2.4.0.Final//org.jboss.threads.EnhancedQueueExecutor.safeRun(EnhancedQueueExecutor.java:1990)
	at org.jboss.threads@2.4.0.Final//org.jboss.threads.EnhancedQueueExecutor$ThreadBody.doRunTask(EnhancedQueueExecutor.java:1486)
	at org.jboss.threads@2.4.0.Final//org.jboss.threads.EnhancedQueueExecutor$ThreadBody.run(EnhancedQueueExecutor.java:1377)
	at java.base/java.lang.Thread.run(Thread.java:840)

[0m[33m11:35:08,989 WARN  [org.jboss.modules.define] (MSC service thread 1-6) Failed to define class org.apache.shiro.web.servlet.NameableFilter in Module "deployment.qto.war" from Service Module Loader: java.lang.NoClassDefFoundError: Failed to link org/apache/shiro/web/servlet/NameableFilter (Module "deployment.qto.war" from Service Module Loader): Failed to link org/apache/shiro/web/servlet/AbstractFilter (Module "deployment.qto.war" from Service Module Loader): javax/servlet/Filter
	at java.base/java.lang.ClassLoader.defineClass1(Native Method)
	at java.base/java.lang.ClassLoader.defineClass(ClassLoader.java:1017)
	at java.base/java.lang.ClassLoader.defineClass(ClassLoader.java:1095)
	at org.jboss.modules.ModuleClassLoader.doDefineOrLoadClass(ModuleClassLoader.java:351)
	at org.jboss.modules.ModuleClassLoader.defineClass(ModuleClassLoader.java:482)
	at org.jboss.modules.ModuleClassLoader.loadClassLocal(ModuleClassLoader.java:276)
	at org.jboss.modules.ModuleClassLoader$1.loadClassLocal(ModuleClassLoader.java:79)
	at org.jboss.modules.Module.loadModuleClass(Module.java:765)
	at org.jboss.modules.ModuleClassLoader.findClass(ModuleClassLoader.java:192)
	at org.jboss.modules.ConcurrentClassLoader.performLoadClassUnchecked(ConcurrentClassLoader.java:410)
	at org.jboss.modules.ConcurrentClassLoader.performLoadClass(ConcurrentClassLoader.java:398)
	at org.jboss.modules.ConcurrentClassLoader.loadClass(ConcurrentClassLoader.java:116)
	at java.base/java.lang.ClassLoader.defineClass1(Native Method)
	at java.base/java.lang.ClassLoader.defineClass(ClassLoader.java:1017)
	at java.base/java.lang.ClassLoader.defineClass(ClassLoader.java:1095)
	at org.jboss.modules.ModuleClassLoader.doDefineOrLoadClass(ModuleClassLoader.java:351)
	at org.jboss.modules.ModuleClassLoader.defineClass(ModuleClassLoader.java:482)
	at org.jboss.modules.ModuleClassLoader.loadClassLocal(ModuleClassLoader.java:276)
	at org.jboss.modules.ModuleClassLoader$1.loadClassLocal(ModuleClassLoader.java:79)
	at org.jboss.modules.Module.loadModuleClass(Module.java:765)
	at org.jboss.modules.ModuleClassLoader.findClass(ModuleClassLoader.java:192)
	at org.jboss.modules.ConcurrentClassLoader.performLoadClassUnchecked(ConcurrentClassLoader.java:410)
	at org.jboss.modules.ConcurrentClassLoader.performLoadClass(ConcurrentClassLoader.java:398)
	at org.jboss.modules.ConcurrentClassLoader.loadClass(ConcurrentClassLoader.java:116)
	at java.base/java.lang.ClassLoader.defineClass1(Native Method)
	at java.base/java.lang.ClassLoader.defineClass(ClassLoader.java:1017)
	at java.base/java.lang.ClassLoader.defineClass(ClassLoader.java:1095)
	at org.jboss.modules.ModuleClassLoader.doDefineOrLoadClass(ModuleClassLoader.java:351)
	at org.jboss.modules.ModuleClassLoader.defineClass(ModuleClassLoader.java:482)
	at org.jboss.modules.ModuleClassLoader.loadClassLocal(ModuleClassLoader.java:276)
	at org.jboss.modules.ModuleClassLoader$1.loadClassLocal(ModuleClassLoader.java:79)
	at org.jboss.modules.Module.loadModuleClass(Module.java:765)
	at org.jboss.modules.ModuleClassLoader.findClass(ModuleClassLoader.java:192)
	at org.jboss.modules.ConcurrentClassLoader.performLoadClassUnchecked(ConcurrentClassLoader.java:410)
	at org.jboss.modules.ConcurrentClassLoader.performLoadClass(ConcurrentClassLoader.java:398)
	at org.jboss.modules.ConcurrentClassLoader.loadClass(ConcurrentClassLoader.java:116)
	at java.base/java.lang.ClassLoader.defineClass1(Native Method)
	at java.base/java.lang.ClassLoader.defineClass(ClassLoader.java:1017)
	at java.base/java.lang.ClassLoader.defineClass(ClassLoader.java:1095)
	at org.jboss.modules.ModuleClassLoader.doDefineOrLoadClass(ModuleClassLoader.java:351)
	at org.jboss.modules.ModuleClassLoader.defineClass(ModuleClassLoader.java:482)
	at org.jboss.modules.ModuleClassLoader.loadClassLocal(ModuleClassLoader.java:276)
	at org.jboss.modules.ModuleClassLoader$1.loadClassLocal(ModuleClassLoader.java:79)
	at org.jboss.modules.Module.loadModuleClass(Module.java:765)
	at org.jboss.modules.ModuleClassLoader.findClass(ModuleClassLoader.java:192)
	at org.jboss.modules.ConcurrentClassLoader.performLoadClassUnchecked(ConcurrentClassLoader.java:410)
	at org.jboss.modules.ConcurrentClassLoader.performLoadClass(ConcurrentClassLoader.java:398)
	at org.jboss.modules.ConcurrentClassLoader.loadClass(ConcurrentClassLoader.java:116)
	at java.base/java.lang.ClassLoader.defineClass1(Native Method)
	at java.base/java.lang.ClassLoader.defineClass(ClassLoader.java:1017)
	at java.base/java.lang.ClassLoader.defineClass(ClassLoader.java:1095)
	at org.jboss.modules.ModuleClassLoader.doDefineOrLoadClass(ModuleClassLoader.java:351)
	at org.jboss.modules.ModuleClassLoader.defineClass(ModuleClassLoader.java:482)
	at org.jboss.modules.ModuleClassLoader.loadClassLocal(ModuleClassLoader.java:276)
	at org.jboss.modules.ModuleClassLoader$1.loadClassLocal(ModuleClassLoader.java:79)
	at org.jboss.modules.Module.loadModuleClass(Module.java:765)
	at org.jboss.modules.ModuleClassLoader.findClass(ModuleClassLoader.java:192)
	at org.jboss.modules.ConcurrentClassLoader.performLoadClassUnchecked(ConcurrentClassLoader.java:410)
	at org.jboss.modules.ConcurrentClassLoader.performLoadClass(ConcurrentClassLoader.java:398)
	at org.jboss.modules.ConcurrentClassLoader.loadClass(ConcurrentClassLoader.java:116)
	at java.base/java.lang.ClassLoader.defineClass1(Native Method)
	at java.base/java.lang.ClassLoader.defineClass(ClassLoader.java:1017)
	at java.base/java.lang.ClassLoader.defineClass(ClassLoader.java:1095)
	at org.jboss.modules.ModuleClassLoader.doDefineOrLoadClass(ModuleClassLoader.java:351)
	at org.jboss.modules.ModuleClassLoader.defineClass(ModuleClassLoader.java:482)
	at org.jboss.modules.ModuleClassLoader.loadClassLocal(ModuleClassLoader.java:276)
	at org.jboss.modules.ModuleClassLoader$1.loadClassLocal(ModuleClassLoader.java:79)
	at org.jboss.modules.Module.loadModuleClass(Module.java:765)
	at org.jboss.modules.ModuleClassLoader.findClass(ModuleClassLoader.java:192)
	at org.jboss.modules.ConcurrentClassLoader.performLoadClassUnchecked(ConcurrentClassLoader.java:410)
	at org.jboss.modules.ConcurrentClassLoader.performLoadClass(ConcurrentClassLoader.java:398)
	at org.jboss.modules.ConcurrentClassLoader.loadClass(ConcurrentClassLoader.java:116)
	at java.base/java.lang.Class.forName0(Native Method)
	at java.base/java.lang.Class.forName(Class.java:467)
	at org.jboss.as.ee@27.0.1.Final//org.jboss.as.ee.utils.ClassLoadingUtils.loadClass(ClassLoadingUtils.java:21)
	at org.jboss.as.ee@27.0.1.Final//org.jboss.as.ee.component.deployers.EEModuleConfigurationProcessor.deploy(EEModuleConfigurationProcessor.java:80)
	at org.jboss.as.server@19.0.1.Final//org.jboss.as.server.deployment.DeploymentUnitPhaseService.start(DeploymentUnitPhaseService.java:182)
	at org.jboss.msc@1.4.13.Final//org.jboss.msc.service.ServiceControllerImpl$StartTask.startService(ServiceControllerImpl.java:1739)
	at org.jboss.msc@1.4.13.Final//org.jboss.msc.service.ServiceControllerImpl$StartTask.execute(ServiceControllerImpl.java:1701)
	at org.jboss.msc@1.4.13.Final//org.jboss.msc.service.ServiceControllerImpl$ControllerTask.run(ServiceControllerImpl.java:1559)
	at org.jboss.threads@2.4.0.Final//org.jboss.threads.ContextClassLoaderSavingRunnable.run(ContextClassLoaderSavingRunnable.java:35)
	at org.jboss.threads@2.4.0.Final//org.jboss.threads.EnhancedQueueExecutor.safeRun(EnhancedQueueExecutor.java:1990)
	at org.jboss.threads@2.4.0.Final//org.jboss.threads.EnhancedQueueExecutor$ThreadBody.doRunTask(EnhancedQueueExecutor.java:1486)
	at org.jboss.threads@2.4.0.Final//org.jboss.threads.EnhancedQueueExecutor$ThreadBody.run(EnhancedQueueExecutor.java:1377)
	at java.base/java.lang.Thread.run(Thread.java:840)

[0m[33m11:35:08,989 WARN  [org.jboss.modules.define] (MSC service thread 1-6) Failed to define class org.apache.shiro.web.servlet.OncePerRequestFilter in Module "deployment.qto.war" from Service Module Loader: java.lang.NoClassDefFoundError: Failed to link org/apache/shiro/web/servlet/OncePerRequestFilter (Module "deployment.qto.war" from Service Module Loader): Failed to link org/apache/shiro/web/servlet/NameableFilter (Module "deployment.qto.war" from Service Module Loader): Failed to link org/apache/shiro/web/servlet/AbstractFilter (Module "deployment.qto.war" from Service Module Loader): javax/servlet/Filter
	at java.base/java.lang.ClassLoader.defineClass1(Native Method)
	at java.base/java.lang.ClassLoader.defineClass(ClassLoader.java:1017)
	at java.base/java.lang.ClassLoader.defineClass(ClassLoader.java:1095)
	at org.jboss.modules.ModuleClassLoader.doDefineOrLoadClass(ModuleClassLoader.java:351)
	at org.jboss.modules.ModuleClassLoader.defineClass(ModuleClassLoader.java:482)
	at org.jboss.modules.ModuleClassLoader.loadClassLocal(ModuleClassLoader.java:276)
	at org.jboss.modules.ModuleClassLoader$1.loadClassLocal(ModuleClassLoader.java:79)
	at org.jboss.modules.Module.loadModuleClass(Module.java:765)
	at org.jboss.modules.ModuleClassLoader.findClass(ModuleClassLoader.java:192)
	at org.jboss.modules.ConcurrentClassLoader.performLoadClassUnchecked(ConcurrentClassLoader.java:410)
	at org.jboss.modules.ConcurrentClassLoader.performLoadClass(ConcurrentClassLoader.java:398)
	at org.jboss.modules.ConcurrentClassLoader.loadClass(ConcurrentClassLoader.java:116)
	at java.base/java.lang.ClassLoader.defineClass1(Native Method)
	at java.base/java.lang.ClassLoader.defineClass(ClassLoader.java:1017)
	at java.base/java.lang.ClassLoader.defineClass(ClassLoader.java:1095)
	at org.jboss.modules.ModuleClassLoader.doDefineOrLoadClass(ModuleClassLoader.java:351)
	at org.jboss.modules.ModuleClassLoader.defineClass(ModuleClassLoader.java:482)
	at org.jboss.modules.ModuleClassLoader.loadClassLocal(ModuleClassLoader.java:276)
	at org.jboss.modules.ModuleClassLoader$1.loadClassLocal(ModuleClassLoader.java:79)
	at org.jboss.modules.Module.loadModuleClass(Module.java:765)
	at org.jboss.modules.ModuleClassLoader.findClass(ModuleClassLoader.java:192)
	at org.jboss.modules.ConcurrentClassLoader.performLoadClassUnchecked(ConcurrentClassLoader.java:410)
	at org.jboss.modules.ConcurrentClassLoader.performLoadClass(ConcurrentClassLoader.java:398)
	at org.jboss.modules.ConcurrentClassLoader.loadClass(ConcurrentClassLoader.java:116)
	at java.base/java.lang.ClassLoader.defineClass1(Native Method)
	at java.base/java.lang.ClassLoader.defineClass(ClassLoader.java:1017)
	at java.base/java.lang.ClassLoader.defineClass(ClassLoader.java:1095)
	at org.jboss.modules.ModuleClassLoader.doDefineOrLoadClass(ModuleClassLoader.java:351)
	at org.jboss.modules.ModuleClassLoader.defineClass(ModuleClassLoader.java:482)
	at org.jboss.modules.ModuleClassLoader.loadClassLocal(ModuleClassLoader.java:276)
	at org.jboss.modules.ModuleClassLoader$1.loadClassLocal(ModuleClassLoader.java:79)
	at org.jboss.modules.Module.loadModuleClass(Module.java:765)
	at org.jboss.modules.ModuleClassLoader.findClass(ModuleClassLoader.java:192)
	at org.jboss.modules.ConcurrentClassLoader.performLoadClassUnchecked(ConcurrentClassLoader.java:410)
	at org.jboss.modules.ConcurrentClassLoader.performLoadClass(ConcurrentClassLoader.java:398)
	at org.jboss.modules.ConcurrentClassLoader.loadClass(ConcurrentClassLoader.java:116)
	at java.base/java.lang.ClassLoader.defineClass1(Native Method)
	at java.base/java.lang.ClassLoader.defineClass(ClassLoader.java:1017)
	at java.base/java.lang.ClassLoader.defineClass(ClassLoader.java:1095)
	at org.jboss.modules.ModuleClassLoader.doDefineOrLoadClass(ModuleClassLoader.java:351)
	at org.jboss.modules.ModuleClassLoader.defineClass(ModuleClassLoader.java:482)
	at org.jboss.modules.ModuleClassLoader.loadClassLocal(ModuleClassLoader.java:276)
	at org.jboss.modules.ModuleClassLoader$1.loadClassLocal(ModuleClassLoader.java:79)
	at org.jboss.modules.Module.loadModuleClass(Module.java:765)
	at org.jboss.modules.ModuleClassLoader.findClass(ModuleClassLoader.java:192)
	at org.jboss.modules.ConcurrentClassLoader.performLoadClassUnchecked(ConcurrentClassLoader.java:410)
	at org.jboss.modules.ConcurrentClassLoader.performLoadClass(ConcurrentClassLoader.java:398)
	at org.jboss.modules.ConcurrentClassLoader.loadClass(ConcurrentClassLoader.java:116)
	at java.base/java.lang.ClassLoader.defineClass1(Native Method)
	at java.base/java.lang.ClassLoader.defineClass(ClassLoader.java:1017)
	at java.base/java.lang.ClassLoader.defineClass(ClassLoader.java:1095)
	at org.jboss.modules.ModuleClassLoader.doDefineOrLoadClass(ModuleClassLoader.java:351)
	at org.jboss.modules.ModuleClassLoader.defineClass(ModuleClassLoader.java:482)
	at org.jboss.modules.ModuleClassLoader.loadClassLocal(ModuleClassLoader.java:276)
	at org.jboss.modules.ModuleClassLoader$1.loadClassLocal(ModuleClassLoader.java:79)
	at org.jboss.modules.Module.loadModuleClass(Module.java:765)
	at org.jboss.modules.ModuleClassLoader.findClass(ModuleClassLoader.java:192)
	at org.jboss.modules.ConcurrentClassLoader.performLoadClassUnchecked(ConcurrentClassLoader.java:410)
	at org.jboss.modules.ConcurrentClassLoader.performLoadClass(ConcurrentClassLoader.java:398)
	at org.jboss.modules.ConcurrentClassLoader.loadClass(ConcurrentClassLoader.java:116)
	at java.base/java.lang.ClassLoader.defineClass1(Native Method)
	at java.base/java.lang.ClassLoader.defineClass(ClassLoader.java:1017)
	at java.base/java.lang.ClassLoader.defineClass(ClassLoader.java:1095)
	at org.jboss.modules.ModuleClassLoader.doDefineOrLoadClass(ModuleClassLoader.java:351)
	at org.jboss.modules.ModuleClassLoader.defineClass(ModuleClassLoader.java:482)
	at org.jboss.modules.ModuleClassLoader.loadClassLocal(ModuleClassLoader.java:276)
	at org.jboss.modules.ModuleClassLoader$1.loadClassLocal(ModuleClassLoader.java:79)
	at org.jboss.modules.Module.loadModuleClass(Module.java:765)
	at org.jboss.modules.ModuleClassLoader.findClass(ModuleClassLoader.java:192)
	at org.jboss.modules.ConcurrentClassLoader.performLoadClassUnchecked(ConcurrentClassLoader.java:410)
	at org.jboss.modules.ConcurrentClassLoader.performLoadClass(ConcurrentClassLoader.java:398)
	at org.jboss.modules.ConcurrentClassLoader.loadClass(ConcurrentClassLoader.java:116)
	at java.base/java.lang.Class.forName0(Native Method)
	at java.base/java.lang.Class.forName(Class.java:467)
	at org.jboss.as.ee@27.0.1.Final//org.jboss.as.ee.utils.ClassLoadingUtils.loadClass(ClassLoadingUtils.java:21)
	at org.jboss.as.ee@27.0.1.Final//org.jboss.as.ee.component.deployers.EEModuleConfigurationProcessor.deploy(EEModuleConfigurationProcessor.java:80)
	at org.jboss.as.server@19.0.1.Final//org.jboss.as.server.deployment.DeploymentUnitPhaseService.start(DeploymentUnitPhaseService.java:182)
	at org.jboss.msc@1.4.13.Final//org.jboss.msc.service.ServiceControllerImpl$StartTask.startService(ServiceControllerImpl.java:1739)
	at org.jboss.msc@1.4.13.Final//org.jboss.msc.service.ServiceControllerImpl$StartTask.execute(ServiceControllerImpl.java:1701)
	at org.jboss.msc@1.4.13.Final//org.jboss.msc.service.ServiceControllerImpl$ControllerTask.run(ServiceControllerImpl.java:1559)
	at org.jboss.threads@2.4.0.Final//org.jboss.threads.ContextClassLoaderSavingRunnable.run(ContextClassLoaderSavingRunnable.java:35)
	at org.jboss.threads@2.4.0.Final//org.jboss.threads.EnhancedQueueExecutor.safeRun(EnhancedQueueExecutor.java:1990)
	at org.jboss.threads@2.4.0.Final//org.jboss.threads.EnhancedQueueExecutor$ThreadBody.doRunTask(EnhancedQueueExecutor.java:1486)
	at org.jboss.threads@2.4.0.Final//org.jboss.threads.EnhancedQueueExecutor$ThreadBody.run(EnhancedQueueExecutor.java:1377)
	at java.base/java.lang.Thread.run(Thread.java:840)

[0m[33m11:35:08,989 WARN  [org.jboss.modules.define] (MSC service thread 1-6) Failed to define class org.apache.shiro.web.servlet.AbstractShiroFilter in Module "deployment.qto.war" from Service Module Loader: java.lang.NoClassDefFoundError: Failed to link org/apache/shiro/web/servlet/AbstractShiroFilter (Module "deployment.qto.war" from Service Module Loader): Failed to link org/apache/shiro/web/servlet/OncePerRequestFilter (Module "deployment.qto.war" from Service Module Loader): Failed to link org/apache/shiro/web/servlet/NameableFilter (Module "deployment.qto.war" from Service Module Loader): Failed to link org/apache/shiro/web/servlet/AbstractFilter (Module "deployment.qto.war" from Service Module Loader): javax/servlet/Filter
	at java.base/java.lang.ClassLoader.defineClass1(Native Method)
	at java.base/java.lang.ClassLoader.defineClass(ClassLoader.java:1017)
	at java.base/java.lang.ClassLoader.defineClass(ClassLoader.java:1095)
	at org.jboss.modules.ModuleClassLoader.doDefineOrLoadClass(ModuleClassLoader.java:351)
	at org.jboss.modules.ModuleClassLoader.defineClass(ModuleClassLoader.java:482)
	at org.jboss.modules.ModuleClassLoader.loadClassLocal(ModuleClassLoader.java:276)
	at org.jboss.modules.ModuleClassLoader$1.loadClassLocal(ModuleClassLoader.java:79)
	at org.jboss.modules.Module.loadModuleClass(Module.java:765)
	at org.jboss.modules.ModuleClassLoader.findClass(ModuleClassLoader.java:192)
	at org.jboss.modules.ConcurrentClassLoader.performLoadClassUnchecked(ConcurrentClassLoader.java:410)
	at org.jboss.modules.ConcurrentClassLoader.performLoadClass(ConcurrentClassLoader.java:398)
	at org.jboss.modules.ConcurrentClassLoader.loadClass(ConcurrentClassLoader.java:116)
	at java.base/java.lang.ClassLoader.defineClass1(Native Method)
	at java.base/java.lang.ClassLoader.defineClass(ClassLoader.java:1017)
	at java.base/java.lang.ClassLoader.defineClass(ClassLoader.java:1095)
	at org.jboss.modules.ModuleClassLoader.doDefineOrLoadClass(ModuleClassLoader.java:351)
	at org.jboss.modules.ModuleClassLoader.defineClass(ModuleClassLoader.java:482)
	at org.jboss.modules.ModuleClassLoader.loadClassLocal(ModuleClassLoader.java:276)
	at org.jboss.modules.ModuleClassLoader$1.loadClassLocal(ModuleClassLoader.java:79)
	at org.jboss.modules.Module.loadModuleClass(Module.java:765)
	at org.jboss.modules.ModuleClassLoader.findClass(ModuleClassLoader.java:192)
	at org.jboss.modules.ConcurrentClassLoader.performLoadClassUnchecked(ConcurrentClassLoader.java:410)
	at org.jboss.modules.ConcurrentClassLoader.performLoadClass(ConcurrentClassLoader.java:398)
	at org.jboss.modules.ConcurrentClassLoader.loadClass(ConcurrentClassLoader.java:116)
	at java.base/java.lang.ClassLoader.defineClass1(Native Method)
	at java.base/java.lang.ClassLoader.defineClass(ClassLoader.java:1017)
	at java.base/java.lang.ClassLoader.defineClass(ClassLoader.java:1095)
	at org.jboss.modules.ModuleClassLoader.doDefineOrLoadClass(ModuleClassLoader.java:351)
	at org.jboss.modules.ModuleClassLoader.defineClass(ModuleClassLoader.java:482)
	at org.jboss.modules.ModuleClassLoader.loadClassLocal(ModuleClassLoader.java:276)
	at org.jboss.modules.ModuleClassLoader$1.loadClassLocal(ModuleClassLoader.java:79)
	at org.jboss.modules.Module.loadModuleClass(Module.java:765)
	at org.jboss.modules.ModuleClassLoader.findClass(ModuleClassLoader.java:192)
	at org.jboss.modules.ConcurrentClassLoader.performLoadClassUnchecked(ConcurrentClassLoader.java:410)
	at org.jboss.modules.ConcurrentClassLoader.performLoadClass(ConcurrentClassLoader.java:398)
	at org.jboss.modules.ConcurrentClassLoader.loadClass(ConcurrentClassLoader.java:116)
	at java.base/java.lang.ClassLoader.defineClass1(Native Method)
	at java.base/java.lang.ClassLoader.defineClass(ClassLoader.java:1017)
	at java.base/java.lang.ClassLoader.defineClass(ClassLoader.java:1095)
	at org.jboss.modules.ModuleClassLoader.doDefineOrLoadClass(ModuleClassLoader.java:351)
	at org.jboss.modules.ModuleClassLoader.defineClass(ModuleClassLoader.java:482)
	at org.jboss.modules.ModuleClassLoader.loadClassLocal(ModuleClassLoader.java:276)
	at org.jboss.modules.ModuleClassLoader$1.loadClassLocal(ModuleClassLoader.java:79)
	at org.jboss.modules.Module.loadModuleClass(Module.java:765)
	at org.jboss.modules.ModuleClassLoader.findClass(ModuleClassLoader.java:192)
	at org.jboss.modules.ConcurrentClassLoader.performLoadClassUnchecked(ConcurrentClassLoader.java:410)
	at org.jboss.modules.ConcurrentClassLoader.performLoadClass(ConcurrentClassLoader.java:398)
	at org.jboss.modules.ConcurrentClassLoader.loadClass(ConcurrentClassLoader.java:116)
	at java.base/java.lang.ClassLoader.defineClass1(Native Method)
	at java.base/java.lang.ClassLoader.defineClass(ClassLoader.java:1017)
	at java.base/java.lang.ClassLoader.defineClass(ClassLoader.java:1095)
	at org.jboss.modules.ModuleClassLoader.doDefineOrLoadClass(ModuleClassLoader.java:351)
	at org.jboss.modules.ModuleClassLoader.defineClass(ModuleClassLoader.java:482)
	at org.jboss.modules.ModuleClassLoader.loadClassLocal(ModuleClassLoader.java:276)
	at org.jboss.modules.ModuleClassLoader$1.loadClassLocal(ModuleClassLoader.java:79)
	at org.jboss.modules.Module.loadModuleClass(Module.java:765)
	at org.jboss.modules.ModuleClassLoader.findClass(ModuleClassLoader.java:192)
	at org.jboss.modules.ConcurrentClassLoader.performLoadClassUnchecked(ConcurrentClassLoader.java:410)
	at org.jboss.modules.ConcurrentClassLoader.performLoadClass(ConcurrentClassLoader.java:398)
	at org.jboss.modules.ConcurrentClassLoader.loadClass(ConcurrentClassLoader.java:116)
	at java.base/java.lang.ClassLoader.defineClass1(Native Method)
	at java.base/java.lang.ClassLoader.defineClass(ClassLoader.java:1017)
	at java.base/java.lang.ClassLoader.defineClass(ClassLoader.java:1095)
	at org.jboss.modules.ModuleClassLoader.doDefineOrLoadClass(ModuleClassLoader.java:351)
	at org.jboss.modules.ModuleClassLoader.defineClass(ModuleClassLoader.java:482)
	at org.jboss.modules.ModuleClassLoader.loadClassLocal(ModuleClassLoader.java:276)
	at org.jboss.modules.ModuleClassLoader$1.loadClassLocal(ModuleClassLoader.java:79)
	at org.jboss.modules.Module.loadModuleClass(Module.java:765)
	at org.jboss.modules.ModuleClassLoader.findClass(ModuleClassLoader.java:192)
	at org.jboss.modules.ConcurrentClassLoader.performLoadClassUnchecked(ConcurrentClassLoader.java:410)
	at org.jboss.modules.ConcurrentClassLoader.performLoadClass(ConcurrentClassLoader.java:398)
	at org.jboss.modules.ConcurrentClassLoader.loadClass(ConcurrentClassLoader.java:116)
	at java.base/java.lang.Class.forName0(Native Method)
	at java.base/java.lang.Class.forName(Class.java:467)
	at org.jboss.as.ee@27.0.1.Final//org.jboss.as.ee.utils.ClassLoadingUtils.loadClass(ClassLoadingUtils.java:21)
	at org.jboss.as.ee@27.0.1.Final//org.jboss.as.ee.component.deployers.EEModuleConfigurationProcessor.deploy(EEModuleConfigurationProcessor.java:80)
	at org.jboss.as.server@19.0.1.Final//org.jboss.as.server.deployment.DeploymentUnitPhaseService.start(DeploymentUnitPhaseService.java:182)
	at org.jboss.msc@1.4.13.Final//org.jboss.msc.service.ServiceControllerImpl$StartTask.startService(ServiceControllerImpl.java:1739)
	at org.jboss.msc@1.4.13.Final//org.jboss.msc.service.ServiceControllerImpl$StartTask.execute(ServiceControllerImpl.java:1701)
	at org.jboss.msc@1.4.13.Final//org.jboss.msc.service.ServiceControllerImpl$ControllerTask.run(ServiceControllerImpl.java:1559)
	at org.jboss.threads@2.4.0.Final//org.jboss.threads.ContextClassLoaderSavingRunnable.run(ContextClassLoaderSavingRunnable.java:35)
	at org.jboss.threads@2.4.0.Final//org.jboss.threads.EnhancedQueueExecutor.safeRun(EnhancedQueueExecutor.java:1990)
	at org.jboss.threads@2.4.0.Final//org.jboss.threads.EnhancedQueueExecutor$ThreadBody.doRunTask(EnhancedQueueExecutor.java:1486)
	at org.jboss.threads@2.4.0.Final//org.jboss.threads.EnhancedQueueExecutor$ThreadBody.run(EnhancedQueueExecutor.java:1377)
	at java.base/java.lang.Thread.run(Thread.java:840)

[0m[33m11:35:08,989 WARN  [org.jboss.modules.define] (MSC service thread 1-6) Failed to define class org.apache.shiro.web.servlet.ShiroFilter in Module "deployment.qto.war" from Service Module Loader: java.lang.NoClassDefFoundError: Failed to link org/apache/shiro/web/servlet/ShiroFilter (Module "deployment.qto.war" from Service Module Loader): Failed to link org/apache/shiro/web/servlet/AbstractShiroFilter (Module "deployment.qto.war" from Service Module Loader): Failed to link org/apache/shiro/web/servlet/OncePerRequestFilter (Module "deployment.qto.war" from Service Module Loader): Failed to link org/apache/shiro/web/servlet/NameableFilter (Module "deployment.qto.war" from Service Module Loader): Failed to link org/apache/shiro/web/servlet/AbstractFilter (Module "deployment.qto.war" from Service Module Loader): javax/servlet/Filter
	at java.base/java.lang.ClassLoader.defineClass1(Native Method)
	at java.base/java.lang.ClassLoader.defineClass(ClassLoader.java:1017)
	at java.base/java.lang.ClassLoader.defineClass(ClassLoader.java:1095)
	at org.jboss.modules.ModuleClassLoader.doDefineOrLoadClass(ModuleClassLoader.java:351)
	at org.jboss.modules.ModuleClassLoader.defineClass(ModuleClassLoader.java:482)
	at org.jboss.modules.ModuleClassLoader.loadClassLocal(ModuleClassLoader.java:276)
	at org.jboss.modules.ModuleClassLoader$1.loadClassLocal(ModuleClassLoader.java:79)
	at org.jboss.modules.Module.loadModuleClass(Module.java:765)
	at org.jboss.modules.ModuleClassLoader.findClass(ModuleClassLoader.java:192)
	at org.jboss.modules.ConcurrentClassLoader.performLoadClassUnchecked(ConcurrentClassLoader.java:410)
	at org.jboss.modules.ConcurrentClassLoader.performLoadClass(ConcurrentClassLoader.java:398)
	at org.jboss.modules.ConcurrentClassLoader.loadClass(ConcurrentClassLoader.java:116)
	at java.base/java.lang.ClassLoader.defineClass1(Native Method)
	at java.base/java.lang.ClassLoader.defineClass(ClassLoader.java:1017)
	at java.base/java.lang.ClassLoader.defineClass(ClassLoader.java:1095)
	at org.jboss.modules.ModuleClassLoader.doDefineOrLoadClass(ModuleClassLoader.java:351)
	at org.jboss.modules.ModuleClassLoader.defineClass(ModuleClassLoader.java:482)
	at org.jboss.modules.ModuleClassLoader.loadClassLocal(ModuleClassLoader.java:276)
	at org.jboss.modules.ModuleClassLoader$1.loadClassLocal(ModuleClassLoader.java:79)
	at org.jboss.modules.Module.loadModuleClass(Module.java:765)
	at org.jboss.modules.ModuleClassLoader.findClass(ModuleClassLoader.java:192)
	at org.jboss.modules.ConcurrentClassLoader.performLoadClassUnchecked(ConcurrentClassLoader.java:410)
	at org.jboss.modules.ConcurrentClassLoader.performLoadClass(ConcurrentClassLoader.java:398)
	at org.jboss.modules.ConcurrentClassLoader.loadClass(ConcurrentClassLoader.java:116)
	at java.base/java.lang.ClassLoader.defineClass1(Native Method)
	at java.base/java.lang.ClassLoader.defineClass(ClassLoader.java:1017)
	at java.base/java.lang.ClassLoader.defineClass(ClassLoader.java:1095)
	at org.jboss.modules.ModuleClassLoader.doDefineOrLoadClass(ModuleClassLoader.java:351)
	at org.jboss.modules.ModuleClassLoader.defineClass(ModuleClassLoader.java:482)
	at org.jboss.modules.ModuleClassLoader.loadClassLocal(ModuleClassLoader.java:276)
	at org.jboss.modules.ModuleClassLoader$1.loadClassLocal(ModuleClassLoader.java:79)
	at org.jboss.modules.Module.loadModuleClass(Module.java:765)
	at org.jboss.modules.ModuleClassLoader.findClass(ModuleClassLoader.java:192)
	at org.jboss.modules.ConcurrentClassLoader.performLoadClassUnchecked(ConcurrentClassLoader.java:410)
	at org.jboss.modules.ConcurrentClassLoader.performLoadClass(ConcurrentClassLoader.java:398)
	at org.jboss.modules.ConcurrentClassLoader.loadClass(ConcurrentClassLoader.java:116)
	at java.base/java.lang.ClassLoader.defineClass1(Native Method)
	at java.base/java.lang.ClassLoader.defineClass(ClassLoader.java:1017)
	at java.base/java.lang.ClassLoader.defineClass(ClassLoader.java:1095)
	at org.jboss.modules.ModuleClassLoader.doDefineOrLoadClass(ModuleClassLoader.java:351)
	at org.jboss.modules.ModuleClassLoader.defineClass(ModuleClassLoader.java:482)
	at org.jboss.modules.ModuleClassLoader.loadClassLocal(ModuleClassLoader.java:276)
	at org.jboss.modules.ModuleClassLoader$1.loadClassLocal(ModuleClassLoader.java:79)
	at org.jboss.modules.Module.loadModuleClass(Module.java:765)
	at org.jboss.modules.ModuleClassLoader.findClass(ModuleClassLoader.java:192)
	at org.jboss.modules.ConcurrentClassLoader.performLoadClassUnchecked(ConcurrentClassLoader.java:410)
	at org.jboss.modules.ConcurrentClassLoader.performLoadClass(ConcurrentClassLoader.java:398)
	at org.jboss.modules.ConcurrentClassLoader.loadClass(ConcurrentClassLoader.java:116)
	at java.base/java.lang.ClassLoader.defineClass1(Native Method)
	at java.base/java.lang.ClassLoader.defineClass(ClassLoader.java:1017)
	at java.base/java.lang.ClassLoader.defineClass(ClassLoader.java:1095)
	at org.jboss.modules.ModuleClassLoader.doDefineOrLoadClass(ModuleClassLoader.java:351)
	at org.jboss.modules.ModuleClassLoader.defineClass(ModuleClassLoader.java:482)
	at org.jboss.modules.ModuleClassLoader.loadClassLocal(ModuleClassLoader.java:276)
	at org.jboss.modules.ModuleClassLoader$1.loadClassLocal(ModuleClassLoader.java:79)
	at org.jboss.modules.Module.loadModuleClass(Module.java:765)
	at org.jboss.modules.ModuleClassLoader.findClass(ModuleClassLoader.java:192)
	at org.jboss.modules.ConcurrentClassLoader.performLoadClassUnchecked(ConcurrentClassLoader.java:410)
	at org.jboss.modules.ConcurrentClassLoader.performLoadClass(ConcurrentClassLoader.java:398)
	at org.jboss.modules.ConcurrentClassLoader.loadClass(ConcurrentClassLoader.java:116)
	at java.base/java.lang.ClassLoader.defineClass1(Native Method)
	at java.base/java.lang.ClassLoader.defineClass(ClassLoader.java:1017)
	at java.base/java.lang.ClassLoader.defineClass(ClassLoader.java:1095)
	at org.jboss.modules.ModuleClassLoader.doDefineOrLoadClass(ModuleClassLoader.java:351)
	at org.jboss.modules.ModuleClassLoader.defineClass(ModuleClassLoader.java:482)
	at org.jboss.modules.ModuleClassLoader.loadClassLocal(ModuleClassLoader.java:276)
	at org.jboss.modules.ModuleClassLoader$1.loadClassLocal(ModuleClassLoader.java:79)
	at org.jboss.modules.Module.loadModuleClass(Module.java:765)
	at org.jboss.modules.ModuleClassLoader.findClass(ModuleClassLoader.java:192)
	at org.jboss.modules.ConcurrentClassLoader.performLoadClassUnchecked(ConcurrentClassLoader.java:410)
	at org.jboss.modules.ConcurrentClassLoader.performLoadClass(ConcurrentClassLoader.java:398)
	at org.jboss.modules.ConcurrentClassLoader.loadClass(ConcurrentClassLoader.java:116)
	at java.base/java.lang.Class.forName0(Native Method)
	at java.base/java.lang.Class.forName(Class.java:467)
	at org.jboss.as.ee@27.0.1.Final//org.jboss.as.ee.utils.ClassLoadingUtils.loadClass(ClassLoadingUtils.java:21)
	at org.jboss.as.ee@27.0.1.Final//org.jboss.as.ee.component.deployers.EEModuleConfigurationProcessor.deploy(EEModuleConfigurationProcessor.java:80)
	at org.jboss.as.server@19.0.1.Final//org.jboss.as.server.deployment.DeploymentUnitPhaseService.start(DeploymentUnitPhaseService.java:182)
	at org.jboss.msc@1.4.13.Final//org.jboss.msc.service.ServiceControllerImpl$StartTask.startService(ServiceControllerImpl.java:1739)
	at org.jboss.msc@1.4.13.Final//org.jboss.msc.service.ServiceControllerImpl$StartTask.execute(ServiceControllerImpl.java:1701)
	at org.jboss.msc@1.4.13.Final//org.jboss.msc.service.ServiceControllerImpl$ControllerTask.run(ServiceControllerImpl.java:1559)
	at org.jboss.threads@2.4.0.Final//org.jboss.threads.ContextClassLoaderSavingRunnable.run(ContextClassLoaderSavingRunnable.java:35)
	at org.jboss.threads@2.4.0.Final//org.jboss.threads.EnhancedQueueExecutor.safeRun(EnhancedQueueExecutor.java:1990)
	at org.jboss.threads@2.4.0.Final//org.jboss.threads.EnhancedQueueExecutor$ThreadBody.doRunTask(EnhancedQueueExecutor.java:1486)
	at org.jboss.threads@2.4.0.Final//org.jboss.threads.EnhancedQueueExecutor$ThreadBody.run(EnhancedQueueExecutor.java:1377)
	at java.base/java.lang.Thread.run(Thread.java:840)

[0m[33m11:35:08,989 WARN  [org.jboss.modules.define] (MSC service thread 1-6) Failed to define class com.vertek.corporate.qto.authentication.QTOShiroFilter in Module "deployment.qto.war" from Service Module Loader: java.lang.NoClassDefFoundError: Failed to link com/vertek/corporate/qto/authentication/QTOShiroFilter (Module "deployment.qto.war" from Service Module Loader): Failed to link org/apache/shiro/web/servlet/ShiroFilter (Module "deployment.qto.war" from Service Module Loader): Failed to link org/apache/shiro/web/servlet/AbstractShiroFilter (Module "deployment.qto.war" from Service Module Loader): Failed to link org/apache/shiro/web/servlet/OncePerRequestFilter (Module "deployment.qto.war" from Service Module Loader): Failed to link org/apache/shiro/web/servlet/NameableFilter (Module "deployment.qto.war" from Service Module Loader): Failed to link org/apache/shiro/web/servlet/AbstractFilter (Module "deployment.qto.war" from Service Module Loader): javax/servlet/Filter
	at java.base/java.lang.ClassLoader.defineClass1(Native Method)
	at java.base/java.lang.ClassLoader.defineClass(ClassLoader.java:1017)
	at java.base/java.lang.ClassLoader.defineClass(ClassLoader.java:1095)
	at org.jboss.modules.ModuleClassLoader.doDefineOrLoadClass(ModuleClassLoader.java:351)
	at org.jboss.modules.ModuleClassLoader.defineClass(ModuleClassLoader.java:482)
	at org.jboss.modules.ModuleClassLoader.loadClassLocal(ModuleClassLoader.java:276)
	at org.jboss.modules.ModuleClassLoader$1.loadClassLocal(ModuleClassLoader.java:79)
	at org.jboss.modules.Module.loadModuleClass(Module.java:765)
	at org.jboss.modules.ModuleClassLoader.findClass(ModuleClassLoader.java:192)
	at org.jboss.modules.ConcurrentClassLoader.performLoadClassUnchecked(ConcurrentClassLoader.java:410)
	at org.jboss.modules.ConcurrentClassLoader.performLoadClass(ConcurrentClassLoader.java:398)
	at org.jboss.modules.ConcurrentClassLoader.loadClass(ConcurrentClassLoader.java:116)
	at java.base/java.lang.ClassLoader.defineClass1(Native Method)
	at java.base/java.lang.ClassLoader.defineClass(ClassLoader.java:1017)
	at java.base/java.lang.ClassLoader.defineClass(ClassLoader.java:1095)
	at org.jboss.modules.ModuleClassLoader.doDefineOrLoadClass(ModuleClassLoader.java:351)
	at org.jboss.modules.ModuleClassLoader.defineClass(ModuleClassLoader.java:482)
	at org.jboss.modules.ModuleClassLoader.loadClassLocal(ModuleClassLoader.java:276)
	at org.jboss.modules.ModuleClassLoader$1.loadClassLocal(ModuleClassLoader.java:79)
	at org.jboss.modules.Module.loadModuleClass(Module.java:765)
	at org.jboss.modules.ModuleClassLoader.findClass(ModuleClassLoader.java:192)
	at org.jboss.modules.ConcurrentClassLoader.performLoadClassUnchecked(ConcurrentClassLoader.java:410)
	at org.jboss.modules.ConcurrentClassLoader.performLoadClass(ConcurrentClassLoader.java:398)
	at org.jboss.modules.ConcurrentClassLoader.loadClass(ConcurrentClassLoader.java:116)
	at java.base/java.lang.ClassLoader.defineClass1(Native Method)
	at java.base/java.lang.ClassLoader.defineClass(ClassLoader.java:1017)
	at java.base/java.lang.ClassLoader.defineClass(ClassLoader.java:1095)
	at org.jboss.modules.ModuleClassLoader.doDefineOrLoadClass(ModuleClassLoader.java:351)
	at org.jboss.modules.ModuleClassLoader.defineClass(ModuleClassLoader.java:482)
	at org.jboss.modules.ModuleClassLoader.loadClassLocal(ModuleClassLoader.java:276)
	at org.jboss.modules.ModuleClassLoader$1.loadClassLocal(ModuleClassLoader.java:79)
	at org.jboss.modules.Module.loadModuleClass(Module.java:765)
	at org.jboss.modules.ModuleClassLoader.findClass(ModuleClassLoader.java:192)
	at org.jboss.modules.ConcurrentClassLoader.performLoadClassUnchecked(ConcurrentClassLoader.java:410)
	at org.jboss.modules.ConcurrentClassLoader.performLoadClass(ConcurrentClassLoader.java:398)
	at org.jboss.modules.ConcurrentClassLoader.loadClass(ConcurrentClassLoader.java:116)
	at java.base/java.lang.ClassLoader.defineClass1(Native Method)
	at java.base/java.lang.ClassLoader.defineClass(ClassLoader.java:1017)
	at java.base/java.lang.ClassLoader.defineClass(ClassLoader.java:1095)
	at org.jboss.modules.ModuleClassLoader.doDefineOrLoadClass(ModuleClassLoader.java:351)
	at org.jboss.modules.ModuleClassLoader.defineClass(ModuleClassLoader.java:482)
	at org.jboss.modules.ModuleClassLoader.loadClassLocal(ModuleClassLoader.java:276)
	at org.jboss.modules.ModuleClassLoader$1.loadClassLocal(ModuleClassLoader.java:79)
	at org.jboss.modules.Module.loadModuleClass(Module.java:765)
	at org.jboss.modules.ModuleClassLoader.findClass(ModuleClassLoader.java:192)
	at org.jboss.modules.ConcurrentClassLoader.performLoadClassUnchecked(ConcurrentClassLoader.java:410)
	at org.jboss.modules.ConcurrentClassLoader.performLoadClass(ConcurrentClassLoader.java:398)
	at org.jboss.modules.ConcurrentClassLoader.loadClass(ConcurrentClassLoader.java:116)
	at java.base/java.lang.ClassLoader.defineClass1(Native Method)
	at java.base/java.lang.ClassLoader.defineClass(ClassLoader.java:1017)
	at java.base/java.lang.ClassLoader.defineClass(ClassLoader.java:1095)
	at org.jboss.modules.ModuleClassLoader.doDefineOrLoadClass(ModuleClassLoader.java:351)
	at org.jboss.modules.ModuleClassLoader.defineClass(ModuleClassLoader.java:482)
	at org.jboss.modules.ModuleClassLoader.loadClassLocal(ModuleClassLoader.java:276)
	at org.jboss.modules.ModuleClassLoader$1.loadClassLocal(ModuleClassLoader.java:79)
	at org.jboss.modules.Module.loadModuleClass(Module.java:765)
	at org.jboss.modules.ModuleClassLoader.findClass(ModuleClassLoader.java:192)
	at org.jboss.modules.ConcurrentClassLoader.performLoadClassUnchecked(ConcurrentClassLoader.java:410)
	at org.jboss.modules.ConcurrentClassLoader.performLoadClass(ConcurrentClassLoader.java:398)
	at org.jboss.modules.ConcurrentClassLoader.loadClass(ConcurrentClassLoader.java:116)
	at java.base/java.lang.ClassLoader.defineClass1(Native Method)
	at java.base/java.lang.ClassLoader.defineClass(ClassLoader.java:1017)
	at java.base/java.lang.ClassLoader.defineClass(ClassLoader.java:1095)
	at org.jboss.modules.ModuleClassLoader.doDefineOrLoadClass(ModuleClassLoader.java:351)
	at org.jboss.modules.ModuleClassLoader.defineClass(ModuleClassLoader.java:482)
	at org.jboss.modules.ModuleClassLoader.loadClassLocal(ModuleClassLoader.java:276)
	at org.jboss.modules.ModuleClassLoader$1.loadClassLocal(ModuleClassLoader.java:79)
	at org.jboss.modules.Module.loadModuleClass(Module.java:765)
	at org.jboss.modules.ModuleClassLoader.findClass(ModuleClassLoader.java:192)
	at org.jboss.modules.ConcurrentClassLoader.performLoadClassUnchecked(ConcurrentClassLoader.java:410)
	at org.jboss.modules.ConcurrentClassLoader.performLoadClass(ConcurrentClassLoader.java:398)
	at org.jboss.modules.ConcurrentClassLoader.loadClass(ConcurrentClassLoader.java:116)
	at java.base/java.lang.Class.forName0(Native Method)
	at java.base/java.lang.Class.forName(Class.java:467)
	at org.jboss.as.ee@27.0.1.Final//org.jboss.as.ee.utils.ClassLoadingUtils.loadClass(ClassLoadingUtils.java:21)
	at org.jboss.as.ee@27.0.1.Final//org.jboss.as.ee.component.deployers.EEModuleConfigurationProcessor.deploy(EEModuleConfigurationProcessor.java:80)
	at org.jboss.as.server@19.0.1.Final//org.jboss.as.server.deployment.DeploymentUnitPhaseService.start(DeploymentUnitPhaseService.java:182)
	at org.jboss.msc@1.4.13.Final//org.jboss.msc.service.ServiceControllerImpl$StartTask.startService(ServiceControllerImpl.java:1739)
	at org.jboss.msc@1.4.13.Final//org.jboss.msc.service.ServiceControllerImpl$StartTask.execute(ServiceControllerImpl.java:1701)
	at org.jboss.msc@1.4.13.Final//org.jboss.msc.service.ServiceControllerImpl$ControllerTask.run(ServiceControllerImpl.java:1559)
	at org.jboss.threads@2.4.0.Final//org.jboss.threads.ContextClassLoaderSavingRunnable.run(ContextClassLoaderSavingRunnable.java:35)
	at org.jboss.threads@2.4.0.Final//org.jboss.threads.EnhancedQueueExecutor.safeRun(EnhancedQueueExecutor.java:1990)
	at org.jboss.threads@2.4.0.Final//org.jboss.threads.EnhancedQueueExecutor$ThreadBody.doRunTask(EnhancedQueueExecutor.java:1486)
	at org.jboss.threads@2.4.0.Final//org.jboss.threads.EnhancedQueueExecutor$ThreadBody.run(EnhancedQueueExecutor.java:1377)
	at java.base/java.lang.Thread.run(Thread.java:840)

[0m[33m11:35:08,989 WARN  [org.jboss.as.ee] (MSC service thread 1-6) WFLYEE0007: Not installing optional component com.vertek.corporate.qto.authentication.QTOShiroFilter due to an exception (enable DEBUG log level to see the cause)
[0m[0m11:35:08,992 INFO  [org.jipijapa] (MSC service thread 1-6) JIPIORMV6020260: Second level cache enabled for qto.war#qto
[0m[0m11:35:09,001 INFO  [org.jipijapa] (MSC service thread 1-6) JIPIORMV6020260: Second level cache enabled for qto.war#platform
[0m[0m11:35:09,020 INFO  [org.jboss.weld.Version] (MSC service thread 1-6) WELD-000900: 5.1.0 (Final)
[0m[0m11:35:09,093 INFO  [org.jboss.as.jpa] (ServerService Thread Pool -- 80) WFLYJPA0010: Starting Persistence Unit (phase 1 of 2) Service 'qto.war#platform'
[0m[0m11:35:09,093 INFO  [org.jboss.as.jpa] (ServerService Thread Pool -- 81) WFLYJPA0010: Starting Persistence Unit (phase 1 of 2) Service 'qto.war#qto'
[0m[0m11:35:09,104 INFO  [org.hibernate.jpa.internal.util.LogHelper] (ServerService Thread Pool -- 80) HHH000204: Processing PersistenceUnitInfo [name: platform]
[0m[0m11:35:09,105 INFO  [org.hibernate.jpa.internal.util.LogHelper] (ServerService Thread Pool -- 81) HHH000204: Processing PersistenceUnitInfo [name: qto]
[0m[0m11:35:09,135 INFO  [org.hibernate.Version] (ServerService Thread Pool -- 81) HHH000412: Hibernate ORM core version 6.1.5.Final
[0m[33m11:35:09,201 WARN  [org.hibernate.orm.deprecation] (ServerService Thread Pool -- 81) HHH90000021: Encountered deprecated setting [javax.persistence.sharedCache.mode], use [jakarta.persistence.sharedCache.mode] instead
[0m[33m11:35:09,201 WARN  [org.hibernate.orm.deprecation] (ServerService Thread Pool -- 80) HHH90000021: Encountered deprecated setting [javax.persistence.sharedCache.mode], use [jakarta.persistence.sharedCache.mode] instead
[0m[0m11:35:09,254 INFO  [org.jboss.as.jpa] (ServerService Thread Pool -- 80) WFLYJPA0010: Starting Persistence Unit (phase 2 of 2) Service 'qto.war#platform'
[0m[0m11:35:09,256 INFO  [org.jboss.as.jpa] (ServerService Thread Pool -- 81) WFLYJPA0010: Starting Persistence Unit (phase 2 of 2) Service 'qto.war#qto'
[0m[0m11:35:09,376 INFO  [SQL dialect] (ServerService Thread Pool -- 80) HHH000400: Using dialect: org.hibernate.dialect.H2Dialect
[0m[0m11:35:09,376 INFO  [SQL dialect] (ServerService Thread Pool -- 81) HHH000400: Using dialect: org.hibernate.dialect.H2Dialect
[0m[0m11:35:09,395 INFO  [org.hibernate.envers.boot.internal.EnversServiceImpl] (ServerService Thread Pool -- 80) Envers integration enabled? : true
[0m[0m11:35:09,395 INFO  [org.hibernate.envers.boot.internal.EnversServiceImpl] (ServerService Thread Pool -- 81) Envers integration enabled? : true
[0m[33m11:35:09,695 WARN  [org.jboss.modules.define] (Weld Thread Pool -- 5) Failed to define class org.apache.shiro.web.tags.SecureTag in Module "deployment.qto.war" from Service Module Loader: java.lang.NoClassDefFoundError: Failed to link org/apache/shiro/web/tags/SecureTag (Module "deployment.qto.war" from Service Module Loader): javax/servlet/jsp/tagext/TagSupport
	at java.base/java.lang.ClassLoader.defineClass1(Native Method)
	at java.base/java.lang.ClassLoader.defineClass(ClassLoader.java:1017)
	at java.base/java.lang.ClassLoader.defineClass(ClassLoader.java:1095)
	at org.jboss.modules.ModuleClassLoader.doDefineOrLoadClass(ModuleClassLoader.java:351)
	at org.jboss.modules.ModuleClassLoader.defineClass(ModuleClassLoader.java:482)
	at org.jboss.modules.ModuleClassLoader.loadClassLocal(ModuleClassLoader.java:276)
	at org.jboss.modules.ModuleClassLoader$1.loadClassLocal(ModuleClassLoader.java:79)
	at org.jboss.modules.Module.loadModuleClass(Module.java:765)
	at org.jboss.modules.ModuleClassLoader.findClass(ModuleClassLoader.java:192)
	at org.jboss.modules.ConcurrentClassLoader.performLoadClassUnchecked(ConcurrentClassLoader.java:410)
	at org.jboss.modules.ConcurrentClassLoader.performLoadClass(ConcurrentClassLoader.java:398)
	at org.jboss.modules.ConcurrentClassLoader.loadClass(ConcurrentClassLoader.java:116)
	at java.base/java.lang.ClassLoader.defineClass1(Native Method)
	at java.base/java.lang.ClassLoader.defineClass(ClassLoader.java:1017)
	at java.base/java.lang.ClassLoader.defineClass(ClassLoader.java:1095)
	at org.jboss.modules.ModuleClassLoader.doDefineOrLoadClass(ModuleClassLoader.java:351)
	at org.jboss.modules.ModuleClassLoader.defineClass(ModuleClassLoader.java:482)
	at org.jboss.modules.ModuleClassLoader.loadClassLocal(ModuleClassLoader.java:276)
	at org.jboss.modules.ModuleClassLoader$1.loadClassLocal(ModuleClassLoader.java:79)
	at org.jboss.modules.Module.loadModuleClass(Module.java:765)
	at org.jboss.modules.ModuleClassLoader.findClass(ModuleClassLoader.java:192)
	at org.jboss.modules.ConcurrentClassLoader.performLoadClassUnchecked(ConcurrentClassLoader.java:410)
	at org.jboss.modules.ConcurrentClassLoader.performLoadClass(ConcurrentClassLoader.java:398)
	at org.jboss.modules.ConcurrentClassLoader.loadClass(ConcurrentClassLoader.java:116)
	at org.jboss.as.weld@27.0.1.Final//org.jboss.as.weld.WeldModuleResourceLoader.classForName(WeldModuleResourceLoader.java:68)
	at org.jboss.weld.core@5.1.0.Final//org.jboss.weld.bootstrap.AnnotatedTypeLoader.loadClass(AnnotatedTypeLoader.java:83)
	at org.jboss.weld.core@5.1.0.Final//org.jboss.weld.bootstrap.AnnotatedTypeLoader.loadAnnotatedType(AnnotatedTypeLoader.java:63)
	at org.jboss.weld.core@5.1.0.Final//org.jboss.weld.bootstrap.FastAnnotatedTypeLoader.loadAnnotatedType(FastAnnotatedTypeLoader.java:108)
	at org.jboss.weld.core@5.1.0.Final//org.jboss.weld.bootstrap.BeanDeployer.addClass(BeanDeployer.java:87)
	at org.jboss.weld.core@5.1.0.Final//org.jboss.weld.bootstrap.ConcurrentBeanDeployer$1.doWork(ConcurrentBeanDeployer.java:55)
	at org.jboss.weld.core@5.1.0.Final//org.jboss.weld.bootstrap.ConcurrentBeanDeployer$1.doWork(ConcurrentBeanDeployer.java:52)
	at org.jboss.weld.core@5.1.0.Final//org.jboss.weld.executor.IterativeWorkerTaskFactory$1.call(IterativeWorkerTaskFactory.java:62)
	at org.jboss.weld.core@5.1.0.Final//org.jboss.weld.executor.IterativeWorkerTaskFactory$1.call(IterativeWorkerTaskFactory.java:55)
	at java.base/java.util.concurrent.FutureTask.run(FutureTask.java:264)
	at java.base/java.util.concurrent.ThreadPoolExecutor.runWorker(ThreadPoolExecutor.java:1136)
	at java.base/java.util.concurrent.ThreadPoolExecutor$Worker.run(ThreadPoolExecutor.java:635)
	at java.base/java.lang.Thread.run(Thread.java:840)
	at org.jboss.threads@2.4.0.Final//org.jboss.threads.JBossThread.run(JBossThread.java:513)

[0m[33m11:35:09,696 WARN  [org.jboss.modules.define] (Weld Thread Pool -- 4) Failed to define class org.apache.shiro.web.tags.SecureTag in Module "deployment.qto.war" from Service Module Loader: java.lang.NoClassDefFoundError: Failed to link org/apache/shiro/web/tags/SecureTag (Module "deployment.qto.war" from Service Module Loader): javax/servlet/jsp/tagext/TagSupport
	at java.base/java.lang.ClassLoader.defineClass1(Native Method)
	at java.base/java.lang.ClassLoader.defineClass(ClassLoader.java:1017)
	at java.base/java.lang.ClassLoader.defineClass(ClassLoader.java:1095)
	at org.jboss.modules.ModuleClassLoader.doDefineOrLoadClass(ModuleClassLoader.java:351)
	at org.jboss.modules.ModuleClassLoader.defineClass(ModuleClassLoader.java:482)
	at org.jboss.modules.ModuleClassLoader.loadClassLocal(ModuleClassLoader.java:276)
	at org.jboss.modules.ModuleClassLoader$1.loadClassLocal(ModuleClassLoader.java:79)
	at org.jboss.modules.Module.loadModuleClass(Module.java:765)
	at org.jboss.modules.ModuleClassLoader.findClass(ModuleClassLoader.java:192)
	at org.jboss.modules.ConcurrentClassLoader.performLoadClassUnchecked(ConcurrentClassLoader.java:410)
	at org.jboss.modules.ConcurrentClassLoader.performLoadClass(ConcurrentClassLoader.java:398)
	at org.jboss.modules.ConcurrentClassLoader.loadClass(ConcurrentClassLoader.java:116)
	at java.base/java.lang.ClassLoader.defineClass1(Native Method)
	at java.base/java.lang.ClassLoader.defineClass(ClassLoader.java:1017)
	at java.base/java.lang.ClassLoader.defineClass(ClassLoader.java:1095)
	at org.jboss.modules.ModuleClassLoader.doDefineOrLoadClass(ModuleClassLoader.java:351)
	at org.jboss.modules.ModuleClassLoader.defineClass(ModuleClassLoader.java:482)
	at org.jboss.modules.ModuleClassLoader.loadClassLocal(ModuleClassLoader.java:276)
	at org.jboss.modules.ModuleClassLoader$1.loadClassLocal(ModuleClassLoader.java:79)
	at org.jboss.modules.Module.loadModuleClass(Module.java:765)
	at org.jboss.modules.ModuleClassLoader.findClass(ModuleClassLoader.java:192)
	at org.jboss.modules.ConcurrentClassLoader.performLoadClassUnchecked(ConcurrentClassLoader.java:410)
	at org.jboss.modules.ConcurrentClassLoader.performLoadClass(ConcurrentClassLoader.java:398)
	at org.jboss.modules.ConcurrentClassLoader.loadClass(ConcurrentClassLoader.java:116)
	at org.jboss.as.weld@27.0.1.Final//org.jboss.as.weld.WeldModuleResourceLoader.classForName(WeldModuleResourceLoader.java:68)
	at org.jboss.weld.core@5.1.0.Final//org.jboss.weld.bootstrap.AnnotatedTypeLoader.loadClass(AnnotatedTypeLoader.java:83)
	at org.jboss.weld.core@5.1.0.Final//org.jboss.weld.bootstrap.AnnotatedTypeLoader.loadAnnotatedType(AnnotatedTypeLoader.java:63)
	at org.jboss.weld.core@5.1.0.Final//org.jboss.weld.bootstrap.FastAnnotatedTypeLoader.loadAnnotatedType(FastAnnotatedTypeLoader.java:108)
	at org.jboss.weld.core@5.1.0.Final//org.jboss.weld.bootstrap.BeanDeployer.addClass(BeanDeployer.java:87)
	at org.jboss.weld.core@5.1.0.Final//org.jboss.weld.bootstrap.ConcurrentBeanDeployer$1.doWork(ConcurrentBeanDeployer.java:55)
	at org.jboss.weld.core@5.1.0.Final//org.jboss.weld.bootstrap.ConcurrentBeanDeployer$1.doWork(ConcurrentBeanDeployer.java:52)
	at org.jboss.weld.core@5.1.0.Final//org.jboss.weld.executor.IterativeWorkerTaskFactory$1.call(IterativeWorkerTaskFactory.java:62)
	at org.jboss.weld.core@5.1.0.Final//org.jboss.weld.executor.IterativeWorkerTaskFactory$1.call(IterativeWorkerTaskFactory.java:55)
	at java.base/java.util.concurrent.FutureTask.run(FutureTask.java:264)
	at java.base/java.util.concurrent.ThreadPoolExecutor.runWorker(ThreadPoolExecutor.java:1136)
	at java.base/java.util.concurrent.ThreadPoolExecutor$Worker.run(ThreadPoolExecutor.java:635)
	at java.base/java.lang.Thread.run(Thread.java:840)
	at org.jboss.threads@2.4.0.Final//org.jboss.threads.JBossThread.run(JBossThread.java:513)

[0m[33m11:35:09,695 WARN  [org.jboss.modules.define] (Weld Thread Pool -- 6) Failed to define class org.apache.shiro.web.tags.SecureTag in Module "deployment.qto.war" from Service Module Loader: java.lang.NoClassDefFoundError: Failed to link org/apache/shiro/web/tags/SecureTag (Module "deployment.qto.war" from Service Module Loader): javax/servlet/jsp/tagext/TagSupport
	at java.base/java.lang.ClassLoader.defineClass1(Native Method)
	at java.base/java.lang.ClassLoader.defineClass(ClassLoader.java:1017)
	at java.base/java.lang.ClassLoader.defineClass(ClassLoader.java:1095)
	at org.jboss.modules.ModuleClassLoader.doDefineOrLoadClass(ModuleClassLoader.java:351)
	at org.jboss.modules.ModuleClassLoader.defineClass(ModuleClassLoader.java:482)
	at org.jboss.modules.ModuleClassLoader.loadClassLocal(ModuleClassLoader.java:276)
	at org.jboss.modules.ModuleClassLoader$1.loadClassLocal(ModuleClassLoader.java:79)
	at org.jboss.modules.Module.loadModuleClass(Module.java:765)
	at org.jboss.modules.ModuleClassLoader.findClass(ModuleClassLoader.java:192)
	at org.jboss.modules.ConcurrentClassLoader.performLoadClassUnchecked(ConcurrentClassLoader.java:410)
	at org.jboss.modules.ConcurrentClassLoader.performLoadClass(ConcurrentClassLoader.java:398)
	at org.jboss.modules.ConcurrentClassLoader.loadClass(ConcurrentClassLoader.java:116)
	at java.base/java.lang.ClassLoader.defineClass1(Native Method)
	at java.base/java.lang.ClassLoader.defineClass(ClassLoader.java:1017)
	at java.base/java.lang.ClassLoader.defineClass(ClassLoader.java:1095)
	at org.jboss.modules.ModuleClassLoader.doDefineOrLoadClass(ModuleClassLoader.java:351)
	at org.jboss.modules.ModuleClassLoader.defineClass(ModuleClassLoader.java:482)
	at org.jboss.modules.ModuleClassLoader.loadClassLocal(ModuleClassLoader.java:276)
	at org.jboss.modules.ModuleClassLoader$1.loadClassLocal(ModuleClassLoader.java:79)
	at org.jboss.modules.Module.loadModuleClass(Module.java:765)
	at org.jboss.modules.ModuleClassLoader.findClass(ModuleClassLoader.java:192)
	at org.jboss.modules.ConcurrentClassLoader.performLoadClassUnchecked(ConcurrentClassLoader.java:410)
	at org.jboss.modules.ConcurrentClassLoader.performLoadClass(ConcurrentClassLoader.java:398)
	at org.jboss.modules.ConcurrentClassLoader.loadClass(ConcurrentClassLoader.java:116)
	at org.jboss.as.weld@27.0.1.Final//org.jboss.as.weld.WeldModuleResourceLoader.classForName(WeldModuleResourceLoader.java:68)
	at org.jboss.weld.core@5.1.0.Final//org.jboss.weld.bootstrap.AnnotatedTypeLoader.loadClass(AnnotatedTypeLoader.java:83)
	at org.jboss.weld.core@5.1.0.Final//org.jboss.weld.bootstrap.AnnotatedTypeLoader.loadAnnotatedType(AnnotatedTypeLoader.java:63)
	at org.jboss.weld.core@5.1.0.Final//org.jboss.weld.bootstrap.FastAnnotatedTypeLoader.loadAnnotatedType(FastAnnotatedTypeLoader.java:108)
	at org.jboss.weld.core@5.1.0.Final//org.jboss.weld.bootstrap.BeanDeployer.addClass(BeanDeployer.java:87)
	at org.jboss.weld.core@5.1.0.Final//org.jboss.weld.bootstrap.ConcurrentBeanDeployer$1.doWork(ConcurrentBeanDeployer.java:55)
	at org.jboss.weld.core@5.1.0.Final//org.jboss.weld.bootstrap.ConcurrentBeanDeployer$1.doWork(ConcurrentBeanDeployer.java:52)
	at org.jboss.weld.core@5.1.0.Final//org.jboss.weld.executor.IterativeWorkerTaskFactory$1.call(IterativeWorkerTaskFactory.java:62)
	at org.jboss.weld.core@5.1.0.Final//org.jboss.weld.executor.IterativeWorkerTaskFactory$1.call(IterativeWorkerTaskFactory.java:55)
	at java.base/java.util.concurrent.FutureTask.run(FutureTask.java:264)
	at java.base/java.util.concurrent.ThreadPoolExecutor.runWorker(ThreadPoolExecutor.java:1136)
	at java.base/java.util.concurrent.ThreadPoolExecutor$Worker.run(ThreadPoolExecutor.java:635)
	at java.base/java.lang.Thread.run(Thread.java:840)
	at org.jboss.threads@2.4.0.Final//org.jboss.threads.JBossThread.run(JBossThread.java:513)

[0m[33m11:35:09,696 WARN  [org.jboss.modules.define] (Weld Thread Pool -- 5) Failed to define class org.apache.shiro.web.tags.UserTag in Module "deployment.qto.war" from Service Module Loader: java.lang.NoClassDefFoundError: Failed to link org/apache/shiro/web/tags/UserTag (Module "deployment.qto.war" from Service Module Loader): Failed to link org/apache/shiro/web/tags/SecureTag (Module "deployment.qto.war" from Service Module Loader): javax/servlet/jsp/tagext/TagSupport
	at java.base/java.lang.ClassLoader.defineClass1(Native Method)
	at java.base/java.lang.ClassLoader.defineClass(ClassLoader.java:1017)
	at java.base/java.lang.ClassLoader.defineClass(ClassLoader.java:1095)
	at org.jboss.modules.ModuleClassLoader.doDefineOrLoadClass(ModuleClassLoader.java:351)
	at org.jboss.modules.ModuleClassLoader.defineClass(ModuleClassLoader.java:482)
	at org.jboss.modules.ModuleClassLoader.loadClassLocal(ModuleClassLoader.java:276)
	at org.jboss.modules.ModuleClassLoader$1.loadClassLocal(ModuleClassLoader.java:79)
	at org.jboss.modules.Module.loadModuleClass(Module.java:765)
	at org.jboss.modules.ModuleClassLoader.findClass(ModuleClassLoader.java:192)
	at org.jboss.modules.ConcurrentClassLoader.performLoadClassUnchecked(ConcurrentClassLoader.java:410)
	at org.jboss.modules.ConcurrentClassLoader.performLoadClass(ConcurrentClassLoader.java:398)
	at org.jboss.modules.ConcurrentClassLoader.loadClass(ConcurrentClassLoader.java:116)
	at java.base/java.lang.ClassLoader.defineClass1(Native Method)
	at java.base/java.lang.ClassLoader.defineClass(ClassLoader.java:1017)
	at java.base/java.lang.ClassLoader.defineClass(ClassLoader.java:1095)
	at org.jboss.modules.ModuleClassLoader.doDefineOrLoadClass(ModuleClassLoader.java:351)
	at org.jboss.modules.ModuleClassLoader.defineClass(ModuleClassLoader.java:482)
	at org.jboss.modules.ModuleClassLoader.loadClassLocal(ModuleClassLoader.java:276)
	at org.jboss.modules.ModuleClassLoader$1.loadClassLocal(ModuleClassLoader.java:79)
	at org.jboss.modules.Module.loadModuleClass(Module.java:765)
	at org.jboss.modules.ModuleClassLoader.findClass(ModuleClassLoader.java:192)
	at org.jboss.modules.ConcurrentClassLoader.performLoadClassUnchecked(ConcurrentClassLoader.java:410)
	at org.jboss.modules.ConcurrentClassLoader.performLoadClass(ConcurrentClassLoader.java:398)
	at org.jboss.modules.ConcurrentClassLoader.loadClass(ConcurrentClassLoader.java:116)
	at org.jboss.as.weld@27.0.1.Final//org.jboss.as.weld.WeldModuleResourceLoader.classForName(WeldModuleResourceLoader.java:68)
	at org.jboss.weld.core@5.1.0.Final//org.jboss.weld.bootstrap.AnnotatedTypeLoader.loadClass(AnnotatedTypeLoader.java:83)
	at org.jboss.weld.core@5.1.0.Final//org.jboss.weld.bootstrap.AnnotatedTypeLoader.loadAnnotatedType(AnnotatedTypeLoader.java:63)
	at org.jboss.weld.core@5.1.0.Final//org.jboss.weld.bootstrap.FastAnnotatedTypeLoader.loadAnnotatedType(FastAnnotatedTypeLoader.java:108)
	at org.jboss.weld.core@5.1.0.Final//org.jboss.weld.bootstrap.BeanDeployer.addClass(BeanDeployer.java:87)
	at org.jboss.weld.core@5.1.0.Final//org.jboss.weld.bootstrap.ConcurrentBeanDeployer$1.doWork(ConcurrentBeanDeployer.java:55)
	at org.jboss.weld.core@5.1.0.Final//org.jboss.weld.bootstrap.ConcurrentBeanDeployer$1.doWork(ConcurrentBeanDeployer.java:52)
	at org.jboss.weld.core@5.1.0.Final//org.jboss.weld.executor.IterativeWorkerTaskFactory$1.call(IterativeWorkerTaskFactory.java:62)
	at org.jboss.weld.core@5.1.0.Final//org.jboss.weld.executor.IterativeWorkerTaskFactory$1.call(IterativeWorkerTaskFactory.java:55)
	at java.base/java.util.concurrent.FutureTask.run(FutureTask.java:264)
	at java.base/java.util.concurrent.ThreadPoolExecutor.runWorker(ThreadPoolExecutor.java:1136)
	at java.base/java.util.concurrent.ThreadPoolExecutor$Worker.run(ThreadPoolExecutor.java:635)
	at java.base/java.lang.Thread.run(Thread.java:840)
	at org.jboss.threads@2.4.0.Final//org.jboss.threads.JBossThread.run(JBossThread.java:513)

[0m[33m11:35:09,696 WARN  [org.jboss.modules.define] (Weld Thread Pool -- 4) Failed to define class org.apache.shiro.web.tags.GuestTag in Module "deployment.qto.war" from Service Module Loader: java.lang.NoClassDefFoundError: Failed to link org/apache/shiro/web/tags/GuestTag (Module "deployment.qto.war" from Service Module Loader): Failed to link org/apache/shiro/web/tags/SecureTag (Module "deployment.qto.war" from Service Module Loader): javax/servlet/jsp/tagext/TagSupport
	at java.base/java.lang.ClassLoader.defineClass1(Native Method)
	at java.base/java.lang.ClassLoader.defineClass(ClassLoader.java:1017)
	at java.base/java.lang.ClassLoader.defineClass(ClassLoader.java:1095)
	at org.jboss.modules.ModuleClassLoader.doDefineOrLoadClass(ModuleClassLoader.java:351)
	at org.jboss.modules.ModuleClassLoader.defineClass(ModuleClassLoader.java:482)
	at org.jboss.modules.ModuleClassLoader.loadClassLocal(ModuleClassLoader.java:276)
	at org.jboss.modules.ModuleClassLoader$1.loadClassLocal(ModuleClassLoader.java:79)
	at org.jboss.modules.Module.loadModuleClass(Module.java:765)
	at org.jboss.modules.ModuleClassLoader.findClass(ModuleClassLoader.java:192)
	at org.jboss.modules.ConcurrentClassLoader.performLoadClassUnchecked(ConcurrentClassLoader.java:410)
	at org.jboss.modules.ConcurrentClassLoader.performLoadClass(ConcurrentClassLoader.java:398)
	at org.jboss.modules.ConcurrentClassLoader.loadClass(ConcurrentClassLoader.java:116)
	at java.base/java.lang.ClassLoader.defineClass1(Native Method)
	at java.base/java.lang.ClassLoader.defineClass(ClassLoader.java:1017)
	at java.base/java.lang.ClassLoader.defineClass(ClassLoader.java:1095)
	at org.jboss.modules.ModuleClassLoader.doDefineOrLoadClass(ModuleClassLoader.java:351)
	at org.jboss.modules.ModuleClassLoader.defineClass(ModuleClassLoader.java:482)
	at org.jboss.modules.ModuleClassLoader.loadClassLocal(ModuleClassLoader.java:276)
	at org.jboss.modules.ModuleClassLoader$1.loadClassLocal(ModuleClassLoader.java:79)
	at org.jboss.modules.Module.loadModuleClass(Module.java:765)
	at org.jboss.modules.ModuleClassLoader.findClass(ModuleClassLoader.java:192)
	at org.jboss.modules.ConcurrentClassLoader.performLoadClassUnchecked(ConcurrentClassLoader.java:410)
	at org.jboss.modules.ConcurrentClassLoader.performLoadClass(ConcurrentClassLoader.java:398)
	at org.jboss.modules.ConcurrentClassLoader.loadClass(ConcurrentClassLoader.java:116)
	at org.jboss.as.weld@27.0.1.Final//org.jboss.as.weld.WeldModuleResourceLoader.classForName(WeldModuleResourceLoader.java:68)
	at org.jboss.weld.core@5.1.0.Final//org.jboss.weld.bootstrap.AnnotatedTypeLoader.loadClass(AnnotatedTypeLoader.java:83)
	at org.jboss.weld.core@5.1.0.Final//org.jboss.weld.bootstrap.AnnotatedTypeLoader.loadAnnotatedType(AnnotatedTypeLoader.java:63)
	at org.jboss.weld.core@5.1.0.Final//org.jboss.weld.bootstrap.FastAnnotatedTypeLoader.loadAnnotatedType(FastAnnotatedTypeLoader.java:108)
	at org.jboss.weld.core@5.1.0.Final//org.jboss.weld.bootstrap.BeanDeployer.addClass(BeanDeployer.java:87)
	at org.jboss.weld.core@5.1.0.Final//org.jboss.weld.bootstrap.ConcurrentBeanDeployer$1.doWork(ConcurrentBeanDeployer.java:55)
	at org.jboss.weld.core@5.1.0.Final//org.jboss.weld.bootstrap.ConcurrentBeanDeployer$1.doWork(ConcurrentBeanDeployer.java:52)
	at org.jboss.weld.core@5.1.0.Final//org.jboss.weld.executor.IterativeWorkerTaskFactory$1.call(IterativeWorkerTaskFactory.java:62)
	at org.jboss.weld.core@5.1.0.Final//org.jboss.weld.executor.IterativeWorkerTaskFactory$1.call(IterativeWorkerTaskFactory.java:55)
	at java.base/java.util.concurrent.FutureTask.run(FutureTask.java:264)
	at java.base/java.util.concurrent.ThreadPoolExecutor.runWorker(ThreadPoolExecutor.java:1136)
	at java.base/java.util.concurrent.ThreadPoolExecutor$Worker.run(ThreadPoolExecutor.java:635)
	at java.base/java.lang.Thread.run(Thread.java:840)
	at org.jboss.threads@2.4.0.Final//org.jboss.threads.JBossThread.run(JBossThread.java:513)

[0m[0m11:35:09,696 INFO  [org.jboss.weld.Bootstrap] (Weld Thread Pool -- 5) WELD-000119: Not generating any bean definitions from org.apache.shiro.web.tags.UserTag because of underlying class loading error: Type Failed to link org.apache.shiro.web.tags.UserTag (Module "deployment.qto.war" from Service Module Loader): Failed to link org.apache.shiro.web.tags.SecureTag (Module "deployment.qto.war" from Service Module Loader): javax.servlet.jsp.tagext.TagSupport not found.  If this is unexpected, enable DEBUG logging to see the full error.
[0m[33m11:35:09,696 WARN  [org.jboss.modules.define] (Weld Thread Pool -- 2) Failed to define class org.apache.shiro.web.tags.SecureTag in Module "deployment.qto.war" from Service Module Loader: java.lang.NoClassDefFoundError: Failed to link org/apache/shiro/web/tags/SecureTag (Module "deployment.qto.war" from Service Module Loader): javax/servlet/jsp/tagext/TagSupport
	at java.base/java.lang.ClassLoader.defineClass1(Native Method)
	at java.base/java.lang.ClassLoader.defineClass(ClassLoader.java:1017)
	at java.base/java.lang.ClassLoader.defineClass(ClassLoader.java:1095)
	at org.jboss.modules.ModuleClassLoader.doDefineOrLoadClass(ModuleClassLoader.java:351)
	at org.jboss.modules.ModuleClassLoader.defineClass(ModuleClassLoader.java:482)
	at org.jboss.modules.ModuleClassLoader.loadClassLocal(ModuleClassLoader.java:276)
	at org.jboss.modules.ModuleClassLoader$1.loadClassLocal(ModuleClassLoader.java:79)
	at org.jboss.modules.Module.loadModuleClass(Module.java:765)
	at org.jboss.modules.ModuleClassLoader.findClass(ModuleClassLoader.java:192)
	at org.jboss.modules.ConcurrentClassLoader.performLoadClassUnchecked(ConcurrentClassLoader.java:410)
	at org.jboss.modules.ConcurrentClassLoader.performLoadClass(ConcurrentClassLoader.java:398)
	at org.jboss.modules.ConcurrentClassLoader.loadClass(ConcurrentClassLoader.java:116)
	at java.base/java.lang.ClassLoader.defineClass1(Native Method)
	at java.base/java.lang.ClassLoader.defineClass(ClassLoader.java:1017)
	at java.base/java.lang.ClassLoader.defineClass(ClassLoader.java:1095)
	at org.jboss.modules.ModuleClassLoader.doDefineOrLoadClass(ModuleClassLoader.java:351)
	at org.jboss.modules.ModuleClassLoader.defineClass(ModuleClassLoader.java:482)
	at org.jboss.modules.ModuleClassLoader.loadClassLocal(ModuleClassLoader.java:276)
	at org.jboss.modules.ModuleClassLoader$1.loadClassLocal(ModuleClassLoader.java:79)
	at org.jboss.modules.Module.loadModuleClass(Module.java:765)
	at org.jboss.modules.ModuleClassLoader.findClass(ModuleClassLoader.java:192)
	at org.jboss.modules.ConcurrentClassLoader.performLoadClassUnchecked(ConcurrentClassLoader.java:410)
	at org.jboss.modules.ConcurrentClassLoader.performLoadClass(ConcurrentClassLoader.java:398)
	at org.jboss.modules.ConcurrentClassLoader.loadClass(ConcurrentClassLoader.java:116)
	at org.jboss.as.weld@27.0.1.Final//org.jboss.as.weld.WeldModuleResourceLoader.classForName(WeldModuleResourceLoader.java:68)
	at org.jboss.weld.core@5.1.0.Final//org.jboss.weld.bootstrap.AnnotatedTypeLoader.loadClass(AnnotatedTypeLoader.java:83)
	at org.jboss.weld.core@5.1.0.Final//org.jboss.weld.bootstrap.AnnotatedTypeLoader.loadAnnotatedType(AnnotatedTypeLoader.java:63)
	at org.jboss.weld.core@5.1.0.Final//org.jboss.weld.bootstrap.FastAnnotatedTypeLoader.loadAnnotatedType(FastAnnotatedTypeLoader.java:108)
	at org.jboss.weld.core@5.1.0.Final//org.jboss.weld.bootstrap.BeanDeployer.addClass(BeanDeployer.java:87)
	at org.jboss.weld.core@5.1.0.Final//org.jboss.weld.bootstrap.ConcurrentBeanDeployer$1.doWork(ConcurrentBeanDeployer.java:55)
	at org.jboss.weld.core@5.1.0.Final//org.jboss.weld.bootstrap.ConcurrentBeanDeployer$1.doWork(ConcurrentBeanDeployer.java:52)
	at org.jboss.weld.core@5.1.0.Final//org.jboss.weld.executor.IterativeWorkerTaskFactory$1.call(IterativeWorkerTaskFactory.java:62)
	at org.jboss.weld.core@5.1.0.Final//org.jboss.weld.executor.IterativeWorkerTaskFactory$1.call(IterativeWorkerTaskFactory.java:55)
	at java.base/java.util.concurrent.FutureTask.run(FutureTask.java:264)
	at java.base/java.util.concurrent.ThreadPoolExecutor.runWorker(ThreadPoolExecutor.java:1136)
	at java.base/java.util.concurrent.ThreadPoolExecutor$Worker.run(ThreadPoolExecutor.java:635)
	at java.base/java.lang.Thread.run(Thread.java:840)
	at org.jboss.threads@2.4.0.Final//org.jboss.threads.JBossThread.run(JBossThread.java:513)

[0m[0m11:35:09,696 INFO  [org.jboss.weld.Bootstrap] (Weld Thread Pool -- 4) WELD-000119: Not generating any bean definitions from org.apache.shiro.web.tags.GuestTag because of underlying class loading error: Type Failed to link org.apache.shiro.web.tags.GuestTag (Module "deployment.qto.war" from Service Module Loader): Failed to link org.apache.shiro.web.tags.SecureTag (Module "deployment.qto.war" from Service Module Loader): javax.servlet.jsp.tagext.TagSupport not found.  If this is unexpected, enable DEBUG logging to see the full error.
[0m[33m11:35:09,696 WARN  [org.jboss.modules.define] (Weld Thread Pool -- 6) Failed to define class org.apache.shiro.web.tags.NotAuthenticatedTag in Module "deployment.qto.war" from Service Module Loader: java.lang.NoClassDefFoundError: Failed to link org/apache/shiro/web/tags/NotAuthenticatedTag (Module "deployment.qto.war" from Service Module Loader): Failed to link org/apache/shiro/web/tags/SecureTag (Module "deployment.qto.war" from Service Module Loader): javax/servlet/jsp/tagext/TagSupport
	at java.base/java.lang.ClassLoader.defineClass1(Native Method)
	at java.base/java.lang.ClassLoader.defineClass(ClassLoader.java:1017)
	at java.base/java.lang.ClassLoader.defineClass(ClassLoader.java:1095)
	at org.jboss.modules.ModuleClassLoader.doDefineOrLoadClass(ModuleClassLoader.java:351)
	at org.jboss.modules.ModuleClassLoader.defineClass(ModuleClassLoader.java:482)
	at org.jboss.modules.ModuleClassLoader.loadClassLocal(ModuleClassLoader.java:276)
	at org.jboss.modules.ModuleClassLoader$1.loadClassLocal(ModuleClassLoader.java:79)
	at org.jboss.modules.Module.loadModuleClass(Module.java:765)
	at org.jboss.modules.ModuleClassLoader.findClass(ModuleClassLoader.java:192)
	at org.jboss.modules.ConcurrentClassLoader.performLoadClassUnchecked(ConcurrentClassLoader.java:410)
	at org.jboss.modules.ConcurrentClassLoader.performLoadClass(ConcurrentClassLoader.java:398)
	at org.jboss.modules.ConcurrentClassLoader.loadClass(ConcurrentClassLoader.java:116)
	at java.base/java.lang.ClassLoader.defineClass1(Native Method)
	at java.base/java.lang.ClassLoader.defineClass(ClassLoader.java:1017)
	at java.base/java.lang.ClassLoader.defineClass(ClassLoader.java:1095)
	at org.jboss.modules.ModuleClassLoader.doDefineOrLoadClass(ModuleClassLoader.java:351)
	at org.jboss.modules.ModuleClassLoader.defineClass(ModuleClassLoader.java:482)
	at org.jboss.modules.ModuleClassLoader.loadClassLocal(ModuleClassLoader.java:276)
	at org.jboss.modules.ModuleClassLoader$1.loadClassLocal(ModuleClassLoader.java:79)
	at org.jboss.modules.Module.loadModuleClass(Module.java:765)
	at org.jboss.modules.ModuleClassLoader.findClass(ModuleClassLoader.java:192)
	at org.jboss.modules.ConcurrentClassLoader.performLoadClassUnchecked(ConcurrentClassLoader.java:410)
	at org.jboss.modules.ConcurrentClassLoader.performLoadClass(ConcurrentClassLoader.java:398)
	at org.jboss.modules.ConcurrentClassLoader.loadClass(ConcurrentClassLoader.java:116)
	at org.jboss.as.weld@27.0.1.Final//org.jboss.as.weld.WeldModuleResourceLoader.classForName(WeldModuleResourceLoader.java:68)
	at org.jboss.weld.core@5.1.0.Final//org.jboss.weld.bootstrap.AnnotatedTypeLoader.loadClass(AnnotatedTypeLoader.java:83)
	at org.jboss.weld.core@5.1.0.Final//org.jboss.weld.bootstrap.AnnotatedTypeLoader.loadAnnotatedType(AnnotatedTypeLoader.java:63)
	at org.jboss.weld.core@5.1.0.Final//org.jboss.weld.bootstrap.FastAnnotatedTypeLoader.loadAnnotatedType(FastAnnotatedTypeLoader.java:108)
	at org.jboss.weld.core@5.1.0.Final//org.jboss.weld.bootstrap.BeanDeployer.addClass(BeanDeployer.java:87)
	at org.jboss.weld.core@5.1.0.Final//org.jboss.weld.bootstrap.ConcurrentBeanDeployer$1.doWork(ConcurrentBeanDeployer.java:55)
	at org.jboss.weld.core@5.1.0.Final//org.jboss.weld.bootstrap.ConcurrentBeanDeployer$1.doWork(ConcurrentBeanDeployer.java:52)
	at org.jboss.weld.core@5.1.0.Final//org.jboss.weld.executor.IterativeWorkerTaskFactory$1.call(IterativeWorkerTaskFactory.java:62)
	at org.jboss.weld.core@5.1.0.Final//org.jboss.weld.executor.IterativeWorkerTaskFactory$1.call(IterativeWorkerTaskFactory.java:55)
	at java.base/java.util.concurrent.FutureTask.run(FutureTask.java:264)
	at java.base/java.util.concurrent.ThreadPoolExecutor.runWorker(ThreadPoolExecutor.java:1136)
	at java.base/java.util.concurrent.ThreadPoolExecutor$Worker.run(ThreadPoolExecutor.java:635)
	at java.base/java.lang.Thread.run(Thread.java:840)
	at org.jboss.threads@2.4.0.Final//org.jboss.threads.JBossThread.run(JBossThread.java:513)

[0m[33m11:35:09,696 WARN  [org.jboss.modules.define] (Weld Thread Pool -- 8) Failed to define class org.apache.shiro.web.tags.SecureTag in Module "deployment.qto.war" from Service Module Loader: java.lang.NoClassDefFoundError: Failed to link org/apache/shiro/web/tags/SecureTag (Module "deployment.qto.war" from Service Module Loader): javax/servlet/jsp/tagext/TagSupport
	at java.base/java.lang.ClassLoader.defineClass1(Native Method)
	at java.base/java.lang.ClassLoader.defineClass(ClassLoader.java:1017)
	at java.base/java.lang.ClassLoader.defineClass(ClassLoader.java:1095)
	at org.jboss.modules.ModuleClassLoader.doDefineOrLoadClass(ModuleClassLoader.java:351)
	at org.jboss.modules.ModuleClassLoader.defineClass(ModuleClassLoader.java:482)
	at org.jboss.modules.ModuleClassLoader.loadClassLocal(ModuleClassLoader.java:276)
	at org.jboss.modules.ModuleClassLoader$1.loadClassLocal(ModuleClassLoader.java:79)
	at org.jboss.modules.Module.loadModuleClass(Module.java:765)
	at org.jboss.modules.ModuleClassLoader.findClass(ModuleClassLoader.java:192)
	at org.jboss.modules.ConcurrentClassLoader.performLoadClassUnchecked(ConcurrentClassLoader.java:410)
	at org.jboss.modules.ConcurrentClassLoader.performLoadClass(ConcurrentClassLoader.java:398)
	at org.jboss.modules.ConcurrentClassLoader.loadClass(ConcurrentClassLoader.java:116)
	at java.base/java.lang.ClassLoader.defineClass1(Native Method)
	at java.base/java.lang.ClassLoader.defineClass(ClassLoader.java:1017)
	at java.base/java.lang.ClassLoader.defineClass(ClassLoader.java:1095)
	at org.jboss.modules.ModuleClassLoader.doDefineOrLoadClass(ModuleClassLoader.java:351)
	at org.jboss.modules.ModuleClassLoader.defineClass(ModuleClassLoader.java:482)
	at org.jboss.modules.ModuleClassLoader.loadClassLocal(ModuleClassLoader.java:276)
	at org.jboss.modules.ModuleClassLoader$1.loadClassLocal(ModuleClassLoader.java:79)
	at org.jboss.modules.Module.loadModuleClass(Module.java:765)
	at org.jboss.modules.ModuleClassLoader.findClass(ModuleClassLoader.java:192)
	at org.jboss.modules.ConcurrentClassLoader.performLoadClassUnchecked(ConcurrentClassLoader.java:410)
	at org.jboss.modules.ConcurrentClassLoader.performLoadClass(ConcurrentClassLoader.java:398)
	at org.jboss.modules.ConcurrentClassLoader.loadClass(ConcurrentClassLoader.java:116)
	at java.base/java.lang.ClassLoader.defineClass1(Native Method)
	at java.base/java.lang.ClassLoader.defineClass(ClassLoader.java:1017)
	at java.base/java.lang.ClassLoader.defineClass(ClassLoader.java:1095)
	at org.jboss.modules.ModuleClassLoader.doDefineOrLoadClass(ModuleClassLoader.java:351)
	at org.jboss.modules.ModuleClassLoader.defineClass(ModuleClassLoader.java:482)
	at org.jboss.modules.ModuleClassLoader.loadClassLocal(ModuleClassLoader.java:276)
	at org.jboss.modules.ModuleClassLoader$1.loadClassLocal(ModuleClassLoader.java:79)
	at org.jboss.modules.Module.loadModuleClass(Module.java:765)
	at org.jboss.modules.ModuleClassLoader.findClass(ModuleClassLoader.java:192)
	at org.jboss.modules.ConcurrentClassLoader.performLoadClassUnchecked(ConcurrentClassLoader.java:410)
	at org.jboss.modules.ConcurrentClassLoader.performLoadClass(ConcurrentClassLoader.java:398)
	at org.jboss.modules.ConcurrentClassLoader.loadClass(ConcurrentClassLoader.java:116)
	at org.jboss.as.weld@27.0.1.Final//org.jboss.as.weld.WeldModuleResourceLoader.classForName(WeldModuleResourceLoader.java:68)
	at org.jboss.weld.core@5.1.0.Final//org.jboss.weld.bootstrap.AnnotatedTypeLoader.loadClass(AnnotatedTypeLoader.java:83)
	at org.jboss.weld.core@5.1.0.Final//org.jboss.weld.bootstrap.AnnotatedTypeLoader.loadAnnotatedType(AnnotatedTypeLoader.java:63)
	at org.jboss.weld.core@5.1.0.Final//org.jboss.weld.bootstrap.FastAnnotatedTypeLoader.loadAnnotatedType(FastAnnotatedTypeLoader.java:108)
	at org.jboss.weld.core@5.1.0.Final//org.jboss.weld.bootstrap.BeanDeployer.addClass(BeanDeployer.java:87)
	at org.jboss.weld.core@5.1.0.Final//org.jboss.weld.bootstrap.ConcurrentBeanDeployer$1.doWork(ConcurrentBeanDeployer.java:55)
	at org.jboss.weld.core@5.1.0.Final//org.jboss.weld.bootstrap.ConcurrentBeanDeployer$1.doWork(ConcurrentBeanDeployer.java:52)
	at org.jboss.weld.core@5.1.0.Final//org.jboss.weld.executor.IterativeWorkerTaskFactory$1.call(IterativeWorkerTaskFactory.java:62)
	at org.jboss.weld.core@5.1.0.Final//org.jboss.weld.executor.IterativeWorkerTaskFactory$1.call(IterativeWorkerTaskFactory.java:55)
	at java.base/java.util.concurrent.FutureTask.run(FutureTask.java:264)
	at java.base/java.util.concurrent.ThreadPoolExecutor.runWorker(ThreadPoolExecutor.java:1136)
	at java.base/java.util.concurrent.ThreadPoolExecutor$Worker.run(ThreadPoolExecutor.java:635)
	at java.base/java.lang.Thread.run(Thread.java:840)
	at org.jboss.threads@2.4.0.Final//org.jboss.threads.JBossThread.run(JBossThread.java:513)

[0m[0m11:35:09,696 INFO  [org.jboss.weld.Bootstrap] (Weld Thread Pool -- 6) WELD-000119: Not generating any bean definitions from org.apache.shiro.web.tags.NotAuthenticatedTag because of underlying class loading error: Type Failed to link org.apache.shiro.web.tags.NotAuthenticatedTag (Module "deployment.qto.war" from Service Module Loader): Failed to link org.apache.shiro.web.tags.SecureTag (Module "deployment.qto.war" from Service Module Loader): javax.servlet.jsp.tagext.TagSupport not found.  If this is unexpected, enable DEBUG logging to see the full error.
[0m[33m11:35:09,696 WARN  [org.jboss.modules.define] (Weld Thread Pool -- 11) Failed to define class org.apache.shiro.web.tags.SecureTag in Module "deployment.qto.war" from Service Module Loader: java.lang.NoClassDefFoundError: Failed to link org/apache/shiro/web/tags/SecureTag (Module "deployment.qto.war" from Service Module Loader): javax/servlet/jsp/tagext/TagSupport
	at java.base/java.lang.ClassLoader.defineClass1(Native Method)
	at java.base/java.lang.ClassLoader.defineClass(ClassLoader.java:1017)
	at java.base/java.lang.ClassLoader.defineClass(ClassLoader.java:1095)
	at org.jboss.modules.ModuleClassLoader.doDefineOrLoadClass(ModuleClassLoader.java:351)
	at org.jboss.modules.ModuleClassLoader.defineClass(ModuleClassLoader.java:482)
	at org.jboss.modules.ModuleClassLoader.loadClassLocal(ModuleClassLoader.java:276)
	at org.jboss.modules.ModuleClassLoader$1.loadClassLocal(ModuleClassLoader.java:79)
	at org.jboss.modules.Module.loadModuleClass(Module.java:765)
	at org.jboss.modules.ModuleClassLoader.findClass(ModuleClassLoader.java:192)
	at org.jboss.modules.ConcurrentClassLoader.performLoadClassUnchecked(ConcurrentClassLoader.java:410)
	at org.jboss.modules.ConcurrentClassLoader.performLoadClass(ConcurrentClassLoader.java:398)
	at org.jboss.modules.ConcurrentClassLoader.loadClass(ConcurrentClassLoader.java:116)
	at java.base/java.lang.ClassLoader.defineClass1(Native Method)
	at java.base/java.lang.ClassLoader.defineClass(ClassLoader.java:1017)
	at java.base/java.lang.ClassLoader.defineClass(ClassLoader.java:1095)
	at org.jboss.modules.ModuleClassLoader.doDefineOrLoadClass(ModuleClassLoader.java:351)
	at org.jboss.modules.ModuleClassLoader.defineClass(ModuleClassLoader.java:482)
	at org.jboss.modules.ModuleClassLoader.loadClassLocal(ModuleClassLoader.java:276)
	at org.jboss.modules.ModuleClassLoader$1.loadClassLocal(ModuleClassLoader.java:79)
	at org.jboss.modules.Module.loadModuleClass(Module.java:765)
	at org.jboss.modules.ModuleClassLoader.findClass(ModuleClassLoader.java:192)
	at org.jboss.modules.ConcurrentClassLoader.performLoadClassUnchecked(ConcurrentClassLoader.java:410)
	at org.jboss.modules.ConcurrentClassLoader.performLoadClass(ConcurrentClassLoader.java:398)
	at org.jboss.modules.ConcurrentClassLoader.loadClass(ConcurrentClassLoader.java:116)
	at org.jboss.as.weld@27.0.1.Final//org.jboss.as.weld.WeldModuleResourceLoader.classForName(WeldModuleResourceLoader.java:68)
	at org.jboss.weld.core@5.1.0.Final//org.jboss.weld.bootstrap.AnnotatedTypeLoader.loadClass(AnnotatedTypeLoader.java:83)
	at org.jboss.weld.core@5.1.0.Final//org.jboss.weld.bootstrap.AnnotatedTypeLoader.loadAnnotatedType(AnnotatedTypeLoader.java:63)
	at org.jboss.weld.core@5.1.0.Final//org.jboss.weld.bootstrap.FastAnnotatedTypeLoader.loadAnnotatedType(FastAnnotatedTypeLoader.java:108)
	at org.jboss.weld.core@5.1.0.Final//org.jboss.weld.bootstrap.BeanDeployer.addClass(BeanDeployer.java:87)
	at org.jboss.weld.core@5.1.0.Final//org.jboss.weld.bootstrap.ConcurrentBeanDeployer$1.doWork(ConcurrentBeanDeployer.java:55)
	at org.jboss.weld.core@5.1.0.Final//org.jboss.weld.bootstrap.ConcurrentBeanDeployer$1.doWork(ConcurrentBeanDeployer.java:52)
	at org.jboss.weld.core@5.1.0.Final//org.jboss.weld.executor.IterativeWorkerTaskFactory$1.call(IterativeWorkerTaskFactory.java:62)
	at org.jboss.weld.core@5.1.0.Final//org.jboss.weld.executor.IterativeWorkerTaskFactory$1.call(IterativeWorkerTaskFactory.java:55)
	at java.base/java.util.concurrent.FutureTask.run(FutureTask.java:264)
	at java.base/java.util.concurrent.ThreadPoolExecutor.runWorker(ThreadPoolExecutor.java:1136)
	at java.base/java.util.concurrent.ThreadPoolExecutor$Worker.run(ThreadPoolExecutor.java:635)
	at java.base/java.lang.Thread.run(Thread.java:840)
	at org.jboss.threads@2.4.0.Final//org.jboss.threads.JBossThread.run(JBossThread.java:513)

[0m[33m11:35:09,696 WARN  [org.jboss.modules.define] (Weld Thread Pool -- 2) Failed to define class org.apache.shiro.web.tags.AuthenticatedTag in Module "deployment.qto.war" from Service Module Loader: java.lang.NoClassDefFoundError: Failed to link org/apache/shiro/web/tags/AuthenticatedTag (Module "deployment.qto.war" from Service Module Loader): Failed to link org/apache/shiro/web/tags/SecureTag (Module "deployment.qto.war" from Service Module Loader): javax/servlet/jsp/tagext/TagSupport
	at java.base/java.lang.ClassLoader.defineClass1(Native Method)
	at java.base/java.lang.ClassLoader.defineClass(ClassLoader.java:1017)
	at java.base/java.lang.ClassLoader.defineClass(ClassLoader.java:1095)
	at org.jboss.modules.ModuleClassLoader.doDefineOrLoadClass(ModuleClassLoader.java:351)
	at org.jboss.modules.ModuleClassLoader.defineClass(ModuleClassLoader.java:482)
	at org.jboss.modules.ModuleClassLoader.loadClassLocal(ModuleClassLoader.java:276)
	at org.jboss.modules.ModuleClassLoader$1.loadClassLocal(ModuleClassLoader.java:79)
	at org.jboss.modules.Module.loadModuleClass(Module.java:765)
	at org.jboss.modules.ModuleClassLoader.findClass(ModuleClassLoader.java:192)
	at org.jboss.modules.ConcurrentClassLoader.performLoadClassUnchecked(ConcurrentClassLoader.java:410)
	at org.jboss.modules.ConcurrentClassLoader.performLoadClass(ConcurrentClassLoader.java:398)
	at org.jboss.modules.ConcurrentClassLoader.loadClass(ConcurrentClassLoader.java:116)
	at java.base/java.lang.ClassLoader.defineClass1(Native Method)
	at java.base/java.lang.ClassLoader.defineClass(ClassLoader.java:1017)
	at java.base/java.lang.ClassLoader.defineClass(ClassLoader.java:1095)
	at org.jboss.modules.ModuleClassLoader.doDefineOrLoadClass(ModuleClassLoader.java:351)
	at org.jboss.modules.ModuleClassLoader.defineClass(ModuleClassLoader.java:482)
	at org.jboss.modules.ModuleClassLoader.loadClassLocal(ModuleClassLoader.java:276)
	at org.jboss.modules.ModuleClassLoader$1.loadClassLocal(ModuleClassLoader.java:79)
	at org.jboss.modules.Module.loadModuleClass(Module.java:765)
	at org.jboss.modules.ModuleClassLoader.findClass(ModuleClassLoader.java:192)
	at org.jboss.modules.ConcurrentClassLoader.performLoadClassUnchecked(ConcurrentClassLoader.java:410)
	at org.jboss.modules.ConcurrentClassLoader.performLoadClass(ConcurrentClassLoader.java:398)
	at org.jboss.modules.ConcurrentClassLoader.loadClass(ConcurrentClassLoader.java:116)
	at org.jboss.as.weld@27.0.1.Final//org.jboss.as.weld.WeldModuleResourceLoader.classForName(WeldModuleResourceLoader.java:68)
	at org.jboss.weld.core@5.1.0.Final//org.jboss.weld.bootstrap.AnnotatedTypeLoader.loadClass(AnnotatedTypeLoader.java:83)
	at org.jboss.weld.core@5.1.0.Final//org.jboss.weld.bootstrap.AnnotatedTypeLoader.loadAnnotatedType(AnnotatedTypeLoader.java:63)
	at org.jboss.weld.core@5.1.0.Final//org.jboss.weld.bootstrap.FastAnnotatedTypeLoader.loadAnnotatedType(FastAnnotatedTypeLoader.java:108)
	at org.jboss.weld.core@5.1.0.Final//org.jboss.weld.bootstrap.BeanDeployer.addClass(BeanDeployer.java:87)
	at org.jboss.weld.core@5.1.0.Final//org.jboss.weld.bootstrap.ConcurrentBeanDeployer$1.doWork(ConcurrentBeanDeployer.java:55)
	at org.jboss.weld.core@5.1.0.Final//org.jboss.weld.bootstrap.ConcurrentBeanDeployer$1.doWork(ConcurrentBeanDeployer.java:52)
	at org.jboss.weld.core@5.1.0.Final//org.jboss.weld.executor.IterativeWorkerTaskFactory$1.call(IterativeWorkerTaskFactory.java:62)
	at org.jboss.weld.core@5.1.0.Final//org.jboss.weld.executor.IterativeWorkerTaskFactory$1.call(IterativeWorkerTaskFactory.java:55)
	at java.base/java.util.concurrent.FutureTask.run(FutureTask.java:264)
	at java.base/java.util.concurrent.ThreadPoolExecutor.runWorker(ThreadPoolExecutor.java:1136)
	at java.base/java.util.concurrent.ThreadPoolExecutor$Worker.run(ThreadPoolExecutor.java:635)
	at java.base/java.lang.Thread.run(Thread.java:840)
	at org.jboss.threads@2.4.0.Final//org.jboss.threads.JBossThread.run(JBossThread.java:513)

[0m[33m11:35:09,696 WARN  [org.jboss.modules.define] (Weld Thread Pool -- 3) Failed to define class org.apache.shiro.web.env.EnvironmentLoaderListener in Module "deployment.qto.war" from Service Module Loader: java.lang.NoClassDefFoundError: Failed to link org/apache/shiro/web/env/EnvironmentLoaderListener (Module "deployment.qto.war" from Service Module Loader): javax/servlet/ServletContextListener
	at java.base/java.lang.ClassLoader.defineClass1(Native Method)
	at java.base/java.lang.ClassLoader.defineClass(ClassLoader.java:1017)
	at java.base/java.lang.ClassLoader.defineClass(ClassLoader.java:1095)
	at org.jboss.modules.ModuleClassLoader.doDefineOrLoadClass(ModuleClassLoader.java:351)
	at org.jboss.modules.ModuleClassLoader.defineClass(ModuleClassLoader.java:482)
	at org.jboss.modules.ModuleClassLoader.loadClassLocal(ModuleClassLoader.java:276)
	at org.jboss.modules.ModuleClassLoader$1.loadClassLocal(ModuleClassLoader.java:79)
	at org.jboss.modules.Module.loadModuleClass(Module.java:765)
	at org.jboss.modules.ModuleClassLoader.findClass(ModuleClassLoader.java:192)
	at org.jboss.modules.ConcurrentClassLoader.performLoadClassUnchecked(ConcurrentClassLoader.java:410)
	at org.jboss.modules.ConcurrentClassLoader.performLoadClass(ConcurrentClassLoader.java:398)
	at org.jboss.modules.ConcurrentClassLoader.loadClass(ConcurrentClassLoader.java:116)
	at org.jboss.as.weld@27.0.1.Final//org.jboss.as.weld.WeldModuleResourceLoader.classForName(WeldModuleResourceLoader.java:68)
	at org.jboss.weld.core@5.1.0.Final//org.jboss.weld.bootstrap.AnnotatedTypeLoader.loadClass(AnnotatedTypeLoader.java:83)
	at org.jboss.weld.core@5.1.0.Final//org.jboss.weld.bootstrap.AnnotatedTypeLoader.loadAnnotatedType(AnnotatedTypeLoader.java:63)
	at org.jboss.weld.core@5.1.0.Final//org.jboss.weld.bootstrap.FastAnnotatedTypeLoader.loadAnnotatedType(FastAnnotatedTypeLoader.java:108)
	at org.jboss.weld.core@5.1.0.Final//org.jboss.weld.bootstrap.BeanDeployer.addClass(BeanDeployer.java:87)
	at org.jboss.weld.core@5.1.0.Final//org.jboss.weld.bootstrap.ConcurrentBeanDeployer$1.doWork(ConcurrentBeanDeployer.java:55)
	at org.jboss.weld.core@5.1.0.Final//org.jboss.weld.bootstrap.ConcurrentBeanDeployer$1.doWork(ConcurrentBeanDeployer.java:52)
	at org.jboss.weld.core@5.1.0.Final//org.jboss.weld.executor.IterativeWorkerTaskFactory$1.call(IterativeWorkerTaskFactory.java:62)
	at org.jboss.weld.core@5.1.0.Final//org.jboss.weld.executor.IterativeWorkerTaskFactory$1.call(IterativeWorkerTaskFactory.java:55)
	at java.base/java.util.concurrent.FutureTask.run(FutureTask.java:264)
	at java.base/java.util.concurrent.ThreadPoolExecutor.runWorker(ThreadPoolExecutor.java:1136)
	at java.base/java.util.concurrent.ThreadPoolExecutor$Worker.run(ThreadPoolExecutor.java:635)
	at java.base/java.lang.Thread.run(Thread.java:840)
	at org.jboss.threads@2.4.0.Final//org.jboss.threads.JBossThread.run(JBossThread.java:513)

[0m[33m11:35:09,696 WARN  [org.jboss.modules.define] (Weld Thread Pool -- 8) Failed to define class org.apache.shiro.web.tags.RoleTag in Module "deployment.qto.war" from Service Module Loader: java.lang.NoClassDefFoundError: Failed to link org/apache/shiro/web/tags/RoleTag (Module "deployment.qto.war" from Service Module Loader): Failed to link org/apache/shiro/web/tags/SecureTag (Module "deployment.qto.war" from Service Module Loader): javax/servlet/jsp/tagext/TagSupport
	at java.base/java.lang.ClassLoader.defineClass1(Native Method)
	at java.base/java.lang.ClassLoader.defineClass(ClassLoader.java:1017)
	at java.base/java.lang.ClassLoader.defineClass(ClassLoader.java:1095)
	at org.jboss.modules.ModuleClassLoader.doDefineOrLoadClass(ModuleClassLoader.java:351)
	at org.jboss.modules.ModuleClassLoader.defineClass(ModuleClassLoader.java:482)
	at org.jboss.modules.ModuleClassLoader.loadClassLocal(ModuleClassLoader.java:276)
	at org.jboss.modules.ModuleClassLoader$1.loadClassLocal(ModuleClassLoader.java:79)
	at org.jboss.modules.Module.loadModuleClass(Module.java:765)
	at org.jboss.modules.ModuleClassLoader.findClass(ModuleClassLoader.java:192)
	at org.jboss.modules.ConcurrentClassLoader.performLoadClassUnchecked(ConcurrentClassLoader.java:410)
	at org.jboss.modules.ConcurrentClassLoader.performLoadClass(ConcurrentClassLoader.java:398)
	at org.jboss.modules.ConcurrentClassLoader.loadClass(ConcurrentClassLoader.java:116)
	at java.base/java.lang.ClassLoader.defineClass1(Native Method)
	at java.base/java.lang.ClassLoader.defineClass(ClassLoader.java:1017)
	at java.base/java.lang.ClassLoader.defineClass(ClassLoader.java:1095)
	at org.jboss.modules.ModuleClassLoader.doDefineOrLoadClass(ModuleClassLoader.java:351)
	at org.jboss.modules.ModuleClassLoader.defineClass(ModuleClassLoader.java:482)
	at org.jboss.modules.ModuleClassLoader.loadClassLocal(ModuleClassLoader.java:276)
	at org.jboss.modules.ModuleClassLoader$1.loadClassLocal(ModuleClassLoader.java:79)
	at org.jboss.modules.Module.loadModuleClass(Module.java:765)
	at org.jboss.modules.ModuleClassLoader.findClass(ModuleClassLoader.java:192)
	at org.jboss.modules.ConcurrentClassLoader.performLoadClassUnchecked(ConcurrentClassLoader.java:410)
	at org.jboss.modules.ConcurrentClassLoader.performLoadClass(ConcurrentClassLoader.java:398)
	at org.jboss.modules.ConcurrentClassLoader.loadClass(ConcurrentClassLoader.java:116)
	at java.base/java.lang.ClassLoader.defineClass1(Native Method)
	at java.base/java.lang.ClassLoader.defineClass(ClassLoader.java:1017)
	at java.base/java.lang.ClassLoader.defineClass(ClassLoader.java:1095)
	at org.jboss.modules.ModuleClassLoader.doDefineOrLoadClass(ModuleClassLoader.java:351)
	at org.jboss.modules.ModuleClassLoader.defineClass(ModuleClassLoader.java:482)
	at org.jboss.modules.ModuleClassLoader.loadClassLocal(ModuleClassLoader.java:276)
	at org.jboss.modules.ModuleClassLoader$1.loadClassLocal(ModuleClassLoader.java:79)
	at org.jboss.modules.Module.loadModuleClass(Module.java:765)
	at org.jboss.modules.ModuleClassLoader.findClass(ModuleClassLoader.java:192)
	at org.jboss.modules.ConcurrentClassLoader.performLoadClassUnchecked(ConcurrentClassLoader.java:410)
	at org.jboss.modules.ConcurrentClassLoader.performLoadClass(ConcurrentClassLoader.java:398)
	at org.jboss.modules.ConcurrentClassLoader.loadClass(ConcurrentClassLoader.java:116)
	at org.jboss.as.weld@27.0.1.Final//org.jboss.as.weld.WeldModuleResourceLoader.classForName(WeldModuleResourceLoader.java:68)
	at org.jboss.weld.core@5.1.0.Final//org.jboss.weld.bootstrap.AnnotatedTypeLoader.loadClass(AnnotatedTypeLoader.java:83)
	at org.jboss.weld.core@5.1.0.Final//org.jboss.weld.bootstrap.AnnotatedTypeLoader.loadAnnotatedType(AnnotatedTypeLoader.java:63)
	at org.jboss.weld.core@5.1.0.Final//org.jboss.weld.bootstrap.FastAnnotatedTypeLoader.loadAnnotatedType(FastAnnotatedTypeLoader.java:108)
	at org.jboss.weld.core@5.1.0.Final//org.jboss.weld.bootstrap.BeanDeployer.addClass(BeanDeployer.java:87)
	at org.jboss.weld.core@5.1.0.Final//org.jboss.weld.bootstrap.ConcurrentBeanDeployer$1.doWork(ConcurrentBeanDeployer.java:55)
	at org.jboss.weld.core@5.1.0.Final//org.jboss.weld.bootstrap.ConcurrentBeanDeployer$1.doWork(ConcurrentBeanDeployer.java:52)
	at org.jboss.weld.core@5.1.0.Final//org.jboss.weld.executor.IterativeWorkerTaskFactory$1.call(IterativeWorkerTaskFactory.java:62)
	at org.jboss.weld.core@5.1.0.Final//org.jboss.weld.executor.IterativeWorkerTaskFactory$1.call(IterativeWorkerTaskFactory.java:55)
	at java.base/java.util.concurrent.FutureTask.run(FutureTask.java:264)
	at java.base/java.util.concurrent.ThreadPoolExecutor.runWorker(ThreadPoolExecutor.java:1136)
	at java.base/java.util.concurrent.ThreadPoolExecutor$Worker.run(ThreadPoolExecutor.java:635)
	at java.base/java.lang.Thread.run(Thread.java:840)
	at org.jboss.threads@2.4.0.Final//org.jboss.threads.JBossThread.run(JBossThread.java:513)

[0m[0m11:35:09,697 INFO  [org.jboss.weld.Bootstrap] (Weld Thread Pool -- 2) WELD-000119: Not generating any bean definitions from org.apache.shiro.web.tags.AuthenticatedTag because of underlying class loading error: Type Failed to link org.apache.shiro.web.tags.AuthenticatedTag (Module "deployment.qto.war" from Service Module Loader): Failed to link org.apache.shiro.web.tags.SecureTag (Module "deployment.qto.war" from Service Module Loader): javax.servlet.jsp.tagext.TagSupport not found.  If this is unexpected, enable DEBUG logging to see the full error.
[0m[33m11:35:09,696 WARN  [org.jboss.modules.define] (Weld Thread Pool -- 13) Failed to define class org.apache.shiro.web.tags.SecureTag in Module "deployment.qto.war" from Service Module Loader: java.lang.NoClassDefFoundError: Failed to link org/apache/shiro/web/tags/SecureTag (Module "deployment.qto.war" from Service Module Loader): javax/servlet/jsp/tagext/TagSupport
	at java.base/java.lang.ClassLoader.defineClass1(Native Method)
	at java.base/java.lang.ClassLoader.defineClass(ClassLoader.java:1017)
	at java.base/java.lang.ClassLoader.defineClass(ClassLoader.java:1095)
	at org.jboss.modules.ModuleClassLoader.doDefineOrLoadClass(ModuleClassLoader.java:351)
	at org.jboss.modules.ModuleClassLoader.defineClass(ModuleClassLoader.java:482)
	at org.jboss.modules.ModuleClassLoader.loadClassLocal(ModuleClassLoader.java:276)
	at org.jboss.modules.ModuleClassLoader$1.loadClassLocal(ModuleClassLoader.java:79)
	at org.jboss.modules.Module.loadModuleClass(Module.java:765)
	at org.jboss.modules.ModuleClassLoader.findClass(ModuleClassLoader.java:192)
	at org.jboss.modules.ConcurrentClassLoader.performLoadClassUnchecked(ConcurrentClassLoader.java:410)
	at org.jboss.modules.ConcurrentClassLoader.performLoadClass(ConcurrentClassLoader.java:398)
	at org.jboss.modules.ConcurrentClassLoader.loadClass(ConcurrentClassLoader.java:116)
	at java.base/java.lang.ClassLoader.defineClass1(Native Method)
	at java.base/java.lang.ClassLoader.defineClass(ClassLoader.java:1017)
	at java.base/java.lang.ClassLoader.defineClass(ClassLoader.java:1095)
	at org.jboss.modules.ModuleClassLoader.doDefineOrLoadClass(ModuleClassLoader.java:351)
	at org.jboss.modules.ModuleClassLoader.defineClass(ModuleClassLoader.java:482)
	at org.jboss.modules.ModuleClassLoader.loadClassLocal(ModuleClassLoader.java:276)
	at org.jboss.modules.ModuleClassLoader$1.loadClassLocal(ModuleClassLoader.java:79)
	at org.jboss.modules.Module.loadModuleClass(Module.java:765)
	at org.jboss.modules.ModuleClassLoader.findClass(ModuleClassLoader.java:192)
	at org.jboss.modules.ConcurrentClassLoader.performLoadClassUnchecked(ConcurrentClassLoader.java:410)
	at org.jboss.modules.ConcurrentClassLoader.performLoadClass(ConcurrentClassLoader.java:398)
	at org.jboss.modules.ConcurrentClassLoader.loadClass(ConcurrentClassLoader.java:116)
	at org.jboss.as.weld@27.0.1.Final//org.jboss.as.weld.WeldModuleResourceLoader.classForName(WeldModuleResourceLoader.java:68)
	at org.jboss.weld.core@5.1.0.Final//org.jboss.weld.bootstrap.AnnotatedTypeLoader.loadClass(AnnotatedTypeLoader.java:83)
	at org.jboss.weld.core@5.1.0.Final//org.jboss.weld.bootstrap.AnnotatedTypeLoader.loadAnnotatedType(AnnotatedTypeLoader.java:63)
	at org.jboss.weld.core@5.1.0.Final//org.jboss.weld.bootstrap.FastAnnotatedTypeLoader.loadAnnotatedType(FastAnnotatedTypeLoader.java:108)
	at org.jboss.weld.core@5.1.0.Final//org.jboss.weld.bootstrap.BeanDeployer.addClass(BeanDeployer.java:87)
	at org.jboss.weld.core@5.1.0.Final//org.jboss.weld.bootstrap.ConcurrentBeanDeployer$1.doWork(ConcurrentBeanDeployer.java:55)
	at org.jboss.weld.core@5.1.0.Final//org.jboss.weld.bootstrap.ConcurrentBeanDeployer$1.doWork(ConcurrentBeanDeployer.java:52)
	at org.jboss.weld.core@5.1.0.Final//org.jboss.weld.executor.IterativeWorkerTaskFactory$1.call(IterativeWorkerTaskFactory.java:62)
	at org.jboss.weld.core@5.1.0.Final//org.jboss.weld.executor.IterativeWorkerTaskFactory$1.call(IterativeWorkerTaskFactory.java:55)
	at java.base/java.util.concurrent.FutureTask.run(FutureTask.java:264)
	at java.base/java.util.concurrent.ThreadPoolExecutor.runWorker(ThreadPoolExecutor.java:1136)
	at java.base/java.util.concurrent.ThreadPoolExecutor$Worker.run(ThreadPoolExecutor.java:635)
	at java.base/java.lang.Thread.run(Thread.java:840)
	at org.jboss.threads@2.4.0.Final//org.jboss.threads.JBossThread.run(JBossThread.java:513)

[0m[0m11:35:09,697 INFO  [org.jboss.weld.Bootstrap] (Weld Thread Pool -- 3) WELD-000119: Not generating any bean definitions from org.apache.shiro.web.env.EnvironmentLoaderListener because of underlying class loading error: Type Failed to link org.apache.shiro.web.env.EnvironmentLoaderListener (Module "deployment.qto.war" from Service Module Loader): javax.servlet.ServletContextListener not found.  If this is unexpected, enable DEBUG logging to see the full error.
[0m[33m11:35:09,696 WARN  [org.jboss.modules.define] (Weld Thread Pool -- 10) Failed to define class org.apache.shiro.web.tags.SecureTag in Module "deployment.qto.war" from Service Module Loader: java.lang.NoClassDefFoundError: Failed to link org/apache/shiro/web/tags/SecureTag (Module "deployment.qto.war" from Service Module Loader): javax/servlet/jsp/tagext/TagSupport
	at java.base/java.lang.ClassLoader.defineClass1(Native Method)
	at java.base/java.lang.ClassLoader.defineClass(ClassLoader.java:1017)
	at java.base/java.lang.ClassLoader.defineClass(ClassLoader.java:1095)
	at org.jboss.modules.ModuleClassLoader.doDefineOrLoadClass(ModuleClassLoader.java:351)
	at org.jboss.modules.ModuleClassLoader.defineClass(ModuleClassLoader.java:482)
	at org.jboss.modules.ModuleClassLoader.loadClassLocal(ModuleClassLoader.java:276)
	at org.jboss.modules.ModuleClassLoader$1.loadClassLocal(ModuleClassLoader.java:79)
	at org.jboss.modules.Module.loadModuleClass(Module.java:765)
	at org.jboss.modules.ModuleClassLoader.findClass(ModuleClassLoader.java:192)
	at org.jboss.modules.ConcurrentClassLoader.performLoadClassUnchecked(ConcurrentClassLoader.java:410)
	at org.jboss.modules.ConcurrentClassLoader.performLoadClass(ConcurrentClassLoader.java:398)
	at org.jboss.modules.ConcurrentClassLoader.loadClass(ConcurrentClassLoader.java:116)
	at java.base/java.lang.ClassLoader.defineClass1(Native Method)
	at java.base/java.lang.ClassLoader.defineClass(ClassLoader.java:1017)
	at java.base/java.lang.ClassLoader.defineClass(ClassLoader.java:1095)
	at org.jboss.modules.ModuleClassLoader.doDefineOrLoadClass(ModuleClassLoader.java:351)
	at org.jboss.modules.ModuleClassLoader.defineClass(ModuleClassLoader.java:482)
	at org.jboss.modules.ModuleClassLoader.loadClassLocal(ModuleClassLoader.java:276)
	at org.jboss.modules.ModuleClassLoader$1.loadClassLocal(ModuleClassLoader.java:79)
	at org.jboss.modules.Module.loadModuleClass(Module.java:765)
	at org.jboss.modules.ModuleClassLoader.findClass(ModuleClassLoader.java:192)
	at org.jboss.modules.ConcurrentClassLoader.performLoadClassUnchecked(ConcurrentClassLoader.java:410)
	at org.jboss.modules.ConcurrentClassLoader.performLoadClass(ConcurrentClassLoader.java:398)
	at org.jboss.modules.ConcurrentClassLoader.loadClass(ConcurrentClassLoader.java:116)
	at java.base/java.lang.ClassLoader.defineClass1(Native Method)
	at java.base/java.lang.ClassLoader.defineClass(ClassLoader.java:1017)
	at java.base/java.lang.ClassLoader.defineClass(ClassLoader.java:1095)
	at org.jboss.modules.ModuleClassLoader.doDefineOrLoadClass(ModuleClassLoader.java:351)
	at org.jboss.modules.ModuleClassLoader.defineClass(ModuleClassLoader.java:482)
	at org.jboss.modules.ModuleClassLoader.loadClassLocal(ModuleClassLoader.java:276)
	at org.jboss.modules.ModuleClassLoader$1.loadClassLocal(ModuleClassLoader.java:79)
	at org.jboss.modules.Module.loadModuleClass(Module.java:765)
	at org.jboss.modules.ModuleClassLoader.findClass(ModuleClassLoader.java:192)
	at org.jboss.modules.ConcurrentClassLoader.performLoadClassUnchecked(ConcurrentClassLoader.java:410)
	at org.jboss.modules.ConcurrentClassLoader.performLoadClass(ConcurrentClassLoader.java:398)
	at org.jboss.modules.ConcurrentClassLoader.loadClass(ConcurrentClassLoader.java:116)
	at org.jboss.as.weld@27.0.1.Final//org.jboss.as.weld.WeldModuleResourceLoader.classForName(WeldModuleResourceLoader.java:68)
	at org.jboss.weld.core@5.1.0.Final//org.jboss.weld.bootstrap.AnnotatedTypeLoader.loadClass(AnnotatedTypeLoader.java:83)
	at org.jboss.weld.core@5.1.0.Final//org.jboss.weld.bootstrap.AnnotatedTypeLoader.loadAnnotatedType(AnnotatedTypeLoader.java:63)
	at org.jboss.weld.core@5.1.0.Final//org.jboss.weld.bootstrap.FastAnnotatedTypeLoader.loadAnnotatedType(FastAnnotatedTypeLoader.java:108)
	at org.jboss.weld.core@5.1.0.Final//org.jboss.weld.bootstrap.BeanDeployer.addClass(BeanDeployer.java:87)
	at org.jboss.weld.core@5.1.0.Final//org.jboss.weld.bootstrap.ConcurrentBeanDeployer$1.doWork(ConcurrentBeanDeployer.java:55)
	at org.jboss.weld.core@5.1.0.Final//org.jboss.weld.bootstrap.ConcurrentBeanDeployer$1.doWork(ConcurrentBeanDeployer.java:52)
	at org.jboss.weld.core@5.1.0.Final//org.jboss.weld.executor.IterativeWorkerTaskFactory$1.call(IterativeWorkerTaskFactory.java:62)
	at org.jboss.weld.core@5.1.0.Final//org.jboss.weld.executor.IterativeWorkerTaskFactory$1.call(IterativeWorkerTaskFactory.java:55)
	at java.base/java.util.concurrent.FutureTask.run(FutureTask.java:264)
	at java.base/java.util.concurrent.ThreadPoolExecutor.runWorker(ThreadPoolExecutor.java:1136)
	at java.base/java.util.concurrent.ThreadPoolExecutor$Worker.run(ThreadPoolExecutor.java:635)
	at java.base/java.lang.Thread.run(Thread.java:840)
	at org.jboss.threads@2.4.0.Final//org.jboss.threads.JBossThread.run(JBossThread.java:513)

[0m[33m11:35:09,696 WARN  [org.jboss.modules.define] (Weld Thread Pool -- 11) Failed to define class org.apache.shiro.web.tags.HasPermissionTag in Module "deployment.qto.war" from Service Module Loader: java.lang.NoClassDefFoundError: Failed to link org/apache/shiro/web/tags/HasPermissionTag (Module "deployment.qto.war" from Service Module Loader): Failed to link org/apache/shiro/web/tags/SecureTag (Module "deployment.qto.war" from Service Module Loader): javax/servlet/jsp/tagext/TagSupport
	at java.base/java.lang.ClassLoader.defineClass1(Native Method)
	at java.base/java.lang.ClassLoader.defineClass(ClassLoader.java:1017)
	at java.base/java.lang.ClassLoader.defineClass(ClassLoader.java:1095)
	at org.jboss.modules.ModuleClassLoader.doDefineOrLoadClass(ModuleClassLoader.java:351)
	at org.jboss.modules.ModuleClassLoader.defineClass(ModuleClassLoader.java:482)
	at org.jboss.modules.ModuleClassLoader.loadClassLocal(ModuleClassLoader.java:276)
	at org.jboss.modules.ModuleClassLoader$1.loadClassLocal(ModuleClassLoader.java:79)
	at org.jboss.modules.Module.loadModuleClass(Module.java:765)
	at org.jboss.modules.ModuleClassLoader.findClass(ModuleClassLoader.java:192)
	at org.jboss.modules.ConcurrentClassLoader.performLoadClassUnchecked(ConcurrentClassLoader.java:410)
	at org.jboss.modules.ConcurrentClassLoader.performLoadClass(ConcurrentClassLoader.java:398)
	at org.jboss.modules.ConcurrentClassLoader.loadClass(ConcurrentClassLoader.java:116)
	at java.base/java.lang.ClassLoader.defineClass1(Native Method)
	at java.base/java.lang.ClassLoader.defineClass(ClassLoader.java:1017)
	at java.base/java.lang.ClassLoader.defineClass(ClassLoader.java:1095)
	at org.jboss.modules.ModuleClassLoader.doDefineOrLoadClass(ModuleClassLoader.java:351)
	at org.jboss.modules.ModuleClassLoader.defineClass(ModuleClassLoader.java:482)
	at org.jboss.modules.ModuleClassLoader.loadClassLocal(ModuleClassLoader.java:276)
	at org.jboss.modules.ModuleClassLoader$1.loadClassLocal(ModuleClassLoader.java:79)
	at org.jboss.modules.Module.loadModuleClass(Module.java:765)
	at org.jboss.modules.ModuleClassLoader.findClass(ModuleClassLoader.java:192)
	at org.jboss.modules.ConcurrentClassLoader.performLoadClassUnchecked(ConcurrentClassLoader.java:410)
	at org.jboss.modules.ConcurrentClassLoader.performLoadClass(ConcurrentClassLoader.java:398)
	at org.jboss.modules.ConcurrentClassLoader.loadClass(ConcurrentClassLoader.java:116)
	at org.jboss.as.weld@27.0.1.Final//org.jboss.as.weld.WeldModuleResourceLoader.classForName(WeldModuleResourceLoader.java:68)
	at org.jboss.weld.core@5.1.0.Final//org.jboss.weld.bootstrap.AnnotatedTypeLoader.loadClass(AnnotatedTypeLoader.java:83)
	at org.jboss.weld.core@5.1.0.Final//org.jboss.weld.bootstrap.AnnotatedTypeLoader.loadAnnotatedType(AnnotatedTypeLoader.java:63)
	at org.jboss.weld.core@5.1.0.Final//org.jboss.weld.bootstrap.FastAnnotatedTypeLoader.loadAnnotatedType(FastAnnotatedTypeLoader.java:108)
	at org.jboss.weld.core@5.1.0.Final//org.jboss.weld.bootstrap.BeanDeployer.addClass(BeanDeployer.java:87)
	at org.jboss.weld.core@5.1.0.Final//org.jboss.weld.bootstrap.ConcurrentBeanDeployer$1.doWork(ConcurrentBeanDeployer.java:55)
	at org.jboss.weld.core@5.1.0.Final//org.jboss.weld.bootstrap.ConcurrentBeanDeployer$1.doWork(ConcurrentBeanDeployer.java:52)
	at org.jboss.weld.core@5.1.0.Final//org.jboss.weld.executor.IterativeWorkerTaskFactory$1.call(IterativeWorkerTaskFactory.java:62)
	at org.jboss.weld.core@5.1.0.Final//org.jboss.weld.executor.IterativeWorkerTaskFactory$1.call(IterativeWorkerTaskFactory.java:55)
	at java.base/java.util.concurrent.FutureTask.run(FutureTask.java:264)
	at java.base/java.util.concurrent.ThreadPoolExecutor.runWorker(ThreadPoolExecutor.java:1136)
	at java.base/java.util.concurrent.ThreadPoolExecutor$Worker.run(ThreadPoolExecutor.java:635)
	at java.base/java.lang.Thread.run(Thread.java:840)
	at org.jboss.threads@2.4.0.Final//org.jboss.threads.JBossThread.run(JBossThread.java:513)

[0m[33m11:35:09,697 WARN  [org.jboss.modules.define] (Weld Thread Pool -- 13) Failed to define class org.apache.shiro.web.tags.PrincipalTag in Module "deployment.qto.war" from Service Module Loader: java.lang.NoClassDefFoundError: Failed to link org/apache/shiro/web/tags/PrincipalTag (Module "deployment.qto.war" from Service Module Loader): Failed to link org/apache/shiro/web/tags/SecureTag (Module "deployment.qto.war" from Service Module Loader): javax/servlet/jsp/tagext/TagSupport
	at java.base/java.lang.ClassLoader.defineClass1(Native Method)
	at java.base/java.lang.ClassLoader.defineClass(ClassLoader.java:1017)
	at java.base/java.lang.ClassLoader.defineClass(ClassLoader.java:1095)
	at org.jboss.modules.ModuleClassLoader.doDefineOrLoadClass(ModuleClassLoader.java:351)
	at org.jboss.modules.ModuleClassLoader.defineClass(ModuleClassLoader.java:482)
	at org.jboss.modules.ModuleClassLoader.loadClassLocal(ModuleClassLoader.java:276)
	at org.jboss.modules.ModuleClassLoader$1.loadClassLocal(ModuleClassLoader.java:79)
	at org.jboss.modules.Module.loadModuleClass(Module.java:765)
	at org.jboss.modules.ModuleClassLoader.findClass(ModuleClassLoader.java:192)
	at org.jboss.modules.ConcurrentClassLoader.performLoadClassUnchecked(ConcurrentClassLoader.java:410)
	at org.jboss.modules.ConcurrentClassLoader.performLoadClass(ConcurrentClassLoader.java:398)
	at org.jboss.modules.ConcurrentClassLoader.loadClass(ConcurrentClassLoader.java:116)
	at java.base/java.lang.ClassLoader.defineClass1(Native Method)
	at java.base/java.lang.ClassLoader.defineClass(ClassLoader.java:1017)
	at java.base/java.lang.ClassLoader.defineClass(ClassLoader.java:1095)
	at org.jboss.modules.ModuleClassLoader.doDefineOrLoadClass(ModuleClassLoader.java:351)
	at org.jboss.modules.ModuleClassLoader.defineClass(ModuleClassLoader.java:482)
	at org.jboss.modules.ModuleClassLoader.loadClassLocal(ModuleClassLoader.java:276)
	at org.jboss.modules.ModuleClassLoader$1.loadClassLocal(ModuleClassLoader.java:79)
	at org.jboss.modules.Module.loadModuleClass(Module.java:765)
	at org.jboss.modules.ModuleClassLoader.findClass(ModuleClassLoader.java:192)
	at org.jboss.modules.ConcurrentClassLoader.performLoadClassUnchecked(ConcurrentClassLoader.java:410)
	at org.jboss.modules.ConcurrentClassLoader.performLoadClass(ConcurrentClassLoader.java:398)
	at org.jboss.modules.ConcurrentClassLoader.loadClass(ConcurrentClassLoader.java:116)
	at org.jboss.as.weld@27.0.1.Final//org.jboss.as.weld.WeldModuleResourceLoader.classForName(WeldModuleResourceLoader.java:68)
	at org.jboss.weld.core@5.1.0.Final//org.jboss.weld.bootstrap.AnnotatedTypeLoader.loadClass(AnnotatedTypeLoader.java:83)
	at org.jboss.weld.core@5.1.0.Final//org.jboss.weld.bootstrap.AnnotatedTypeLoader.loadAnnotatedType(AnnotatedTypeLoader.java:63)
	at org.jboss.weld.core@5.1.0.Final//org.jboss.weld.bootstrap.FastAnnotatedTypeLoader.loadAnnotatedType(FastAnnotatedTypeLoader.java:108)
	at org.jboss.weld.core@5.1.0.Final//org.jboss.weld.bootstrap.BeanDeployer.addClass(BeanDeployer.java:87)
	at org.jboss.weld.core@5.1.0.Final//org.jboss.weld.bootstrap.ConcurrentBeanDeployer$1.doWork(ConcurrentBeanDeployer.java:55)
	at org.jboss.weld.core@5.1.0.Final//org.jboss.weld.bootstrap.ConcurrentBeanDeployer$1.doWork(ConcurrentBeanDeployer.java:52)
	at org.jboss.weld.core@5.1.0.Final//org.jboss.weld.executor.IterativeWorkerTaskFactory$1.call(IterativeWorkerTaskFactory.java:62)
	at org.jboss.weld.core@5.1.0.Final//org.jboss.weld.executor.IterativeWorkerTaskFactory$1.call(IterativeWorkerTaskFactory.java:55)
	at java.base/java.util.concurrent.FutureTask.run(FutureTask.java:264)
	at java.base/java.util.concurrent.ThreadPoolExecutor.runWorker(ThreadPoolExecutor.java:1136)
	at java.base/java.util.concurrent.ThreadPoolExecutor$Worker.run(ThreadPoolExecutor.java:635)
	at java.base/java.lang.Thread.run(Thread.java:840)
	at org.jboss.threads@2.4.0.Final//org.jboss.threads.JBossThread.run(JBossThread.java:513)

[0m[33m11:35:09,697 WARN  [org.jboss.modules.define] (Weld Thread Pool -- 7) Failed to define class org.apache.shiro.web.tags.SecureTag in Module "deployment.qto.war" from Service Module Loader: java.lang.NoClassDefFoundError: Failed to link org/apache/shiro/web/tags/SecureTag (Module "deployment.qto.war" from Service Module Loader): javax/servlet/jsp/tagext/TagSupport
	at java.base/java.lang.ClassLoader.defineClass1(Native Method)
	at java.base/java.lang.ClassLoader.defineClass(ClassLoader.java:1017)
	at java.base/java.lang.ClassLoader.defineClass(ClassLoader.java:1095)
	at org.jboss.modules.ModuleClassLoader.doDefineOrLoadClass(ModuleClassLoader.java:351)
	at org.jboss.modules.ModuleClassLoader.defineClass(ModuleClassLoader.java:482)
	at org.jboss.modules.ModuleClassLoader.loadClassLocal(ModuleClassLoader.java:276)
	at org.jboss.modules.ModuleClassLoader$1.loadClassLocal(ModuleClassLoader.java:79)
	at org.jboss.modules.Module.loadModuleClass(Module.java:765)
	at org.jboss.modules.ModuleClassLoader.findClass(ModuleClassLoader.java:192)
	at org.jboss.modules.ConcurrentClassLoader.performLoadClassUnchecked(ConcurrentClassLoader.java:410)
	at org.jboss.modules.ConcurrentClassLoader.performLoadClass(ConcurrentClassLoader.java:398)
	at org.jboss.modules.ConcurrentClassLoader.loadClass(ConcurrentClassLoader.java:116)
	at java.base/java.lang.ClassLoader.defineClass1(Native Method)
	at java.base/java.lang.ClassLoader.defineClass(ClassLoader.java:1017)
	at java.base/java.lang.ClassLoader.defineClass(ClassLoader.java:1095)
	at org.jboss.modules.ModuleClassLoader.doDefineOrLoadClass(ModuleClassLoader.java:351)
	at org.jboss.modules.ModuleClassLoader.defineClass(ModuleClassLoader.java:482)
	at org.jboss.modules.ModuleClassLoader.loadClassLocal(ModuleClassLoader.java:276)
	at org.jboss.modules.ModuleClassLoader$1.loadClassLocal(ModuleClassLoader.java:79)
	at org.jboss.modules.Module.loadModuleClass(Module.java:765)
	at org.jboss.modules.ModuleClassLoader.findClass(ModuleClassLoader.java:192)
	at org.jboss.modules.ConcurrentClassLoader.performLoadClassUnchecked(ConcurrentClassLoader.java:410)
	at org.jboss.modules.ConcurrentClassLoader.performLoadClass(ConcurrentClassLoader.java:398)
	at org.jboss.modules.ConcurrentClassLoader.loadClass(ConcurrentClassLoader.java:116)
	at java.base/java.lang.ClassLoader.defineClass1(Native Method)
	at java.base/java.lang.ClassLoader.defineClass(ClassLoader.java:1017)
	at java.base/java.lang.ClassLoader.defineClass(ClassLoader.java:1095)
	at org.jboss.modules.ModuleClassLoader.doDefineOrLoadClass(ModuleClassLoader.java:351)
	at org.jboss.modules.ModuleClassLoader.defineClass(ModuleClassLoader.java:482)
	at org.jboss.modules.ModuleClassLoader.loadClassLocal(ModuleClassLoader.java:276)
	at org.jboss.modules.ModuleClassLoader$1.loadClassLocal(ModuleClassLoader.java:79)
	at org.jboss.modules.Module.loadModuleClass(Module.java:765)
	at org.jboss.modules.ModuleClassLoader.findClass(ModuleClassLoader.java:192)
	at org.jboss.modules.ConcurrentClassLoader.performLoadClassUnchecked(ConcurrentClassLoader.java:410)
	at org.jboss.modules.ConcurrentClassLoader.performLoadClass(ConcurrentClassLoader.java:398)
	at org.jboss.modules.ConcurrentClassLoader.loadClass(ConcurrentClassLoader.java:116)
	at org.jboss.as.weld@27.0.1.Final//org.jboss.as.weld.WeldModuleResourceLoader.classForName(WeldModuleResourceLoader.java:68)
	at org.jboss.weld.core@5.1.0.Final//org.jboss.weld.bootstrap.AnnotatedTypeLoader.loadClass(AnnotatedTypeLoader.java:83)
	at org.jboss.weld.core@5.1.0.Final//org.jboss.weld.bootstrap.AnnotatedTypeLoader.loadAnnotatedType(AnnotatedTypeLoader.java:63)
	at org.jboss.weld.core@5.1.0.Final//org.jboss.weld.bootstrap.FastAnnotatedTypeLoader.loadAnnotatedType(FastAnnotatedTypeLoader.java:108)
	at org.jboss.weld.core@5.1.0.Final//org.jboss.weld.bootstrap.BeanDeployer.addClass(BeanDeployer.java:87)
	at org.jboss.weld.core@5.1.0.Final//org.jboss.weld.bootstrap.ConcurrentBeanDeployer$1.doWork(ConcurrentBeanDeployer.java:55)
	at org.jboss.weld.core@5.1.0.Final//org.jboss.weld.bootstrap.ConcurrentBeanDeployer$1.doWork(ConcurrentBeanDeployer.java:52)
	at org.jboss.weld.core@5.1.0.Final//org.jboss.weld.executor.IterativeWorkerTaskFactory$1.call(IterativeWorkerTaskFactory.java:62)
	at org.jboss.weld.core@5.1.0.Final//org.jboss.weld.executor.IterativeWorkerTaskFactory$1.call(IterativeWorkerTaskFactory.java:55)
	at java.base/java.util.concurrent.FutureTask.run(FutureTask.java:264)
	at java.base/java.util.concurrent.ThreadPoolExecutor.runWorker(ThreadPoolExecutor.java:1136)
	at java.base/java.util.concurrent.ThreadPoolExecutor$Worker.run(ThreadPoolExecutor.java:635)
	at java.base/java.lang.Thread.run(Thread.java:840)
	at org.jboss.threads@2.4.0.Final//org.jboss.threads.JBossThread.run(JBossThread.java:513)

[0m[33m11:35:09,697 WARN  [org.jboss.modules.define] (Weld Thread Pool -- 10) Failed to define class org.apache.shiro.web.tags.PermissionTag in Module "deployment.qto.war" from Service Module Loader: java.lang.NoClassDefFoundError: Failed to link org/apache/shiro/web/tags/PermissionTag (Module "deployment.qto.war" from Service Module Loader): Failed to link org/apache/shiro/web/tags/SecureTag (Module "deployment.qto.war" from Service Module Loader): javax/servlet/jsp/tagext/TagSupport
	at java.base/java.lang.ClassLoader.defineClass1(Native Method)
	at java.base/java.lang.ClassLoader.defineClass(ClassLoader.java:1017)
	at java.base/java.lang.ClassLoader.defineClass(ClassLoader.java:1095)
	at org.jboss.modules.ModuleClassLoader.doDefineOrLoadClass(ModuleClassLoader.java:351)
	at org.jboss.modules.ModuleClassLoader.defineClass(ModuleClassLoader.java:482)
	at org.jboss.modules.ModuleClassLoader.loadClassLocal(ModuleClassLoader.java:276)
	at org.jboss.modules.ModuleClassLoader$1.loadClassLocal(ModuleClassLoader.java:79)
	at org.jboss.modules.Module.loadModuleClass(Module.java:765)
	at org.jboss.modules.ModuleClassLoader.findClass(ModuleClassLoader.java:192)
	at org.jboss.modules.ConcurrentClassLoader.performLoadClassUnchecked(ConcurrentClassLoader.java:410)
	at org.jboss.modules.ConcurrentClassLoader.performLoadClass(ConcurrentClassLoader.java:398)
	at org.jboss.modules.ConcurrentClassLoader.loadClass(ConcurrentClassLoader.java:116)
	at java.base/java.lang.ClassLoader.defineClass1(Native Method)
	at java.base/java.lang.ClassLoader.defineClass(ClassLoader.java:1017)
	at java.base/java.lang.ClassLoader.defineClass(ClassLoader.java:1095)
	at org.jboss.modules.ModuleClassLoader.doDefineOrLoadClass(ModuleClassLoader.java:351)
	at org.jboss.modules.ModuleClassLoader.defineClass(ModuleClassLoader.java:482)
	at org.jboss.modules.ModuleClassLoader.loadClassLocal(ModuleClassLoader.java:276)
	at org.jboss.modules.ModuleClassLoader$1.loadClassLocal(ModuleClassLoader.java:79)
	at org.jboss.modules.Module.loadModuleClass(Module.java:765)
	at org.jboss.modules.ModuleClassLoader.findClass(ModuleClassLoader.java:192)
	at org.jboss.modules.ConcurrentClassLoader.performLoadClassUnchecked(ConcurrentClassLoader.java:410)
	at org.jboss.modules.ConcurrentClassLoader.performLoadClass(ConcurrentClassLoader.java:398)
	at org.jboss.modules.ConcurrentClassLoader.loadClass(ConcurrentClassLoader.java:116)
	at java.base/java.lang.ClassLoader.defineClass1(Native Method)
	at java.base/java.lang.ClassLoader.defineClass(ClassLoader.java:1017)
	at java.base/java.lang.ClassLoader.defineClass(ClassLoader.java:1095)
	at org.jboss.modules.ModuleClassLoader.doDefineOrLoadClass(ModuleClassLoader.java:351)
	at org.jboss.modules.ModuleClassLoader.defineClass(ModuleClassLoader.java:482)
	at org.jboss.modules.ModuleClassLoader.loadClassLocal(ModuleClassLoader.java:276)
	at org.jboss.modules.ModuleClassLoader$1.loadClassLocal(ModuleClassLoader.java:79)
	at org.jboss.modules.Module.loadModuleClass(Module.java:765)
	at org.jboss.modules.ModuleClassLoader.findClass(ModuleClassLoader.java:192)
	at org.jboss.modules.ConcurrentClassLoader.performLoadClassUnchecked(ConcurrentClassLoader.java:410)
	at org.jboss.modules.ConcurrentClassLoader.performLoadClass(ConcurrentClassLoader.java:398)
	at org.jboss.modules.ConcurrentClassLoader.loadClass(ConcurrentClassLoader.java:116)
	at org.jboss.as.weld@27.0.1.Final//org.jboss.as.weld.WeldModuleResourceLoader.classForName(WeldModuleResourceLoader.java:68)
	at org.jboss.weld.core@5.1.0.Final//org.jboss.weld.bootstrap.AnnotatedTypeLoader.loadClass(AnnotatedTypeLoader.java:83)
	at org.jboss.weld.core@5.1.0.Final//org.jboss.weld.bootstrap.AnnotatedTypeLoader.loadAnnotatedType(AnnotatedTypeLoader.java:63)
	at org.jboss.weld.core@5.1.0.Final//org.jboss.weld.bootstrap.FastAnnotatedTypeLoader.loadAnnotatedType(FastAnnotatedTypeLoader.java:108)
	at org.jboss.weld.core@5.1.0.Final//org.jboss.weld.bootstrap.BeanDeployer.addClass(BeanDeployer.java:87)
	at org.jboss.weld.core@5.1.0.Final//org.jboss.weld.bootstrap.ConcurrentBeanDeployer$1.doWork(ConcurrentBeanDeployer.java:55)
	at org.jboss.weld.core@5.1.0.Final//org.jboss.weld.bootstrap.ConcurrentBeanDeployer$1.doWork(ConcurrentBeanDeployer.java:52)
	at org.jboss.weld.core@5.1.0.Final//org.jboss.weld.executor.IterativeWorkerTaskFactory$1.call(IterativeWorkerTaskFactory.java:62)
	at org.jboss.weld.core@5.1.0.Final//org.jboss.weld.executor.IterativeWorkerTaskFactory$1.call(IterativeWorkerTaskFactory.java:55)
	at java.base/java.util.concurrent.FutureTask.run(FutureTask.java:264)
	at java.base/java.util.concurrent.ThreadPoolExecutor.runWorker(ThreadPoolExecutor.java:1136)
	at java.base/java.util.concurrent.ThreadPoolExecutor$Worker.run(ThreadPoolExecutor.java:635)
	at java.base/java.lang.Thread.run(Thread.java:840)
	at org.jboss.threads@2.4.0.Final//org.jboss.threads.JBossThread.run(JBossThread.java:513)

[0m[0m11:35:09,697 INFO  [org.jboss.weld.Bootstrap] (Weld Thread Pool -- 13) WELD-000119: Not generating any bean definitions from org.apache.shiro.web.tags.PrincipalTag because of underlying class loading error: Type Failed to link org.apache.shiro.web.tags.PrincipalTag (Module "deployment.qto.war" from Service Module Loader): Failed to link org.apache.shiro.web.tags.SecureTag (Module "deployment.qto.war" from Service Module Loader): javax.servlet.jsp.tagext.TagSupport not found.  If this is unexpected, enable DEBUG logging to see the full error.
[0m[33m11:35:09,697 WARN  [org.jboss.modules.define] (Weld Thread Pool -- 8) Failed to define class org.apache.shiro.web.tags.LacksRoleTag in Module "deployment.qto.war" from Service Module Loader: java.lang.NoClassDefFoundError: Failed to link org/apache/shiro/web/tags/LacksRoleTag (Module "deployment.qto.war" from Service Module Loader): Failed to link org/apache/shiro/web/tags/RoleTag (Module "deployment.qto.war" from Service Module Loader): Failed to link org/apache/shiro/web/tags/SecureTag (Module "deployment.qto.war" from Service Module Loader): javax/servlet/jsp/tagext/TagSupport
	at java.base/java.lang.ClassLoader.defineClass1(Native Method)
	at java.base/java.lang.ClassLoader.defineClass(ClassLoader.java:1017)
	at java.base/java.lang.ClassLoader.defineClass(ClassLoader.java:1095)
	at org.jboss.modules.ModuleClassLoader.doDefineOrLoadClass(ModuleClassLoader.java:351)
	at org.jboss.modules.ModuleClassLoader.defineClass(ModuleClassLoader.java:482)
	at org.jboss.modules.ModuleClassLoader.loadClassLocal(ModuleClassLoader.java:276)
	at org.jboss.modules.ModuleClassLoader$1.loadClassLocal(ModuleClassLoader.java:79)
	at org.jboss.modules.Module.loadModuleClass(Module.java:765)
	at org.jboss.modules.ModuleClassLoader.findClass(ModuleClassLoader.java:192)
	at org.jboss.modules.ConcurrentClassLoader.performLoadClassUnchecked(ConcurrentClassLoader.java:410)
	at org.jboss.modules.ConcurrentClassLoader.performLoadClass(ConcurrentClassLoader.java:398)
	at org.jboss.modules.ConcurrentClassLoader.loadClass(ConcurrentClassLoader.java:116)
	at java.base/java.lang.ClassLoader.defineClass1(Native Method)
	at java.base/java.lang.ClassLoader.defineClass(ClassLoader.java:1017)
	at java.base/java.lang.ClassLoader.defineClass(ClassLoader.java:1095)
	at org.jboss.modules.ModuleClassLoader.doDefineOrLoadClass(ModuleClassLoader.java:351)
	at org.jboss.modules.ModuleClassLoader.defineClass(ModuleClassLoader.java:482)
	at org.jboss.modules.ModuleClassLoader.loadClassLocal(ModuleClassLoader.java:276)
	at org.jboss.modules.ModuleClassLoader$1.loadClassLocal(ModuleClassLoader.java:79)
	at org.jboss.modules.Module.loadModuleClass(Module.java:765)
	at org.jboss.modules.ModuleClassLoader.findClass(ModuleClassLoader.java:192)
	at org.jboss.modules.ConcurrentClassLoader.performLoadClassUnchecked(ConcurrentClassLoader.java:410)
	at org.jboss.modules.ConcurrentClassLoader.performLoadClass(ConcurrentClassLoader.java:398)
	at org.jboss.modules.ConcurrentClassLoader.loadClass(ConcurrentClassLoader.java:116)
	at java.base/java.lang.ClassLoader.defineClass1(Native Method)
	at java.base/java.lang.ClassLoader.defineClass(ClassLoader.java:1017)
	at java.base/java.lang.ClassLoader.defineClass(ClassLoader.java:1095)
	at org.jboss.modules.ModuleClassLoader.doDefineOrLoadClass(ModuleClassLoader.java:351)
	at org.jboss.modules.ModuleClassLoader.defineClass(ModuleClassLoader.java:482)
	at org.jboss.modules.ModuleClassLoader.loadClassLocal(ModuleClassLoader.java:276)
	at org.jboss.modules.ModuleClassLoader$1.loadClassLocal(ModuleClassLoader.java:79)
	at org.jboss.modules.Module.loadModuleClass(Module.java:765)
	at org.jboss.modules.ModuleClassLoader.findClass(ModuleClassLoader.java:192)
	at org.jboss.modules.ConcurrentClassLoader.performLoadClassUnchecked(ConcurrentClassLoader.java:410)
	at org.jboss.modules.ConcurrentClassLoader.performLoadClass(ConcurrentClassLoader.java:398)
	at org.jboss.modules.ConcurrentClassLoader.loadClass(ConcurrentClassLoader.java:116)
	at org.jboss.as.weld@27.0.1.Final//org.jboss.as.weld.WeldModuleResourceLoader.classForName(WeldModuleResourceLoader.java:68)
	at org.jboss.weld.core@5.1.0.Final//org.jboss.weld.bootstrap.AnnotatedTypeLoader.loadClass(AnnotatedTypeLoader.java:83)
	at org.jboss.weld.core@5.1.0.Final//org.jboss.weld.bootstrap.AnnotatedTypeLoader.loadAnnotatedType(AnnotatedTypeLoader.java:63)
	at org.jboss.weld.core@5.1.0.Final//org.jboss.weld.bootstrap.FastAnnotatedTypeLoader.loadAnnotatedType(FastAnnotatedTypeLoader.java:108)
	at org.jboss.weld.core@5.1.0.Final//org.jboss.weld.bootstrap.BeanDeployer.addClass(BeanDeployer.java:87)
	at org.jboss.weld.core@5.1.0.Final//org.jboss.weld.bootstrap.ConcurrentBeanDeployer$1.doWork(ConcurrentBeanDeployer.java:55)
	at org.jboss.weld.core@5.1.0.Final//org.jboss.weld.bootstrap.ConcurrentBeanDeployer$1.doWork(ConcurrentBeanDeployer.java:52)
	at org.jboss.weld.core@5.1.0.Final//org.jboss.weld.executor.IterativeWorkerTaskFactory$1.call(IterativeWorkerTaskFactory.java:62)
	at org.jboss.weld.core@5.1.0.Final//org.jboss.weld.executor.IterativeWorkerTaskFactory$1.call(IterativeWorkerTaskFactory.java:55)
	at java.base/java.util.concurrent.FutureTask.run(FutureTask.java:264)
	at java.base/java.util.concurrent.ThreadPoolExecutor.runWorker(ThreadPoolExecutor.java:1136)
	at java.base/java.util.concurrent.ThreadPoolExecutor$Worker.run(ThreadPoolExecutor.java:635)
	at java.base/java.lang.Thread.run(Thread.java:840)
	at org.jboss.threads@2.4.0.Final//org.jboss.threads.JBossThread.run(JBossThread.java:513)

[0m[0m11:35:09,697 INFO  [org.jboss.weld.Bootstrap] (Weld Thread Pool -- 11) WELD-000119: Not generating any bean definitions from org.apache.shiro.web.tags.HasPermissionTag because of underlying class loading error: Type Failed to link org.apache.shiro.web.tags.HasPermissionTag (Module "deployment.qto.war" from Service Module Loader): Failed to link org.apache.shiro.web.tags.SecureTag (Module "deployment.qto.war" from Service Module Loader): javax.servlet.jsp.tagext.TagSupport not found.  If this is unexpected, enable DEBUG logging to see the full error.
[0m[33m11:35:09,697 WARN  [org.jboss.modules.define] (Weld Thread Pool -- 9) Failed to define class org.apache.shiro.web.tags.SecureTag in Module "deployment.qto.war" from Service Module Loader: java.lang.NoClassDefFoundError: Failed to link org/apache/shiro/web/tags/SecureTag (Module "deployment.qto.war" from Service Module Loader): javax/servlet/jsp/tagext/TagSupport
	at java.base/java.lang.ClassLoader.defineClass1(Native Method)
	at java.base/java.lang.ClassLoader.defineClass(ClassLoader.java:1017)
	at java.base/java.lang.ClassLoader.defineClass(ClassLoader.java:1095)
	at org.jboss.modules.ModuleClassLoader.doDefineOrLoadClass(ModuleClassLoader.java:351)
	at org.jboss.modules.ModuleClassLoader.defineClass(ModuleClassLoader.java:482)
	at org.jboss.modules.ModuleClassLoader.loadClassLocal(ModuleClassLoader.java:276)
	at org.jboss.modules.ModuleClassLoader$1.loadClassLocal(ModuleClassLoader.java:79)
	at org.jboss.modules.Module.loadModuleClass(Module.java:765)
	at org.jboss.modules.ModuleClassLoader.findClass(ModuleClassLoader.java:192)
	at org.jboss.modules.ConcurrentClassLoader.performLoadClassUnchecked(ConcurrentClassLoader.java:410)
	at org.jboss.modules.ConcurrentClassLoader.performLoadClass(ConcurrentClassLoader.java:398)
	at org.jboss.modules.ConcurrentClassLoader.loadClass(ConcurrentClassLoader.java:116)
	at java.base/java.lang.ClassLoader.defineClass1(Native Method)
	at java.base/java.lang.ClassLoader.defineClass(ClassLoader.java:1017)
	at java.base/java.lang.ClassLoader.defineClass(ClassLoader.java:1095)
	at org.jboss.modules.ModuleClassLoader.doDefineOrLoadClass(ModuleClassLoader.java:351)
	at org.jboss.modules.ModuleClassLoader.defineClass(ModuleClassLoader.java:482)
	at org.jboss.modules.ModuleClassLoader.loadClassLocal(ModuleClassLoader.java:276)
	at org.jboss.modules.ModuleClassLoader$1.loadClassLocal(ModuleClassLoader.java:79)
	at org.jboss.modules.Module.loadModuleClass(Module.java:765)
	at org.jboss.modules.ModuleClassLoader.findClass(ModuleClassLoader.java:192)
	at org.jboss.modules.ConcurrentClassLoader.performLoadClassUnchecked(ConcurrentClassLoader.java:410)
	at org.jboss.modules.ConcurrentClassLoader.performLoadClass(ConcurrentClassLoader.java:398)
	at org.jboss.modules.ConcurrentClassLoader.loadClass(ConcurrentClassLoader.java:116)
	at java.base/java.lang.ClassLoader.defineClass1(Native Method)
	at java.base/java.lang.ClassLoader.defineClass(ClassLoader.java:1017)
	at java.base/java.lang.ClassLoader.defineClass(ClassLoader.java:1095)
	at org.jboss.modules.ModuleClassLoader.doDefineOrLoadClass(ModuleClassLoader.java:351)
	at org.jboss.modules.ModuleClassLoader.defineClass(ModuleClassLoader.java:482)
	at org.jboss.modules.ModuleClassLoader.loadClassLocal(ModuleClassLoader.java:276)
	at org.jboss.modules.ModuleClassLoader$1.loadClassLocal(ModuleClassLoader.java:79)
	at org.jboss.modules.Module.loadModuleClass(Module.java:765)
	at org.jboss.modules.ModuleClassLoader.findClass(ModuleClassLoader.java:192)
	at org.jboss.modules.ConcurrentClassLoader.performLoadClassUnchecked(ConcurrentClassLoader.java:410)
	at org.jboss.modules.ConcurrentClassLoader.performLoadClass(ConcurrentClassLoader.java:398)
	at org.jboss.modules.ConcurrentClassLoader.loadClass(ConcurrentClassLoader.java:116)
	at org.jboss.as.weld@27.0.1.Final//org.jboss.as.weld.WeldModuleResourceLoader.classForName(WeldModuleResourceLoader.java:68)
	at org.jboss.weld.core@5.1.0.Final//org.jboss.weld.bootstrap.AnnotatedTypeLoader.loadClass(AnnotatedTypeLoader.java:83)
	at org.jboss.weld.core@5.1.0.Final//org.jboss.weld.bootstrap.AnnotatedTypeLoader.loadAnnotatedType(AnnotatedTypeLoader.java:63)
	at org.jboss.weld.core@5.1.0.Final//org.jboss.weld.bootstrap.FastAnnotatedTypeLoader.loadAnnotatedType(FastAnnotatedTypeLoader.java:108)
	at org.jboss.weld.core@5.1.0.Final//org.jboss.weld.bootstrap.BeanDeployer.addClass(BeanDeployer.java:87)
	at org.jboss.weld.core@5.1.0.Final//org.jboss.weld.bootstrap.ConcurrentBeanDeployer$1.doWork(ConcurrentBeanDeployer.java:55)
	at org.jboss.weld.core@5.1.0.Final//org.jboss.weld.bootstrap.ConcurrentBeanDeployer$1.doWork(ConcurrentBeanDeployer.java:52)
	at org.jboss.weld.core@5.1.0.Final//org.jboss.weld.executor.IterativeWorkerTaskFactory$1.call(IterativeWorkerTaskFactory.java:62)
	at org.jboss.weld.core@5.1.0.Final//org.jboss.weld.executor.IterativeWorkerTaskFactory$1.call(IterativeWorkerTaskFactory.java:55)
	at java.base/java.util.concurrent.FutureTask.run(FutureTask.java:264)
	at java.base/java.util.concurrent.ThreadPoolExecutor.runWorker(ThreadPoolExecutor.java:1136)
	at java.base/java.util.concurrent.ThreadPoolExecutor$Worker.run(ThreadPoolExecutor.java:635)
	at java.base/java.lang.Thread.run(Thread.java:840)
	at org.jboss.threads@2.4.0.Final//org.jboss.threads.JBossThread.run(JBossThread.java:513)

[0m[33m11:35:09,697 WARN  [org.jboss.modules.define] (Weld Thread Pool -- 10) Failed to define class org.apache.shiro.web.tags.LacksPermissionTag in Module "deployment.qto.war" from Service Module Loader: java.lang.NoClassDefFoundError: Failed to link org/apache/shiro/web/tags/LacksPermissionTag (Module "deployment.qto.war" from Service Module Loader): Failed to link org/apache/shiro/web/tags/PermissionTag (Module "deployment.qto.war" from Service Module Loader): Failed to link org/apache/shiro/web/tags/SecureTag (Module "deployment.qto.war" from Service Module Loader): javax/servlet/jsp/tagext/TagSupport
	at java.base/java.lang.ClassLoader.defineClass1(Native Method)
	at java.base/java.lang.ClassLoader.defineClass(ClassLoader.java:1017)
	at java.base/java.lang.ClassLoader.defineClass(ClassLoader.java:1095)
	at org.jboss.modules.ModuleClassLoader.doDefineOrLoadClass(ModuleClassLoader.java:351)
	at org.jboss.modules.ModuleClassLoader.defineClass(ModuleClassLoader.java:482)
	at org.jboss.modules.ModuleClassLoader.loadClassLocal(ModuleClassLoader.java:276)
	at org.jboss.modules.ModuleClassLoader$1.loadClassLocal(ModuleClassLoader.java:79)
	at org.jboss.modules.Module.loadModuleClass(Module.java:765)
	at org.jboss.modules.ModuleClassLoader.findClass(ModuleClassLoader.java:192)
	at org.jboss.modules.ConcurrentClassLoader.performLoadClassUnchecked(ConcurrentClassLoader.java:410)
	at org.jboss.modules.ConcurrentClassLoader.performLoadClass(ConcurrentClassLoader.java:398)
	at org.jboss.modules.ConcurrentClassLoader.loadClass(ConcurrentClassLoader.java:116)
	at java.base/java.lang.ClassLoader.defineClass1(Native Method)
	at java.base/java.lang.ClassLoader.defineClass(ClassLoader.java:1017)
	at java.base/java.lang.ClassLoader.defineClass(ClassLoader.java:1095)
	at org.jboss.modules.ModuleClassLoader.doDefineOrLoadClass(ModuleClassLoader.java:351)
	at org.jboss.modules.ModuleClassLoader.defineClass(ModuleClassLoader.java:482)
	at org.jboss.modules.ModuleClassLoader.loadClassLocal(ModuleClassLoader.java:276)
	at org.jboss.modules.ModuleClassLoader$1.loadClassLocal(ModuleClassLoader.java:79)
	at org.jboss.modules.Module.loadModuleClass(Module.java:765)
	at org.jboss.modules.ModuleClassLoader.findClass(ModuleClassLoader.java:192)
	at org.jboss.modules.ConcurrentClassLoader.performLoadClassUnchecked(ConcurrentClassLoader.java:410)
	at org.jboss.modules.ConcurrentClassLoader.performLoadClass(ConcurrentClassLoader.java:398)
	at org.jboss.modules.ConcurrentClassLoader.loadClass(ConcurrentClassLoader.java:116)
	at java.base/java.lang.ClassLoader.defineClass1(Native Method)
	at java.base/java.lang.ClassLoader.defineClass(ClassLoader.java:1017)
	at java.base/java.lang.ClassLoader.defineClass(ClassLoader.java:1095)
	at org.jboss.modules.ModuleClassLoader.doDefineOrLoadClass(ModuleClassLoader.java:351)
	at org.jboss.modules.ModuleClassLoader.defineClass(ModuleClassLoader.java:482)
	at org.jboss.modules.ModuleClassLoader.loadClassLocal(ModuleClassLoader.java:276)
	at org.jboss.modules.ModuleClassLoader$1.loadClassLocal(ModuleClassLoader.java:79)
	at org.jboss.modules.Module.loadModuleClass(Module.java:765)
	at org.jboss.modules.ModuleClassLoader.findClass(ModuleClassLoader.java:192)
	at org.jboss.modules.ConcurrentClassLoader.performLoadClassUnchecked(ConcurrentClassLoader.java:410)
	at org.jboss.modules.ConcurrentClassLoader.performLoadClass(ConcurrentClassLoader.java:398)
	at org.jboss.modules.ConcurrentClassLoader.loadClass(ConcurrentClassLoader.java:116)
	at org.jboss.as.weld@27.0.1.Final//org.jboss.as.weld.WeldModuleResourceLoader.classForName(WeldModuleResourceLoader.java:68)
	at org.jboss.weld.core@5.1.0.Final//org.jboss.weld.bootstrap.AnnotatedTypeLoader.loadClass(AnnotatedTypeLoader.java:83)
	at org.jboss.weld.core@5.1.0.Final//org.jboss.weld.bootstrap.AnnotatedTypeLoader.loadAnnotatedType(AnnotatedTypeLoader.java:63)
	at org.jboss.weld.core@5.1.0.Final//org.jboss.weld.bootstrap.FastAnnotatedTypeLoader.loadAnnotatedType(FastAnnotatedTypeLoader.java:108)
	at org.jboss.weld.core@5.1.0.Final//org.jboss.weld.bootstrap.BeanDeployer.addClass(BeanDeployer.java:87)
	at org.jboss.weld.core@5.1.0.Final//org.jboss.weld.bootstrap.ConcurrentBeanDeployer$1.doWork(ConcurrentBeanDeployer.java:55)
	at org.jboss.weld.core@5.1.0.Final//org.jboss.weld.bootstrap.ConcurrentBeanDeployer$1.doWork(ConcurrentBeanDeployer.java:52)
	at org.jboss.weld.core@5.1.0.Final//org.jboss.weld.executor.IterativeWorkerTaskFactory$1.call(IterativeWorkerTaskFactory.java:62)
	at org.jboss.weld.core@5.1.0.Final//org.jboss.weld.executor.IterativeWorkerTaskFactory$1.call(IterativeWorkerTaskFactory.java:55)
	at java.base/java.util.concurrent.FutureTask.run(FutureTask.java:264)
	at java.base/java.util.concurrent.ThreadPoolExecutor.runWorker(ThreadPoolExecutor.java:1136)
	at java.base/java.util.concurrent.ThreadPoolExecutor$Worker.run(ThreadPoolExecutor.java:635)
	at java.base/java.lang.Thread.run(Thread.java:840)
	at org.jboss.threads@2.4.0.Final//org.jboss.threads.JBossThread.run(JBossThread.java:513)

[0m[33m11:35:09,697 WARN  [org.jboss.modules.define] (Weld Thread Pool -- 7) Failed to define class org.apache.shiro.web.tags.RoleTag in Module "deployment.qto.war" from Service Module Loader: java.lang.NoClassDefFoundError: Failed to link org/apache/shiro/web/tags/RoleTag (Module "deployment.qto.war" from Service Module Loader): Failed to link org/apache/shiro/web/tags/SecureTag (Module "deployment.qto.war" from Service Module Loader): javax/servlet/jsp/tagext/TagSupport
	at java.base/java.lang.ClassLoader.defineClass1(Native Method)
	at java.base/java.lang.ClassLoader.defineClass(ClassLoader.java:1017)
	at java.base/java.lang.ClassLoader.defineClass(ClassLoader.java:1095)
	at org.jboss.modules.ModuleClassLoader.doDefineOrLoadClass(ModuleClassLoader.java:351)
	at org.jboss.modules.ModuleClassLoader.defineClass(ModuleClassLoader.java:482)
	at org.jboss.modules.ModuleClassLoader.loadClassLocal(ModuleClassLoader.java:276)
	at org.jboss.modules.ModuleClassLoader$1.loadClassLocal(ModuleClassLoader.java:79)
	at org.jboss.modules.Module.loadModuleClass(Module.java:765)
	at org.jboss.modules.ModuleClassLoader.findClass(ModuleClassLoader.java:192)
	at org.jboss.modules.ConcurrentClassLoader.performLoadClassUnchecked(ConcurrentClassLoader.java:410)
	at org.jboss.modules.ConcurrentClassLoader.performLoadClass(ConcurrentClassLoader.java:398)
	at org.jboss.modules.ConcurrentClassLoader.loadClass(ConcurrentClassLoader.java:116)
	at java.base/java.lang.ClassLoader.defineClass1(Native Method)
	at java.base/java.lang.ClassLoader.defineClass(ClassLoader.java:1017)
	at java.base/java.lang.ClassLoader.defineClass(ClassLoader.java:1095)
	at org.jboss.modules.ModuleClassLoader.doDefineOrLoadClass(ModuleClassLoader.java:351)
	at org.jboss.modules.ModuleClassLoader.defineClass(ModuleClassLoader.java:482)
	at org.jboss.modules.ModuleClassLoader.loadClassLocal(ModuleClassLoader.java:276)
	at org.jboss.modules.ModuleClassLoader$1.loadClassLocal(ModuleClassLoader.java:79)
	at org.jboss.modules.Module.loadModuleClass(Module.java:765)
	at org.jboss.modules.ModuleClassLoader.findClass(ModuleClassLoader.java:192)
	at org.jboss.modules.ConcurrentClassLoader.performLoadClassUnchecked(ConcurrentClassLoader.java:410)
	at org.jboss.modules.ConcurrentClassLoader.performLoadClass(ConcurrentClassLoader.java:398)
	at org.jboss.modules.ConcurrentClassLoader.loadClass(ConcurrentClassLoader.java:116)
	at java.base/java.lang.ClassLoader.defineClass1(Native Method)
	at java.base/java.lang.ClassLoader.defineClass(ClassLoader.java:1017)
	at java.base/java.lang.ClassLoader.defineClass(ClassLoader.java:1095)
	at org.jboss.modules.ModuleClassLoader.doDefineOrLoadClass(ModuleClassLoader.java:351)
	at org.jboss.modules.ModuleClassLoader.defineClass(ModuleClassLoader.java:482)
	at org.jboss.modules.ModuleClassLoader.loadClassLocal(ModuleClassLoader.java:276)
	at org.jboss.modules.ModuleClassLoader$1.loadClassLocal(ModuleClassLoader.java:79)
	at org.jboss.modules.Module.loadModuleClass(Module.java:765)
	at org.jboss.modules.ModuleClassLoader.findClass(ModuleClassLoader.java:192)
	at org.jboss.modules.ConcurrentClassLoader.performLoadClassUnchecked(ConcurrentClassLoader.java:410)
	at org.jboss.modules.ConcurrentClassLoader.performLoadClass(ConcurrentClassLoader.java:398)
	at org.jboss.modules.ConcurrentClassLoader.loadClass(ConcurrentClassLoader.java:116)
	at org.jboss.as.weld@27.0.1.Final//org.jboss.as.weld.WeldModuleResourceLoader.classForName(WeldModuleResourceLoader.java:68)
	at org.jboss.weld.core@5.1.0.Final//org.jboss.weld.bootstrap.AnnotatedTypeLoader.loadClass(AnnotatedTypeLoader.java:83)
	at org.jboss.weld.core@5.1.0.Final//org.jboss.weld.bootstrap.AnnotatedTypeLoader.loadAnnotatedType(AnnotatedTypeLoader.java:63)
	at org.jboss.weld.core@5.1.0.Final//org.jboss.weld.bootstrap.FastAnnotatedTypeLoader.loadAnnotatedType(FastAnnotatedTypeLoader.java:108)
	at org.jboss.weld.core@5.1.0.Final//org.jboss.weld.bootstrap.BeanDeployer.addClass(BeanDeployer.java:87)
	at org.jboss.weld.core@5.1.0.Final//org.jboss.weld.bootstrap.ConcurrentBeanDeployer$1.doWork(ConcurrentBeanDeployer.java:55)
	at org.jboss.weld.core@5.1.0.Final//org.jboss.weld.bootstrap.ConcurrentBeanDeployer$1.doWork(ConcurrentBeanDeployer.java:52)
	at org.jboss.weld.core@5.1.0.Final//org.jboss.weld.executor.IterativeWorkerTaskFactory$1.call(IterativeWorkerTaskFactory.java:62)
	at org.jboss.weld.core@5.1.0.Final//org.jboss.weld.executor.IterativeWorkerTaskFactory$1.call(IterativeWorkerTaskFactory.java:55)
	at java.base/java.util.concurrent.FutureTask.run(FutureTask.java:264)
	at java.base/java.util.concurrent.ThreadPoolExecutor.runWorker(ThreadPoolExecutor.java:1136)
	at java.base/java.util.concurrent.ThreadPoolExecutor$Worker.run(ThreadPoolExecutor.java:635)
	at java.base/java.lang.Thread.run(Thread.java:840)
	at org.jboss.threads@2.4.0.Final//org.jboss.threads.JBossThread.run(JBossThread.java:513)

[0m[0m11:35:09,698 INFO  [org.jboss.weld.Bootstrap] (Weld Thread Pool -- 8) WELD-000119: Not generating any bean definitions from org.apache.shiro.web.tags.LacksRoleTag because of underlying class loading error: Type Failed to link org.apache.shiro.web.tags.LacksRoleTag (Module "deployment.qto.war" from Service Module Loader): Failed to link org.apache.shiro.web.tags.RoleTag (Module "deployment.qto.war" from Service Module Loader): Failed to link org.apache.shiro.web.tags.SecureTag (Module "deployment.qto.war" from Service Module Loader): javax.servlet.jsp.tagext.TagSupport not found.  If this is unexpected, enable DEBUG logging to see the full error.
[0m[0m11:35:09,698 INFO  [org.jboss.weld.Bootstrap] (Weld Thread Pool -- 10) WELD-000119: Not generating any bean definitions from org.apache.shiro.web.tags.LacksPermissionTag because of underlying class loading error: Type Failed to link org.apache.shiro.web.tags.LacksPermissionTag (Module "deployment.qto.war" from Service Module Loader): Failed to link org.apache.shiro.web.tags.PermissionTag (Module "deployment.qto.war" from Service Module Loader): Failed to link org.apache.shiro.web.tags.SecureTag (Module "deployment.qto.war" from Service Module Loader): javax.servlet.jsp.tagext.TagSupport not found.  If this is unexpected, enable DEBUG logging to see the full error.
[0m[33m11:35:09,698 WARN  [org.jboss.modules.define] (Weld Thread Pool -- 9) Failed to define class org.apache.shiro.web.tags.RoleTag in Module "deployment.qto.war" from Service Module Loader: java.lang.NoClassDefFoundError: Failed to link org/apache/shiro/web/tags/RoleTag (Module "deployment.qto.war" from Service Module Loader): Failed to link org/apache/shiro/web/tags/SecureTag (Module "deployment.qto.war" from Service Module Loader): javax/servlet/jsp/tagext/TagSupport
	at java.base/java.lang.ClassLoader.defineClass1(Native Method)
	at java.base/java.lang.ClassLoader.defineClass(ClassLoader.java:1017)
	at java.base/java.lang.ClassLoader.defineClass(ClassLoader.java:1095)
	at org.jboss.modules.ModuleClassLoader.doDefineOrLoadClass(ModuleClassLoader.java:351)
	at org.jboss.modules.ModuleClassLoader.defineClass(ModuleClassLoader.java:482)
	at org.jboss.modules.ModuleClassLoader.loadClassLocal(ModuleClassLoader.java:276)
	at org.jboss.modules.ModuleClassLoader$1.loadClassLocal(ModuleClassLoader.java:79)
	at org.jboss.modules.Module.loadModuleClass(Module.java:765)
	at org.jboss.modules.ModuleClassLoader.findClass(ModuleClassLoader.java:192)
	at org.jboss.modules.ConcurrentClassLoader.performLoadClassUnchecked(ConcurrentClassLoader.java:410)
	at org.jboss.modules.ConcurrentClassLoader.performLoadClass(ConcurrentClassLoader.java:398)
	at org.jboss.modules.ConcurrentClassLoader.loadClass(ConcurrentClassLoader.java:116)
	at java.base/java.lang.ClassLoader.defineClass1(Native Method)
	at java.base/java.lang.ClassLoader.defineClass(ClassLoader.java:1017)
	at java.base/java.lang.ClassLoader.defineClass(ClassLoader.java:1095)
	at org.jboss.modules.ModuleClassLoader.doDefineOrLoadClass(ModuleClassLoader.java:351)
	at org.jboss.modules.ModuleClassLoader.defineClass(ModuleClassLoader.java:482)
	at org.jboss.modules.ModuleClassLoader.loadClassLocal(ModuleClassLoader.java:276)
	at org.jboss.modules.ModuleClassLoader$1.loadClassLocal(ModuleClassLoader.java:79)
	at org.jboss.modules.Module.loadModuleClass(Module.java:765)
	at org.jboss.modules.ModuleClassLoader.findClass(ModuleClassLoader.java:192)
	at org.jboss.modules.ConcurrentClassLoader.performLoadClassUnchecked(ConcurrentClassLoader.java:410)
	at org.jboss.modules.ConcurrentClassLoader.performLoadClass(ConcurrentClassLoader.java:398)
	at org.jboss.modules.ConcurrentClassLoader.loadClass(ConcurrentClassLoader.java:116)
	at java.base/java.lang.ClassLoader.defineClass1(Native Method)
	at java.base/java.lang.ClassLoader.defineClass(ClassLoader.java:1017)
	at java.base/java.lang.ClassLoader.defineClass(ClassLoader.java:1095)
	at org.jboss.modules.ModuleClassLoader.doDefineOrLoadClass(ModuleClassLoader.java:351)
	at org.jboss.modules.ModuleClassLoader.defineClass(ModuleClassLoader.java:482)
	at org.jboss.modules.ModuleClassLoader.loadClassLocal(ModuleClassLoader.java:276)
	at org.jboss.modules.ModuleClassLoader$1.loadClassLocal(ModuleClassLoader.java:79)
	at org.jboss.modules.Module.loadModuleClass(Module.java:765)
	at org.jboss.modules.ModuleClassLoader.findClass(ModuleClassLoader.java:192)
	at org.jboss.modules.ConcurrentClassLoader.performLoadClassUnchecked(ConcurrentClassLoader.java:410)
	at org.jboss.modules.ConcurrentClassLoader.performLoadClass(ConcurrentClassLoader.java:398)
	at org.jboss.modules.ConcurrentClassLoader.loadClass(ConcurrentClassLoader.java:116)
	at org.jboss.as.weld@27.0.1.Final//org.jboss.as.weld.WeldModuleResourceLoader.classForName(WeldModuleResourceLoader.java:68)
	at org.jboss.weld.core@5.1.0.Final//org.jboss.weld.bootstrap.AnnotatedTypeLoader.loadClass(AnnotatedTypeLoader.java:83)
	at org.jboss.weld.core@5.1.0.Final//org.jboss.weld.bootstrap.AnnotatedTypeLoader.loadAnnotatedType(AnnotatedTypeLoader.java:63)
	at org.jboss.weld.core@5.1.0.Final//org.jboss.weld.bootstrap.FastAnnotatedTypeLoader.loadAnnotatedType(FastAnnotatedTypeLoader.java:108)
	at org.jboss.weld.core@5.1.0.Final//org.jboss.weld.bootstrap.BeanDeployer.addClass(BeanDeployer.java:87)
	at org.jboss.weld.core@5.1.0.Final//org.jboss.weld.bootstrap.ConcurrentBeanDeployer$1.doWork(ConcurrentBeanDeployer.java:55)
	at org.jboss.weld.core@5.1.0.Final//org.jboss.weld.bootstrap.ConcurrentBeanDeployer$1.doWork(ConcurrentBeanDeployer.java:52)
	at org.jboss.weld.core@5.1.0.Final//org.jboss.weld.executor.IterativeWorkerTaskFactory$1.call(IterativeWorkerTaskFactory.java:62)
	at org.jboss.weld.core@5.1.0.Final//org.jboss.weld.executor.IterativeWorkerTaskFactory$1.call(IterativeWorkerTaskFactory.java:55)
	at java.base/java.util.concurrent.FutureTask.run(FutureTask.java:264)
	at java.base/java.util.concurrent.ThreadPoolExecutor.runWorker(ThreadPoolExecutor.java:1136)
	at java.base/java.util.concurrent.ThreadPoolExecutor$Worker.run(ThreadPoolExecutor.java:635)
	at java.base/java.lang.Thread.run(Thread.java:840)
	at org.jboss.threads@2.4.0.Final//org.jboss.threads.JBossThread.run(JBossThread.java:513)

[0m[33m11:35:09,698 WARN  [org.jboss.modules.define] (Weld Thread Pool -- 7) Failed to define class org.apache.shiro.web.tags.HasAnyRolesTag in Module "deployment.qto.war" from Service Module Loader: java.lang.NoClassDefFoundError: Failed to link org/apache/shiro/web/tags/HasAnyRolesTag (Module "deployment.qto.war" from Service Module Loader): Failed to link org/apache/shiro/web/tags/RoleTag (Module "deployment.qto.war" from Service Module Loader): Failed to link org/apache/shiro/web/tags/SecureTag (Module "deployment.qto.war" from Service Module Loader): javax/servlet/jsp/tagext/TagSupport
	at java.base/java.lang.ClassLoader.defineClass1(Native Method)
	at java.base/java.lang.ClassLoader.defineClass(ClassLoader.java:1017)
	at java.base/java.lang.ClassLoader.defineClass(ClassLoader.java:1095)
	at org.jboss.modules.ModuleClassLoader.doDefineOrLoadClass(ModuleClassLoader.java:351)
	at org.jboss.modules.ModuleClassLoader.defineClass(ModuleClassLoader.java:482)
	at org.jboss.modules.ModuleClassLoader.loadClassLocal(ModuleClassLoader.java:276)
	at org.jboss.modules.ModuleClassLoader$1.loadClassLocal(ModuleClassLoader.java:79)
	at org.jboss.modules.Module.loadModuleClass(Module.java:765)
	at org.jboss.modules.ModuleClassLoader.findClass(ModuleClassLoader.java:192)
	at org.jboss.modules.ConcurrentClassLoader.performLoadClassUnchecked(ConcurrentClassLoader.java:410)
	at org.jboss.modules.ConcurrentClassLoader.performLoadClass(ConcurrentClassLoader.java:398)
	at org.jboss.modules.ConcurrentClassLoader.loadClass(ConcurrentClassLoader.java:116)
	at java.base/java.lang.ClassLoader.defineClass1(Native Method)
	at java.base/java.lang.ClassLoader.defineClass(ClassLoader.java:1017)
	at java.base/java.lang.ClassLoader.defineClass(ClassLoader.java:1095)
	at org.jboss.modules.ModuleClassLoader.doDefineOrLoadClass(ModuleClassLoader.java:351)
	at org.jboss.modules.ModuleClassLoader.defineClass(ModuleClassLoader.java:482)
	at org.jboss.modules.ModuleClassLoader.loadClassLocal(ModuleClassLoader.java:276)
	at org.jboss.modules.ModuleClassLoader$1.loadClassLocal(ModuleClassLoader.java:79)
	at org.jboss.modules.Module.loadModuleClass(Module.java:765)
	at org.jboss.modules.ModuleClassLoader.findClass(ModuleClassLoader.java:192)
	at org.jboss.modules.ConcurrentClassLoader.performLoadClassUnchecked(ConcurrentClassLoader.java:410)
	at org.jboss.modules.ConcurrentClassLoader.performLoadClass(ConcurrentClassLoader.java:398)
	at org.jboss.modules.ConcurrentClassLoader.loadClass(ConcurrentClassLoader.java:116)
	at java.base/java.lang.ClassLoader.defineClass1(Native Method)
	at java.base/java.lang.ClassLoader.defineClass(ClassLoader.java:1017)
	at java.base/java.lang.ClassLoader.defineClass(ClassLoader.java:1095)
	at org.jboss.modules.ModuleClassLoader.doDefineOrLoadClass(ModuleClassLoader.java:351)
	at org.jboss.modules.ModuleClassLoader.defineClass(ModuleClassLoader.java:482)
	at org.jboss.modules.ModuleClassLoader.loadClassLocal(ModuleClassLoader.java:276)
	at org.jboss.modules.ModuleClassLoader$1.loadClassLocal(ModuleClassLoader.java:79)
	at org.jboss.modules.Module.loadModuleClass(Module.java:765)
	at org.jboss.modules.ModuleClassLoader.findClass(ModuleClassLoader.java:192)
	at org.jboss.modules.ConcurrentClassLoader.performLoadClassUnchecked(ConcurrentClassLoader.java:410)
	at org.jboss.modules.ConcurrentClassLoader.performLoadClass(ConcurrentClassLoader.java:398)
	at org.jboss.modules.ConcurrentClassLoader.loadClass(ConcurrentClassLoader.java:116)
	at org.jboss.as.weld@27.0.1.Final//org.jboss.as.weld.WeldModuleResourceLoader.classForName(WeldModuleResourceLoader.java:68)
	at org.jboss.weld.core@5.1.0.Final//org.jboss.weld.bootstrap.AnnotatedTypeLoader.loadClass(AnnotatedTypeLoader.java:83)
	at org.jboss.weld.core@5.1.0.Final//org.jboss.weld.bootstrap.AnnotatedTypeLoader.loadAnnotatedType(AnnotatedTypeLoader.java:63)
	at org.jboss.weld.core@5.1.0.Final//org.jboss.weld.bootstrap.FastAnnotatedTypeLoader.loadAnnotatedType(FastAnnotatedTypeLoader.java:108)
	at org.jboss.weld.core@5.1.0.Final//org.jboss.weld.bootstrap.BeanDeployer.addClass(BeanDeployer.java:87)
	at org.jboss.weld.core@5.1.0.Final//org.jboss.weld.bootstrap.ConcurrentBeanDeployer$1.doWork(ConcurrentBeanDeployer.java:55)
	at org.jboss.weld.core@5.1.0.Final//org.jboss.weld.bootstrap.ConcurrentBeanDeployer$1.doWork(ConcurrentBeanDeployer.java:52)
	at org.jboss.weld.core@5.1.0.Final//org.jboss.weld.executor.IterativeWorkerTaskFactory$1.call(IterativeWorkerTaskFactory.java:62)
	at org.jboss.weld.core@5.1.0.Final//org.jboss.weld.executor.IterativeWorkerTaskFactory$1.call(IterativeWorkerTaskFactory.java:55)
	at java.base/java.util.concurrent.FutureTask.run(FutureTask.java:264)
	at java.base/java.util.concurrent.ThreadPoolExecutor.runWorker(ThreadPoolExecutor.java:1136)
	at java.base/java.util.concurrent.ThreadPoolExecutor$Worker.run(ThreadPoolExecutor.java:635)
	at java.base/java.lang.Thread.run(Thread.java:840)
	at org.jboss.threads@2.4.0.Final//org.jboss.threads.JBossThread.run(JBossThread.java:513)

[0m[33m11:35:09,698 WARN  [org.jboss.modules.define] (Weld Thread Pool -- 9) Failed to define class org.apache.shiro.web.tags.HasRoleTag in Module "deployment.qto.war" from Service Module Loader: java.lang.NoClassDefFoundError: Failed to link org/apache/shiro/web/tags/HasRoleTag (Module "deployment.qto.war" from Service Module Loader): Failed to link org/apache/shiro/web/tags/RoleTag (Module "deployment.qto.war" from Service Module Loader): Failed to link org/apache/shiro/web/tags/SecureTag (Module "deployment.qto.war" from Service Module Loader): javax/servlet/jsp/tagext/TagSupport
	at java.base/java.lang.ClassLoader.defineClass1(Native Method)
	at java.base/java.lang.ClassLoader.defineClass(ClassLoader.java:1017)
	at java.base/java.lang.ClassLoader.defineClass(ClassLoader.java:1095)
	at org.jboss.modules.ModuleClassLoader.doDefineOrLoadClass(ModuleClassLoader.java:351)
	at org.jboss.modules.ModuleClassLoader.defineClass(ModuleClassLoader.java:482)
	at org.jboss.modules.ModuleClassLoader.loadClassLocal(ModuleClassLoader.java:276)
	at org.jboss.modules.ModuleClassLoader$1.loadClassLocal(ModuleClassLoader.java:79)
	at org.jboss.modules.Module.loadModuleClass(Module.java:765)
	at org.jboss.modules.ModuleClassLoader.findClass(ModuleClassLoader.java:192)
	at org.jboss.modules.ConcurrentClassLoader.performLoadClassUnchecked(ConcurrentClassLoader.java:410)
	at org.jboss.modules.ConcurrentClassLoader.performLoadClass(ConcurrentClassLoader.java:398)
	at org.jboss.modules.ConcurrentClassLoader.loadClass(ConcurrentClassLoader.java:116)
	at java.base/java.lang.ClassLoader.defineClass1(Native Method)
	at java.base/java.lang.ClassLoader.defineClass(ClassLoader.java:1017)
	at java.base/java.lang.ClassLoader.defineClass(ClassLoader.java:1095)
	at org.jboss.modules.ModuleClassLoader.doDefineOrLoadClass(ModuleClassLoader.java:351)
	at org.jboss.modules.ModuleClassLoader.defineClass(ModuleClassLoader.java:482)
	at org.jboss.modules.ModuleClassLoader.loadClassLocal(ModuleClassLoader.java:276)
	at org.jboss.modules.ModuleClassLoader$1.loadClassLocal(ModuleClassLoader.java:79)
	at org.jboss.modules.Module.loadModuleClass(Module.java:765)
	at org.jboss.modules.ModuleClassLoader.findClass(ModuleClassLoader.java:192)
	at org.jboss.modules.ConcurrentClassLoader.performLoadClassUnchecked(ConcurrentClassLoader.java:410)
	at org.jboss.modules.ConcurrentClassLoader.performLoadClass(ConcurrentClassLoader.java:398)
	at org.jboss.modules.ConcurrentClassLoader.loadClass(ConcurrentClassLoader.java:116)
	at java.base/java.lang.ClassLoader.defineClass1(Native Method)
	at java.base/java.lang.ClassLoader.defineClass(ClassLoader.java:1017)
	at java.base/java.lang.ClassLoader.defineClass(ClassLoader.java:1095)
	at org.jboss.modules.ModuleClassLoader.doDefineOrLoadClass(ModuleClassLoader.java:351)
	at org.jboss.modules.ModuleClassLoader.defineClass(ModuleClassLoader.java:482)
	at org.jboss.modules.ModuleClassLoader.loadClassLocal(ModuleClassLoader.java:276)
	at org.jboss.modules.ModuleClassLoader$1.loadClassLocal(ModuleClassLoader.java:79)
	at org.jboss.modules.Module.loadModuleClass(Module.java:765)
	at org.jboss.modules.ModuleClassLoader.findClass(ModuleClassLoader.java:192)
	at org.jboss.modules.ConcurrentClassLoader.performLoadClassUnchecked(ConcurrentClassLoader.java:410)
	at org.jboss.modules.ConcurrentClassLoader.performLoadClass(ConcurrentClassLoader.java:398)
	at org.jboss.modules.ConcurrentClassLoader.loadClass(ConcurrentClassLoader.java:116)
	at org.jboss.as.weld@27.0.1.Final//org.jboss.as.weld.WeldModuleResourceLoader.classForName(WeldModuleResourceLoader.java:68)
	at org.jboss.weld.core@5.1.0.Final//org.jboss.weld.bootstrap.AnnotatedTypeLoader.loadClass(AnnotatedTypeLoader.java:83)
	at org.jboss.weld.core@5.1.0.Final//org.jboss.weld.bootstrap.AnnotatedTypeLoader.loadAnnotatedType(AnnotatedTypeLoader.java:63)
	at org.jboss.weld.core@5.1.0.Final//org.jboss.weld.bootstrap.FastAnnotatedTypeLoader.loadAnnotatedType(FastAnnotatedTypeLoader.java:108)
	at org.jboss.weld.core@5.1.0.Final//org.jboss.weld.bootstrap.BeanDeployer.addClass(BeanDeployer.java:87)
	at org.jboss.weld.core@5.1.0.Final//org.jboss.weld.bootstrap.ConcurrentBeanDeployer$1.doWork(ConcurrentBeanDeployer.java:55)
	at org.jboss.weld.core@5.1.0.Final//org.jboss.weld.bootstrap.ConcurrentBeanDeployer$1.doWork(ConcurrentBeanDeployer.java:52)
	at org.jboss.weld.core@5.1.0.Final//org.jboss.weld.executor.IterativeWorkerTaskFactory$1.call(IterativeWorkerTaskFactory.java:62)
	at org.jboss.weld.core@5.1.0.Final//org.jboss.weld.executor.IterativeWorkerTaskFactory$1.call(IterativeWorkerTaskFactory.java:55)
	at java.base/java.util.concurrent.FutureTask.run(FutureTask.java:264)
	at java.base/java.util.concurrent.ThreadPoolExecutor.runWorker(ThreadPoolExecutor.java:1136)
	at java.base/java.util.concurrent.ThreadPoolExecutor$Worker.run(ThreadPoolExecutor.java:635)
	at java.base/java.lang.Thread.run(Thread.java:840)
	at org.jboss.threads@2.4.0.Final//org.jboss.threads.JBossThread.run(JBossThread.java:513)

[0m[0m11:35:09,698 INFO  [org.jboss.weld.Bootstrap] (Weld Thread Pool -- 7) WELD-000119: Not generating any bean definitions from org.apache.shiro.web.tags.HasAnyRolesTag because of underlying class loading error: Type Failed to link org.apache.shiro.web.tags.HasAnyRolesTag (Module "deployment.qto.war" from Service Module Loader): Failed to link org.apache.shiro.web.tags.RoleTag (Module "deployment.qto.war" from Service Module Loader): Failed to link org.apache.shiro.web.tags.SecureTag (Module "deployment.qto.war" from Service Module Loader): javax.servlet.jsp.tagext.TagSupport not found.  If this is unexpected, enable DEBUG logging to see the full error.
[0m[0m11:35:09,698 INFO  [org.jboss.weld.Bootstrap] (Weld Thread Pool -- 9) WELD-000119: Not generating any bean definitions from org.apache.shiro.web.tags.HasRoleTag because of underlying class loading error: Type Failed to link org.apache.shiro.web.tags.HasRoleTag (Module "deployment.qto.war" from Service Module Loader): Failed to link org.apache.shiro.web.tags.RoleTag (Module "deployment.qto.war" from Service Module Loader): Failed to link org.apache.shiro.web.tags.SecureTag (Module "deployment.qto.war" from Service Module Loader): javax.servlet.jsp.tagext.TagSupport not found.  If this is unexpected, enable DEBUG logging to see the full error.
[0m[33m11:35:09,700 WARN  [org.jboss.modules.define] (Weld Thread Pool -- 9) Failed to define class org.apache.shiro.web.servlet.AbstractFilter in Module "deployment.qto.war" from Service Module Loader: java.lang.NoClassDefFoundError: Failed to link org/apache/shiro/web/servlet/AbstractFilter (Module "deployment.qto.war" from Service Module Loader): javax/servlet/Filter
	at java.base/java.lang.ClassLoader.defineClass1(Native Method)
	at java.base/java.lang.ClassLoader.defineClass(ClassLoader.java:1017)
	at java.base/java.lang.ClassLoader.defineClass(ClassLoader.java:1095)
	at org.jboss.modules.ModuleClassLoader.doDefineOrLoadClass(ModuleClassLoader.java:351)
	at org.jboss.modules.ModuleClassLoader.defineClass(ModuleClassLoader.java:482)
	at org.jboss.modules.ModuleClassLoader.loadClassLocal(ModuleClassLoader.java:276)
	at org.jboss.modules.ModuleClassLoader$1.loadClassLocal(ModuleClassLoader.java:79)
	at org.jboss.modules.Module.loadModuleClass(Module.java:765)
	at org.jboss.modules.ModuleClassLoader.findClass(ModuleClassLoader.java:192)
	at org.jboss.modules.ConcurrentClassLoader.performLoadClassUnchecked(ConcurrentClassLoader.java:410)
	at org.jboss.modules.ConcurrentClassLoader.performLoadClass(ConcurrentClassLoader.java:398)
	at org.jboss.modules.ConcurrentClassLoader.loadClass(ConcurrentClassLoader.java:116)
	at java.base/java.lang.ClassLoader.defineClass1(Native Method)
	at java.base/java.lang.ClassLoader.defineClass(ClassLoader.java:1017)
	at java.base/java.lang.ClassLoader.defineClass(ClassLoader.java:1095)
	at org.jboss.modules.ModuleClassLoader.doDefineOrLoadClass(ModuleClassLoader.java:351)
	at org.jboss.modules.ModuleClassLoader.defineClass(ModuleClassLoader.java:482)
	at org.jboss.modules.ModuleClassLoader.loadClassLocal(ModuleClassLoader.java:276)
	at org.jboss.modules.ModuleClassLoader$1.loadClassLocal(ModuleClassLoader.java:79)
	at org.jboss.modules.Module.loadModuleClass(Module.java:765)
	at org.jboss.modules.ModuleClassLoader.findClass(ModuleClassLoader.java:192)
	at org.jboss.modules.ConcurrentClassLoader.performLoadClassUnchecked(ConcurrentClassLoader.java:410)
	at org.jboss.modules.ConcurrentClassLoader.performLoadClass(ConcurrentClassLoader.java:398)
	at org.jboss.modules.ConcurrentClassLoader.loadClass(ConcurrentClassLoader.java:116)
	at java.base/java.lang.ClassLoader.defineClass1(Native Method)
	at java.base/java.lang.ClassLoader.defineClass(ClassLoader.java:1017)
	at java.base/java.lang.ClassLoader.defineClass(ClassLoader.java:1095)
	at org.jboss.modules.ModuleClassLoader.doDefineOrLoadClass(ModuleClassLoader.java:351)
	at org.jboss.modules.ModuleClassLoader.defineClass(ModuleClassLoader.java:482)
	at org.jboss.modules.ModuleClassLoader.loadClassLocal(ModuleClassLoader.java:276)
	at org.jboss.modules.ModuleClassLoader$1.loadClassLocal(ModuleClassLoader.java:79)
	at org.jboss.modules.Module.loadModuleClass(Module.java:765)
	at org.jboss.modules.ModuleClassLoader.findClass(ModuleClassLoader.java:192)
	at org.jboss.modules.ConcurrentClassLoader.performLoadClassUnchecked(ConcurrentClassLoader.java:410)
	at org.jboss.modules.ConcurrentClassLoader.performLoadClass(ConcurrentClassLoader.java:398)
	at org.jboss.modules.ConcurrentClassLoader.loadClass(ConcurrentClassLoader.java:116)
	at java.base/java.lang.ClassLoader.defineClass1(Native Method)
	at java.base/java.lang.ClassLoader.defineClass(ClassLoader.java:1017)
	at java.base/java.lang.ClassLoader.defineClass(ClassLoader.java:1095)
	at org.jboss.modules.ModuleClassLoader.doDefineOrLoadClass(ModuleClassLoader.java:351)
	at org.jboss.modules.ModuleClassLoader.defineClass(ModuleClassLoader.java:482)
	at org.jboss.modules.ModuleClassLoader.loadClassLocal(ModuleClassLoader.java:276)
	at org.jboss.modules.ModuleClassLoader$1.loadClassLocal(ModuleClassLoader.java:79)
	at org.jboss.modules.Module.loadModuleClass(Module.java:765)
	at org.jboss.modules.ModuleClassLoader.findClass(ModuleClassLoader.java:192)
	at org.jboss.modules.ConcurrentClassLoader.performLoadClassUnchecked(ConcurrentClassLoader.java:410)
	at org.jboss.modules.ConcurrentClassLoader.performLoadClass(ConcurrentClassLoader.java:398)
	at org.jboss.modules.ConcurrentClassLoader.loadClass(ConcurrentClassLoader.java:116)
	at java.base/java.lang.ClassLoader.defineClass1(Native Method)
	at java.base/java.lang.ClassLoader.defineClass(ClassLoader.java:1017)
	at java.base/java.lang.ClassLoader.defineClass(ClassLoader.java:1095)
	at org.jboss.modules.ModuleClassLoader.doDefineOrLoadClass(ModuleClassLoader.java:351)
	at org.jboss.modules.ModuleClassLoader.defineClass(ModuleClassLoader.java:482)
	at org.jboss.modules.ModuleClassLoader.loadClassLocal(ModuleClassLoader.java:276)
	at org.jboss.modules.ModuleClassLoader$1.loadClassLocal(ModuleClassLoader.java:79)
	at org.jboss.modules.Module.loadModuleClass(Module.java:765)
	at org.jboss.modules.ModuleClassLoader.findClass(ModuleClassLoader.java:192)
	at org.jboss.modules.ConcurrentClassLoader.performLoadClassUnchecked(ConcurrentClassLoader.java:410)
	at org.jboss.modules.ConcurrentClassLoader.performLoadClass(ConcurrentClassLoader.java:398)
	at org.jboss.modules.ConcurrentClassLoader.loadClass(ConcurrentClassLoader.java:116)
	at java.base/java.lang.ClassLoader.defineClass1(Native Method)
	at java.base/java.lang.ClassLoader.defineClass(ClassLoader.java:1017)
	at java.base/java.lang.ClassLoader.defineClass(ClassLoader.java:1095)
	at org.jboss.modules.ModuleClassLoader.doDefineOrLoadClass(ModuleClassLoader.java:351)
	at org.jboss.modules.ModuleClassLoader.defineClass(ModuleClassLoader.java:482)
	at org.jboss.modules.ModuleClassLoader.loadClassLocal(ModuleClassLoader.java:276)
	at org.jboss.modules.ModuleClassLoader$1.loadClassLocal(ModuleClassLoader.java:79)
	at org.jboss.modules.Module.loadModuleClass(Module.java:765)
	at org.jboss.modules.ModuleClassLoader.findClass(ModuleClassLoader.java:192)
	at org.jboss.modules.ConcurrentClassLoader.performLoadClassUnchecked(ConcurrentClassLoader.java:410)
	at org.jboss.modules.ConcurrentClassLoader.performLoadClass(ConcurrentClassLoader.java:398)
	at org.jboss.modules.ConcurrentClassLoader.loadClass(ConcurrentClassLoader.java:116)
	at org.jboss.as.weld@27.0.1.Final//org.jboss.as.weld.WeldModuleResourceLoader.classForName(WeldModuleResourceLoader.java:68)
	at org.jboss.weld.core@5.1.0.Final//org.jboss.weld.bootstrap.AnnotatedTypeLoader.loadClass(AnnotatedTypeLoader.java:83)
	at org.jboss.weld.core@5.1.0.Final//org.jboss.weld.bootstrap.AnnotatedTypeLoader.loadAnnotatedType(AnnotatedTypeLoader.java:63)
	at org.jboss.weld.core@5.1.0.Final//org.jboss.weld.bootstrap.FastAnnotatedTypeLoader.loadAnnotatedType(FastAnnotatedTypeLoader.java:108)
	at org.jboss.weld.core@5.1.0.Final//org.jboss.weld.bootstrap.BeanDeployer.addClass(BeanDeployer.java:87)
	at org.jboss.weld.core@5.1.0.Final//org.jboss.weld.bootstrap.ConcurrentBeanDeployer$1.doWork(ConcurrentBeanDeployer.java:55)
	at org.jboss.weld.core@5.1.0.Final//org.jboss.weld.bootstrap.ConcurrentBeanDeployer$1.doWork(ConcurrentBeanDeployer.java:52)
	at org.jboss.weld.core@5.1.0.Final//org.jboss.weld.executor.IterativeWorkerTaskFactory$1.call(IterativeWorkerTaskFactory.java:62)
	at org.jboss.weld.core@5.1.0.Final//org.jboss.weld.executor.IterativeWorkerTaskFactory$1.call(IterativeWorkerTaskFactory.java:55)
	at java.base/java.util.concurrent.FutureTask.run(FutureTask.java:264)
	at java.base/java.util.concurrent.ThreadPoolExecutor.runWorker(ThreadPoolExecutor.java:1136)
	at java.base/java.util.concurrent.ThreadPoolExecutor$Worker.run(ThreadPoolExecutor.java:635)
	at java.base/java.lang.Thread.run(Thread.java:840)
	at org.jboss.threads@2.4.0.Final//org.jboss.threads.JBossThread.run(JBossThread.java:513)

[0m[33m11:35:09,701 WARN  [org.jboss.modules.define] (Weld Thread Pool -- 9) Failed to define class org.apache.shiro.web.servlet.NameableFilter in Module "deployment.qto.war" from Service Module Loader: java.lang.NoClassDefFoundError: Failed to link org/apache/shiro/web/servlet/NameableFilter (Module "deployment.qto.war" from Service Module Loader): Failed to link org/apache/shiro/web/servlet/AbstractFilter (Module "deployment.qto.war" from Service Module Loader): javax/servlet/Filter
	at java.base/java.lang.ClassLoader.defineClass1(Native Method)
	at java.base/java.lang.ClassLoader.defineClass(ClassLoader.java:1017)
	at java.base/java.lang.ClassLoader.defineClass(ClassLoader.java:1095)
	at org.jboss.modules.ModuleClassLoader.doDefineOrLoadClass(ModuleClassLoader.java:351)
	at org.jboss.modules.ModuleClassLoader.defineClass(ModuleClassLoader.java:482)
	at org.jboss.modules.ModuleClassLoader.loadClassLocal(ModuleClassLoader.java:276)
	at org.jboss.modules.ModuleClassLoader$1.loadClassLocal(ModuleClassLoader.java:79)
	at org.jboss.modules.Module.loadModuleClass(Module.java:765)
	at org.jboss.modules.ModuleClassLoader.findClass(ModuleClassLoader.java:192)
	at org.jboss.modules.ConcurrentClassLoader.performLoadClassUnchecked(ConcurrentClassLoader.java:410)
	at org.jboss.modules.ConcurrentClassLoader.performLoadClass(ConcurrentClassLoader.java:398)
	at org.jboss.modules.ConcurrentClassLoader.loadClass(ConcurrentClassLoader.java:116)
	at java.base/java.lang.ClassLoader.defineClass1(Native Method)
	at java.base/java.lang.ClassLoader.defineClass(ClassLoader.java:1017)
	at java.base/java.lang.ClassLoader.defineClass(ClassLoader.java:1095)
	at org.jboss.modules.ModuleClassLoader.doDefineOrLoadClass(ModuleClassLoader.java:351)
	at org.jboss.modules.ModuleClassLoader.defineClass(ModuleClassLoader.java:482)
	at org.jboss.modules.ModuleClassLoader.loadClassLocal(ModuleClassLoader.java:276)
	at org.jboss.modules.ModuleClassLoader$1.loadClassLocal(ModuleClassLoader.java:79)
	at org.jboss.modules.Module.loadModuleClass(Module.java:765)
	at org.jboss.modules.ModuleClassLoader.findClass(ModuleClassLoader.java:192)
	at org.jboss.modules.ConcurrentClassLoader.performLoadClassUnchecked(ConcurrentClassLoader.java:410)
	at org.jboss.modules.ConcurrentClassLoader.performLoadClass(ConcurrentClassLoader.java:398)
	at org.jboss.modules.ConcurrentClassLoader.loadClass(ConcurrentClassLoader.java:116)
	at java.base/java.lang.ClassLoader.defineClass1(Native Method)
	at java.base/java.lang.ClassLoader.defineClass(ClassLoader.java:1017)
	at java.base/java.lang.ClassLoader.defineClass(ClassLoader.java:1095)
	at org.jboss.modules.ModuleClassLoader.doDefineOrLoadClass(ModuleClassLoader.java:351)
	at org.jboss.modules.ModuleClassLoader.defineClass(ModuleClassLoader.java:482)
	at org.jboss.modules.ModuleClassLoader.loadClassLocal(ModuleClassLoader.java:276)
	at org.jboss.modules.ModuleClassLoader$1.loadClassLocal(ModuleClassLoader.java:79)
	at org.jboss.modules.Module.loadModuleClass(Module.java:765)
	at org.jboss.modules.ModuleClassLoader.findClass(ModuleClassLoader.java:192)
	at org.jboss.modules.ConcurrentClassLoader.performLoadClassUnchecked(ConcurrentClassLoader.java:410)
	at org.jboss.modules.ConcurrentClassLoader.performLoadClass(ConcurrentClassLoader.java:398)
	at org.jboss.modules.ConcurrentClassLoader.loadClass(ConcurrentClassLoader.java:116)
	at java.base/java.lang.ClassLoader.defineClass1(Native Method)
	at java.base/java.lang.ClassLoader.defineClass(ClassLoader.java:1017)
	at java.base/java.lang.ClassLoader.defineClass(ClassLoader.java:1095)
	at org.jboss.modules.ModuleClassLoader.doDefineOrLoadClass(ModuleClassLoader.java:351)
	at org.jboss.modules.ModuleClassLoader.defineClass(ModuleClassLoader.java:482)
	at org.jboss.modules.ModuleClassLoader.loadClassLocal(ModuleClassLoader.java:276)
	at org.jboss.modules.ModuleClassLoader$1.loadClassLocal(ModuleClassLoader.java:79)
	at org.jboss.modules.Module.loadModuleClass(Module.java:765)
	at org.jboss.modules.ModuleClassLoader.findClass(ModuleClassLoader.java:192)
	at org.jboss.modules.ConcurrentClassLoader.performLoadClassUnchecked(ConcurrentClassLoader.java:410)
	at org.jboss.modules.ConcurrentClassLoader.performLoadClass(ConcurrentClassLoader.java:398)
	at org.jboss.modules.ConcurrentClassLoader.loadClass(ConcurrentClassLoader.java:116)
	at java.base/java.lang.ClassLoader.defineClass1(Native Method)
	at java.base/java.lang.ClassLoader.defineClass(ClassLoader.java:1017)
	at java.base/java.lang.ClassLoader.defineClass(ClassLoader.java:1095)
	at org.jboss.modules.ModuleClassLoader.doDefineOrLoadClass(ModuleClassLoader.java:351)
	at org.jboss.modules.ModuleClassLoader.defineClass(ModuleClassLoader.java:482)
	at org.jboss.modules.ModuleClassLoader.loadClassLocal(ModuleClassLoader.java:276)
	at org.jboss.modules.ModuleClassLoader$1.loadClassLocal(ModuleClassLoader.java:79)
	at org.jboss.modules.Module.loadModuleClass(Module.java:765)
	at org.jboss.modules.ModuleClassLoader.findClass(ModuleClassLoader.java:192)
	at org.jboss.modules.ConcurrentClassLoader.performLoadClassUnchecked(ConcurrentClassLoader.java:410)
	at org.jboss.modules.ConcurrentClassLoader.performLoadClass(ConcurrentClassLoader.java:398)
	at org.jboss.modules.ConcurrentClassLoader.loadClass(ConcurrentClassLoader.java:116)
	at java.base/java.lang.ClassLoader.defineClass1(Native Method)
	at java.base/java.lang.ClassLoader.defineClass(ClassLoader.java:1017)
	at java.base/java.lang.ClassLoader.defineClass(ClassLoader.java:1095)
	at org.jboss.modules.ModuleClassLoader.doDefineOrLoadClass(ModuleClassLoader.java:351)
	at org.jboss.modules.ModuleClassLoader.defineClass(ModuleClassLoader.java:482)
	at org.jboss.modules.ModuleClassLoader.loadClassLocal(ModuleClassLoader.java:276)
	at org.jboss.modules.ModuleClassLoader$1.loadClassLocal(ModuleClassLoader.java:79)
	at org.jboss.modules.Module.loadModuleClass(Module.java:765)
	at org.jboss.modules.ModuleClassLoader.findClass(ModuleClassLoader.java:192)
	at org.jboss.modules.ConcurrentClassLoader.performLoadClassUnchecked(ConcurrentClassLoader.java:410)
	at org.jboss.modules.ConcurrentClassLoader.performLoadClass(ConcurrentClassLoader.java:398)
	at org.jboss.modules.ConcurrentClassLoader.loadClass(ConcurrentClassLoader.java:116)
	at org.jboss.as.weld@27.0.1.Final//org.jboss.as.weld.WeldModuleResourceLoader.classForName(WeldModuleResourceLoader.java:68)
	at org.jboss.weld.core@5.1.0.Final//org.jboss.weld.bootstrap.AnnotatedTypeLoader.loadClass(AnnotatedTypeLoader.java:83)
	at org.jboss.weld.core@5.1.0.Final//org.jboss.weld.bootstrap.AnnotatedTypeLoader.loadAnnotatedType(AnnotatedTypeLoader.java:63)
	at org.jboss.weld.core@5.1.0.Final//org.jboss.weld.bootstrap.FastAnnotatedTypeLoader.loadAnnotatedType(FastAnnotatedTypeLoader.java:108)
	at org.jboss.weld.core@5.1.0.Final//org.jboss.weld.bootstrap.BeanDeployer.addClass(BeanDeployer.java:87)
	at org.jboss.weld.core@5.1.0.Final//org.jboss.weld.bootstrap.ConcurrentBeanDeployer$1.doWork(ConcurrentBeanDeployer.java:55)
	at org.jboss.weld.core@5.1.0.Final//org.jboss.weld.bootstrap.ConcurrentBeanDeployer$1.doWork(ConcurrentBeanDeployer.java:52)
	at org.jboss.weld.core@5.1.0.Final//org.jboss.weld.executor.IterativeWorkerTaskFactory$1.call(IterativeWorkerTaskFactory.java:62)
	at org.jboss.weld.core@5.1.0.Final//org.jboss.weld.executor.IterativeWorkerTaskFactory$1.call(IterativeWorkerTaskFactory.java:55)
	at java.base/java.util.concurrent.FutureTask.run(FutureTask.java:264)
	at java.base/java.util.concurrent.ThreadPoolExecutor.runWorker(ThreadPoolExecutor.java:1136)
	at java.base/java.util.concurrent.ThreadPoolExecutor$Worker.run(ThreadPoolExecutor.java:635)
	at java.base/java.lang.Thread.run(Thread.java:840)
	at org.jboss.threads@2.4.0.Final//org.jboss.threads.JBossThread.run(JBossThread.java:513)

[0m[33m11:35:09,701 WARN  [org.jboss.modules.define] (Weld Thread Pool -- 9) Failed to define class org.apache.shiro.web.servlet.OncePerRequestFilter in Module "deployment.qto.war" from Service Module Loader: java.lang.NoClassDefFoundError: Failed to link org/apache/shiro/web/servlet/OncePerRequestFilter (Module "deployment.qto.war" from Service Module Loader): Failed to link org/apache/shiro/web/servlet/NameableFilter (Module "deployment.qto.war" from Service Module Loader): Failed to link org/apache/shiro/web/servlet/AbstractFilter (Module "deployment.qto.war" from Service Module Loader): javax/servlet/Filter
	at java.base/java.lang.ClassLoader.defineClass1(Native Method)
	at java.base/java.lang.ClassLoader.defineClass(ClassLoader.java:1017)
	at java.base/java.lang.ClassLoader.defineClass(ClassLoader.java:1095)
	at org.jboss.modules.ModuleClassLoader.doDefineOrLoadClass(ModuleClassLoader.java:351)
	at org.jboss.modules.ModuleClassLoader.defineClass(ModuleClassLoader.java:482)
	at org.jboss.modules.ModuleClassLoader.loadClassLocal(ModuleClassLoader.java:276)
	at org.jboss.modules.ModuleClassLoader$1.loadClassLocal(ModuleClassLoader.java:79)
	at org.jboss.modules.Module.loadModuleClass(Module.java:765)
	at org.jboss.modules.ModuleClassLoader.findClass(ModuleClassLoader.java:192)
	at org.jboss.modules.ConcurrentClassLoader.performLoadClassUnchecked(ConcurrentClassLoader.java:410)
	at org.jboss.modules.ConcurrentClassLoader.performLoadClass(ConcurrentClassLoader.java:398)
	at org.jboss.modules.ConcurrentClassLoader.loadClass(ConcurrentClassLoader.java:116)
	at java.base/java.lang.ClassLoader.defineClass1(Native Method)
	at java.base/java.lang.ClassLoader.defineClass(ClassLoader.java:1017)
	at java.base/java.lang.ClassLoader.defineClass(ClassLoader.java:1095)
	at org.jboss.modules.ModuleClassLoader.doDefineOrLoadClass(ModuleClassLoader.java:351)
	at org.jboss.modules.ModuleClassLoader.defineClass(ModuleClassLoader.java:482)
	at org.jboss.modules.ModuleClassLoader.loadClassLocal(ModuleClassLoader.java:276)
	at org.jboss.modules.ModuleClassLoader$1.loadClassLocal(ModuleClassLoader.java:79)
	at org.jboss.modules.Module.loadModuleClass(Module.java:765)
	at org.jboss.modules.ModuleClassLoader.findClass(ModuleClassLoader.java:192)
	at org.jboss.modules.ConcurrentClassLoader.performLoadClassUnchecked(ConcurrentClassLoader.java:410)
	at org.jboss.modules.ConcurrentClassLoader.performLoadClass(ConcurrentClassLoader.java:398)
	at org.jboss.modules.ConcurrentClassLoader.loadClass(ConcurrentClassLoader.java:116)
	at java.base/java.lang.ClassLoader.defineClass1(Native Method)
	at java.base/java.lang.ClassLoader.defineClass(ClassLoader.java:1017)
	at java.base/java.lang.ClassLoader.defineClass(ClassLoader.java:1095)
	at org.jboss.modules.ModuleClassLoader.doDefineOrLoadClass(ModuleClassLoader.java:351)
	at org.jboss.modules.ModuleClassLoader.defineClass(ModuleClassLoader.java:482)
	at org.jboss.modules.ModuleClassLoader.loadClassLocal(ModuleClassLoader.java:276)
	at org.jboss.modules.ModuleClassLoader$1.loadClassLocal(ModuleClassLoader.java:79)
	at org.jboss.modules.Module.loadModuleClass(Module.java:765)
	at org.jboss.modules.ModuleClassLoader.findClass(ModuleClassLoader.java:192)
	at org.jboss.modules.ConcurrentClassLoader.performLoadClassUnchecked(ConcurrentClassLoader.java:410)
	at org.jboss.modules.ConcurrentClassLoader.performLoadClass(ConcurrentClassLoader.java:398)
	at org.jboss.modules.ConcurrentClassLoader.loadClass(ConcurrentClassLoader.java:116)
	at java.base/java.lang.ClassLoader.defineClass1(Native Method)
	at java.base/java.lang.ClassLoader.defineClass(ClassLoader.java:1017)
	at java.base/java.lang.ClassLoader.defineClass(ClassLoader.java:1095)
	at org.jboss.modules.ModuleClassLoader.doDefineOrLoadClass(ModuleClassLoader.java:351)
	at org.jboss.modules.ModuleClassLoader.defineClass(ModuleClassLoader.java:482)
	at org.jboss.modules.ModuleClassLoader.loadClassLocal(ModuleClassLoader.java:276)
	at org.jboss.modules.ModuleClassLoader$1.loadClassLocal(ModuleClassLoader.java:79)
	at org.jboss.modules.Module.loadModuleClass(Module.java:765)
	at org.jboss.modules.ModuleClassLoader.findClass(ModuleClassLoader.java:192)
	at org.jboss.modules.ConcurrentClassLoader.performLoadClassUnchecked(ConcurrentClassLoader.java:410)
	at org.jboss.modules.ConcurrentClassLoader.performLoadClass(ConcurrentClassLoader.java:398)
	at org.jboss.modules.ConcurrentClassLoader.loadClass(ConcurrentClassLoader.java:116)
	at java.base/java.lang.ClassLoader.defineClass1(Native Method)
	at java.base/java.lang.ClassLoader.defineClass(ClassLoader.java:1017)
	at java.base/java.lang.ClassLoader.defineClass(ClassLoader.java:1095)
	at org.jboss.modules.ModuleClassLoader.doDefineOrLoadClass(ModuleClassLoader.java:351)
	at org.jboss.modules.ModuleClassLoader.defineClass(ModuleClassLoader.java:482)
	at org.jboss.modules.ModuleClassLoader.loadClassLocal(ModuleClassLoader.java:276)
	at org.jboss.modules.ModuleClassLoader$1.loadClassLocal(ModuleClassLoader.java:79)
	at org.jboss.modules.Module.loadModuleClass(Module.java:765)
	at org.jboss.modules.ModuleClassLoader.findClass(ModuleClassLoader.java:192)
	at org.jboss.modules.ConcurrentClassLoader.performLoadClassUnchecked(ConcurrentClassLoader.java:410)
	at org.jboss.modules.ConcurrentClassLoader.performLoadClass(ConcurrentClassLoader.java:398)
	at org.jboss.modules.ConcurrentClassLoader.loadClass(ConcurrentClassLoader.java:116)
	at java.base/java.lang.ClassLoader.defineClass1(Native Method)
	at java.base/java.lang.ClassLoader.defineClass(ClassLoader.java:1017)
	at java.base/java.lang.ClassLoader.defineClass(ClassLoader.java:1095)
	at org.jboss.modules.ModuleClassLoader.doDefineOrLoadClass(ModuleClassLoader.java:351)
	at org.jboss.modules.ModuleClassLoader.defineClass(ModuleClassLoader.java:482)
	at org.jboss.modules.ModuleClassLoader.loadClassLocal(ModuleClassLoader.java:276)
	at org.jboss.modules.ModuleClassLoader$1.loadClassLocal(ModuleClassLoader.java:79)
	at org.jboss.modules.Module.loadModuleClass(Module.java:765)
	at org.jboss.modules.ModuleClassLoader.findClass(ModuleClassLoader.java:192)
	at org.jboss.modules.ConcurrentClassLoader.performLoadClassUnchecked(ConcurrentClassLoader.java:410)
	at org.jboss.modules.ConcurrentClassLoader.performLoadClass(ConcurrentClassLoader.java:398)
	at org.jboss.modules.ConcurrentClassLoader.loadClass(ConcurrentClassLoader.java:116)
	at org.jboss.as.weld@27.0.1.Final//org.jboss.as.weld.WeldModuleResourceLoader.classForName(WeldModuleResourceLoader.java:68)
	at org.jboss.weld.core@5.1.0.Final//org.jboss.weld.bootstrap.AnnotatedTypeLoader.loadClass(AnnotatedTypeLoader.java:83)
	at org.jboss.weld.core@5.1.0.Final//org.jboss.weld.bootstrap.AnnotatedTypeLoader.loadAnnotatedType(AnnotatedTypeLoader.java:63)
	at org.jboss.weld.core@5.1.0.Final//org.jboss.weld.bootstrap.FastAnnotatedTypeLoader.loadAnnotatedType(FastAnnotatedTypeLoader.java:108)
	at org.jboss.weld.core@5.1.0.Final//org.jboss.weld.bootstrap.BeanDeployer.addClass(BeanDeployer.java:87)
	at org.jboss.weld.core@5.1.0.Final//org.jboss.weld.bootstrap.ConcurrentBeanDeployer$1.doWork(ConcurrentBeanDeployer.java:55)
	at org.jboss.weld.core@5.1.0.Final//org.jboss.weld.bootstrap.ConcurrentBeanDeployer$1.doWork(ConcurrentBeanDeployer.java:52)
	at org.jboss.weld.core@5.1.0.Final//org.jboss.weld.executor.IterativeWorkerTaskFactory$1.call(IterativeWorkerTaskFactory.java:62)
	at org.jboss.weld.core@5.1.0.Final//org.jboss.weld.executor.IterativeWorkerTaskFactory$1.call(IterativeWorkerTaskFactory.java:55)
	at java.base/java.util.concurrent.FutureTask.run(FutureTask.java:264)
	at java.base/java.util.concurrent.ThreadPoolExecutor.runWorker(ThreadPoolExecutor.java:1136)
	at java.base/java.util.concurrent.ThreadPoolExecutor$Worker.run(ThreadPoolExecutor.java:635)
	at java.base/java.lang.Thread.run(Thread.java:840)
	at org.jboss.threads@2.4.0.Final//org.jboss.threads.JBossThread.run(JBossThread.java:513)

[0m[33m11:35:09,701 WARN  [org.jboss.modules.define] (Weld Thread Pool -- 9) Failed to define class org.apache.shiro.web.servlet.AbstractShiroFilter in Module "deployment.qto.war" from Service Module Loader: java.lang.NoClassDefFoundError: Failed to link org/apache/shiro/web/servlet/AbstractShiroFilter (Module "deployment.qto.war" from Service Module Loader): Failed to link org/apache/shiro/web/servlet/OncePerRequestFilter (Module "deployment.qto.war" from Service Module Loader): Failed to link org/apache/shiro/web/servlet/NameableFilter (Module "deployment.qto.war" from Service Module Loader): Failed to link org/apache/shiro/web/servlet/AbstractFilter (Module "deployment.qto.war" from Service Module Loader): javax/servlet/Filter
	at java.base/java.lang.ClassLoader.defineClass1(Native Method)
	at java.base/java.lang.ClassLoader.defineClass(ClassLoader.java:1017)
	at java.base/java.lang.ClassLoader.defineClass(ClassLoader.java:1095)
	at org.jboss.modules.ModuleClassLoader.doDefineOrLoadClass(ModuleClassLoader.java:351)
	at org.jboss.modules.ModuleClassLoader.defineClass(ModuleClassLoader.java:482)
	at org.jboss.modules.ModuleClassLoader.loadClassLocal(ModuleClassLoader.java:276)
	at org.jboss.modules.ModuleClassLoader$1.loadClassLocal(ModuleClassLoader.java:79)
	at org.jboss.modules.Module.loadModuleClass(Module.java:765)
	at org.jboss.modules.ModuleClassLoader.findClass(ModuleClassLoader.java:192)
	at org.jboss.modules.ConcurrentClassLoader.performLoadClassUnchecked(ConcurrentClassLoader.java:410)
	at org.jboss.modules.ConcurrentClassLoader.performLoadClass(ConcurrentClassLoader.java:398)
	at org.jboss.modules.ConcurrentClassLoader.loadClass(ConcurrentClassLoader.java:116)
	at java.base/java.lang.ClassLoader.defineClass1(Native Method)
	at java.base/java.lang.ClassLoader.defineClass(ClassLoader.java:1017)
	at java.base/java.lang.ClassLoader.defineClass(ClassLoader.java:1095)
	at org.jboss.modules.ModuleClassLoader.doDefineOrLoadClass(ModuleClassLoader.java:351)
	at org.jboss.modules.ModuleClassLoader.defineClass(ModuleClassLoader.java:482)
	at org.jboss.modules.ModuleClassLoader.loadClassLocal(ModuleClassLoader.java:276)
	at org.jboss.modules.ModuleClassLoader$1.loadClassLocal(ModuleClassLoader.java:79)
	at org.jboss.modules.Module.loadModuleClass(Module.java:765)
	at org.jboss.modules.ModuleClassLoader.findClass(ModuleClassLoader.java:192)
	at org.jboss.modules.ConcurrentClassLoader.performLoadClassUnchecked(ConcurrentClassLoader.java:410)
	at org.jboss.modules.ConcurrentClassLoader.performLoadClass(ConcurrentClassLoader.java:398)
	at org.jboss.modules.ConcurrentClassLoader.loadClass(ConcurrentClassLoader.java:116)
	at java.base/java.lang.ClassLoader.defineClass1(Native Method)
	at java.base/java.lang.ClassLoader.defineClass(ClassLoader.java:1017)
	at java.base/java.lang.ClassLoader.defineClass(ClassLoader.java:1095)
	at org.jboss.modules.ModuleClassLoader.doDefineOrLoadClass(ModuleClassLoader.java:351)
	at org.jboss.modules.ModuleClassLoader.defineClass(ModuleClassLoader.java:482)
	at org.jboss.modules.ModuleClassLoader.loadClassLocal(ModuleClassLoader.java:276)
	at org.jboss.modules.ModuleClassLoader$1.loadClassLocal(ModuleClassLoader.java:79)
	at org.jboss.modules.Module.loadModuleClass(Module.java:765)
	at org.jboss.modules.ModuleClassLoader.findClass(ModuleClassLoader.java:192)
	at org.jboss.modules.ConcurrentClassLoader.performLoadClassUnchecked(ConcurrentClassLoader.java:410)
	at org.jboss.modules.ConcurrentClassLoader.performLoadClass(ConcurrentClassLoader.java:398)
	at org.jboss.modules.ConcurrentClassLoader.loadClass(ConcurrentClassLoader.java:116)
	at java.base/java.lang.ClassLoader.defineClass1(Native Method)
	at java.base/java.lang.ClassLoader.defineClass(ClassLoader.java:1017)
	at java.base/java.lang.ClassLoader.defineClass(ClassLoader.java:1095)
	at org.jboss.modules.ModuleClassLoader.doDefineOrLoadClass(ModuleClassLoader.java:351)
	at org.jboss.modules.ModuleClassLoader.defineClass(ModuleClassLoader.java:482)
	at org.jboss.modules.ModuleClassLoader.loadClassLocal(ModuleClassLoader.java:276)
	at org.jboss.modules.ModuleClassLoader$1.loadClassLocal(ModuleClassLoader.java:79)
	at org.jboss.modules.Module.loadModuleClass(Module.java:765)
	at org.jboss.modules.ModuleClassLoader.findClass(ModuleClassLoader.java:192)
	at org.jboss.modules.ConcurrentClassLoader.performLoadClassUnchecked(ConcurrentClassLoader.java:410)
	at org.jboss.modules.ConcurrentClassLoader.performLoadClass(ConcurrentClassLoader.java:398)
	at org.jboss.modules.ConcurrentClassLoader.loadClass(ConcurrentClassLoader.java:116)
	at java.base/java.lang.ClassLoader.defineClass1(Native Method)
	at java.base/java.lang.ClassLoader.defineClass(ClassLoader.java:1017)
	at java.base/java.lang.ClassLoader.defineClass(ClassLoader.java:1095)
	at org.jboss.modules.ModuleClassLoader.doDefineOrLoadClass(ModuleClassLoader.java:351)
	at org.jboss.modules.ModuleClassLoader.defineClass(ModuleClassLoader.java:482)
	at org.jboss.modules.ModuleClassLoader.loadClassLocal(ModuleClassLoader.java:276)
	at org.jboss.modules.ModuleClassLoader$1.loadClassLocal(ModuleClassLoader.java:79)
	at org.jboss.modules.Module.loadModuleClass(Module.java:765)
	at org.jboss.modules.ModuleClassLoader.findClass(ModuleClassLoader.java:192)
	at org.jboss.modules.ConcurrentClassLoader.performLoadClassUnchecked(ConcurrentClassLoader.java:410)
	at org.jboss.modules.ConcurrentClassLoader.performLoadClass(ConcurrentClassLoader.java:398)
	at org.jboss.modules.ConcurrentClassLoader.loadClass(ConcurrentClassLoader.java:116)
	at java.base/java.lang.ClassLoader.defineClass1(Native Method)
	at java.base/java.lang.ClassLoader.defineClass(ClassLoader.java:1017)
	at java.base/java.lang.ClassLoader.defineClass(ClassLoader.java:1095)
	at org.jboss.modules.ModuleClassLoader.doDefineOrLoadClass(ModuleClassLoader.java:351)
	at org.jboss.modules.ModuleClassLoader.defineClass(ModuleClassLoader.java:482)
	at org.jboss.modules.ModuleClassLoader.loadClassLocal(ModuleClassLoader.java:276)
	at org.jboss.modules.ModuleClassLoader$1.loadClassLocal(ModuleClassLoader.java:79)
	at org.jboss.modules.Module.loadModuleClass(Module.java:765)
	at org.jboss.modules.ModuleClassLoader.findClass(ModuleClassLoader.java:192)
	at org.jboss.modules.ConcurrentClassLoader.performLoadClassUnchecked(ConcurrentClassLoader.java:410)
	at org.jboss.modules.ConcurrentClassLoader.performLoadClass(ConcurrentClassLoader.java:398)
	at org.jboss.modules.ConcurrentClassLoader.loadClass(ConcurrentClassLoader.java:116)
	at org.jboss.as.weld@27.0.1.Final//org.jboss.as.weld.WeldModuleResourceLoader.classForName(WeldModuleResourceLoader.java:68)
	at org.jboss.weld.core@5.1.0.Final//org.jboss.weld.bootstrap.AnnotatedTypeLoader.loadClass(AnnotatedTypeLoader.java:83)
	at org.jboss.weld.core@5.1.0.Final//org.jboss.weld.bootstrap.AnnotatedTypeLoader.loadAnnotatedType(AnnotatedTypeLoader.java:63)
	at org.jboss.weld.core@5.1.0.Final//org.jboss.weld.bootstrap.FastAnnotatedTypeLoader.loadAnnotatedType(FastAnnotatedTypeLoader.java:108)
	at org.jboss.weld.core@5.1.0.Final//org.jboss.weld.bootstrap.BeanDeployer.addClass(BeanDeployer.java:87)
	at org.jboss.weld.core@5.1.0.Final//org.jboss.weld.bootstrap.ConcurrentBeanDeployer$1.doWork(ConcurrentBeanDeployer.java:55)
	at org.jboss.weld.core@5.1.0.Final//org.jboss.weld.bootstrap.ConcurrentBeanDeployer$1.doWork(ConcurrentBeanDeployer.java:52)
	at org.jboss.weld.core@5.1.0.Final//org.jboss.weld.executor.IterativeWorkerTaskFactory$1.call(IterativeWorkerTaskFactory.java:62)
	at org.jboss.weld.core@5.1.0.Final//org.jboss.weld.executor.IterativeWorkerTaskFactory$1.call(IterativeWorkerTaskFactory.java:55)
	at java.base/java.util.concurrent.FutureTask.run(FutureTask.java:264)
	at java.base/java.util.concurrent.ThreadPoolExecutor.runWorker(ThreadPoolExecutor.java:1136)
	at java.base/java.util.concurrent.ThreadPoolExecutor$Worker.run(ThreadPoolExecutor.java:635)
	at java.base/java.lang.Thread.run(Thread.java:840)
	at org.jboss.threads@2.4.0.Final//org.jboss.threads.JBossThread.run(JBossThread.java:513)

[0m[33m11:35:09,701 WARN  [org.jboss.modules.define] (Weld Thread Pool -- 9) Failed to define class org.apache.shiro.web.servlet.ShiroFilter in Module "deployment.qto.war" from Service Module Loader: java.lang.NoClassDefFoundError: Failed to link org/apache/shiro/web/servlet/ShiroFilter (Module "deployment.qto.war" from Service Module Loader): Failed to link org/apache/shiro/web/servlet/AbstractShiroFilter (Module "deployment.qto.war" from Service Module Loader): Failed to link org/apache/shiro/web/servlet/OncePerRequestFilter (Module "deployment.qto.war" from Service Module Loader): Failed to link org/apache/shiro/web/servlet/NameableFilter (Module "deployment.qto.war" from Service Module Loader): Failed to link org/apache/shiro/web/servlet/AbstractFilter (Module "deployment.qto.war" from Service Module Loader): javax/servlet/Filter
	at java.base/java.lang.ClassLoader.defineClass1(Native Method)
	at java.base/java.lang.ClassLoader.defineClass(ClassLoader.java:1017)
	at java.base/java.lang.ClassLoader.defineClass(ClassLoader.java:1095)
	at org.jboss.modules.ModuleClassLoader.doDefineOrLoadClass(ModuleClassLoader.java:351)
	at org.jboss.modules.ModuleClassLoader.defineClass(ModuleClassLoader.java:482)
	at org.jboss.modules.ModuleClassLoader.loadClassLocal(ModuleClassLoader.java:276)
	at org.jboss.modules.ModuleClassLoader$1.loadClassLocal(ModuleClassLoader.java:79)
	at org.jboss.modules.Module.loadModuleClass(Module.java:765)
	at org.jboss.modules.ModuleClassLoader.findClass(ModuleClassLoader.java:192)
	at org.jboss.modules.ConcurrentClassLoader.performLoadClassUnchecked(ConcurrentClassLoader.java:410)
	at org.jboss.modules.ConcurrentClassLoader.performLoadClass(ConcurrentClassLoader.java:398)
	at org.jboss.modules.ConcurrentClassLoader.loadClass(ConcurrentClassLoader.java:116)
	at java.base/java.lang.ClassLoader.defineClass1(Native Method)
	at java.base/java.lang.ClassLoader.defineClass(ClassLoader.java:1017)
	at java.base/java.lang.ClassLoader.defineClass(ClassLoader.java:1095)
	at org.jboss.modules.ModuleClassLoader.doDefineOrLoadClass(ModuleClassLoader.java:351)
	at org.jboss.modules.ModuleClassLoader.defineClass(ModuleClassLoader.java:482)
	at org.jboss.modules.ModuleClassLoader.loadClassLocal(ModuleClassLoader.java:276)
	at org.jboss.modules.ModuleClassLoader$1.loadClassLocal(ModuleClassLoader.java:79)
	at org.jboss.modules.Module.loadModuleClass(Module.java:765)
	at org.jboss.modules.ModuleClassLoader.findClass(ModuleClassLoader.java:192)
	at org.jboss.modules.ConcurrentClassLoader.performLoadClassUnchecked(ConcurrentClassLoader.java:410)
	at org.jboss.modules.ConcurrentClassLoader.performLoadClass(ConcurrentClassLoader.java:398)
	at org.jboss.modules.ConcurrentClassLoader.loadClass(ConcurrentClassLoader.java:116)
	at java.base/java.lang.ClassLoader.defineClass1(Native Method)
	at java.base/java.lang.ClassLoader.defineClass(ClassLoader.java:1017)
	at java.base/java.lang.ClassLoader.defineClass(ClassLoader.java:1095)
	at org.jboss.modules.ModuleClassLoader.doDefineOrLoadClass(ModuleClassLoader.java:351)
	at org.jboss.modules.ModuleClassLoader.defineClass(ModuleClassLoader.java:482)
	at org.jboss.modules.ModuleClassLoader.loadClassLocal(ModuleClassLoader.java:276)
	at org.jboss.modules.ModuleClassLoader$1.loadClassLocal(ModuleClassLoader.java:79)
	at org.jboss.modules.Module.loadModuleClass(Module.java:765)
	at org.jboss.modules.ModuleClassLoader.findClass(ModuleClassLoader.java:192)
	at org.jboss.modules.ConcurrentClassLoader.performLoadClassUnchecked(ConcurrentClassLoader.java:410)
	at org.jboss.modules.ConcurrentClassLoader.performLoadClass(ConcurrentClassLoader.java:398)
	at org.jboss.modules.ConcurrentClassLoader.loadClass(ConcurrentClassLoader.java:116)
	at java.base/java.lang.ClassLoader.defineClass1(Native Method)
	at java.base/java.lang.ClassLoader.defineClass(ClassLoader.java:1017)
	at java.base/java.lang.ClassLoader.defineClass(ClassLoader.java:1095)
	at org.jboss.modules.ModuleClassLoader.doDefineOrLoadClass(ModuleClassLoader.java:351)
	at org.jboss.modules.ModuleClassLoader.defineClass(ModuleClassLoader.java:482)
	at org.jboss.modules.ModuleClassLoader.loadClassLocal(ModuleClassLoader.java:276)
	at org.jboss.modules.ModuleClassLoader$1.loadClassLocal(ModuleClassLoader.java:79)
	at org.jboss.modules.Module.loadModuleClass(Module.java:765)
	at org.jboss.modules.ModuleClassLoader.findClass(ModuleClassLoader.java:192)
	at org.jboss.modules.ConcurrentClassLoader.performLoadClassUnchecked(ConcurrentClassLoader.java:410)
	at org.jboss.modules.ConcurrentClassLoader.performLoadClass(ConcurrentClassLoader.java:398)
	at org.jboss.modules.ConcurrentClassLoader.loadClass(ConcurrentClassLoader.java:116)
	at java.base/java.lang.ClassLoader.defineClass1(Native Method)
	at java.base/java.lang.ClassLoader.defineClass(ClassLoader.java:1017)
	at java.base/java.lang.ClassLoader.defineClass(ClassLoader.java:1095)
	at org.jboss.modules.ModuleClassLoader.doDefineOrLoadClass(ModuleClassLoader.java:351)
	at org.jboss.modules.ModuleClassLoader.defineClass(ModuleClassLoader.java:482)
	at org.jboss.modules.ModuleClassLoader.loadClassLocal(ModuleClassLoader.java:276)
	at org.jboss.modules.ModuleClassLoader$1.loadClassLocal(ModuleClassLoader.java:79)
	at org.jboss.modules.Module.loadModuleClass(Module.java:765)
	at org.jboss.modules.ModuleClassLoader.findClass(ModuleClassLoader.java:192)
	at org.jboss.modules.ConcurrentClassLoader.performLoadClassUnchecked(ConcurrentClassLoader.java:410)
	at org.jboss.modules.ConcurrentClassLoader.performLoadClass(ConcurrentClassLoader.java:398)
	at org.jboss.modules.ConcurrentClassLoader.loadClass(ConcurrentClassLoader.java:116)
	at java.base/java.lang.ClassLoader.defineClass1(Native Method)
	at java.base/java.lang.ClassLoader.defineClass(ClassLoader.java:1017)
	at java.base/java.lang.ClassLoader.defineClass(ClassLoader.java:1095)
	at org.jboss.modules.ModuleClassLoader.doDefineOrLoadClass(ModuleClassLoader.java:351)
	at org.jboss.modules.ModuleClassLoader.defineClass(ModuleClassLoader.java:482)
	at org.jboss.modules.ModuleClassLoader.loadClassLocal(ModuleClassLoader.java:276)
	at org.jboss.modules.ModuleClassLoader$1.loadClassLocal(ModuleClassLoader.java:79)
	at org.jboss.modules.Module.loadModuleClass(Module.java:765)
	at org.jboss.modules.ModuleClassLoader.findClass(ModuleClassLoader.java:192)
	at org.jboss.modules.ConcurrentClassLoader.performLoadClassUnchecked(ConcurrentClassLoader.java:410)
	at org.jboss.modules.ConcurrentClassLoader.performLoadClass(ConcurrentClassLoader.java:398)
	at org.jboss.modules.ConcurrentClassLoader.loadClass(ConcurrentClassLoader.java:116)
	at org.jboss.as.weld@27.0.1.Final//org.jboss.as.weld.WeldModuleResourceLoader.classForName(WeldModuleResourceLoader.java:68)
	at org.jboss.weld.core@5.1.0.Final//org.jboss.weld.bootstrap.AnnotatedTypeLoader.loadClass(AnnotatedTypeLoader.java:83)
	at org.jboss.weld.core@5.1.0.Final//org.jboss.weld.bootstrap.AnnotatedTypeLoader.loadAnnotatedType(AnnotatedTypeLoader.java:63)
	at org.jboss.weld.core@5.1.0.Final//org.jboss.weld.bootstrap.FastAnnotatedTypeLoader.loadAnnotatedType(FastAnnotatedTypeLoader.java:108)
	at org.jboss.weld.core@5.1.0.Final//org.jboss.weld.bootstrap.BeanDeployer.addClass(BeanDeployer.java:87)
	at org.jboss.weld.core@5.1.0.Final//org.jboss.weld.bootstrap.ConcurrentBeanDeployer$1.doWork(ConcurrentBeanDeployer.java:55)
	at org.jboss.weld.core@5.1.0.Final//org.jboss.weld.bootstrap.ConcurrentBeanDeployer$1.doWork(ConcurrentBeanDeployer.java:52)
	at org.jboss.weld.core@5.1.0.Final//org.jboss.weld.executor.IterativeWorkerTaskFactory$1.call(IterativeWorkerTaskFactory.java:62)
	at org.jboss.weld.core@5.1.0.Final//org.jboss.weld.executor.IterativeWorkerTaskFactory$1.call(IterativeWorkerTaskFactory.java:55)
	at java.base/java.util.concurrent.FutureTask.run(FutureTask.java:264)
	at java.base/java.util.concurrent.ThreadPoolExecutor.runWorker(ThreadPoolExecutor.java:1136)
	at java.base/java.util.concurrent.ThreadPoolExecutor$Worker.run(ThreadPoolExecutor.java:635)
	at java.base/java.lang.Thread.run(Thread.java:840)
	at org.jboss.threads@2.4.0.Final//org.jboss.threads.JBossThread.run(JBossThread.java:513)

[0m[33m11:35:09,702 WARN  [org.jboss.modules.define] (Weld Thread Pool -- 9) Failed to define class com.vertek.corporate.qto.authentication.QTOShiroFilter in Module "deployment.qto.war" from Service Module Loader: java.lang.NoClassDefFoundError: Failed to link com/vertek/corporate/qto/authentication/QTOShiroFilter (Module "deployment.qto.war" from Service Module Loader): Failed to link org/apache/shiro/web/servlet/ShiroFilter (Module "deployment.qto.war" from Service Module Loader): Failed to link org/apache/shiro/web/servlet/AbstractShiroFilter (Module "deployment.qto.war" from Service Module Loader): Failed to link org/apache/shiro/web/servlet/OncePerRequestFilter (Module "deployment.qto.war" from Service Module Loader): Failed to link org/apache/shiro/web/servlet/NameableFilter (Module "deployment.qto.war" from Service Module Loader): Failed to link org/apache/shiro/web/servlet/AbstractFilter (Module "deployment.qto.war" from Service Module Loader): javax/servlet/Filter
	at java.base/java.lang.ClassLoader.defineClass1(Native Method)
	at java.base/java.lang.ClassLoader.defineClass(ClassLoader.java:1017)
	at java.base/java.lang.ClassLoader.defineClass(ClassLoader.java:1095)
	at org.jboss.modules.ModuleClassLoader.doDefineOrLoadClass(ModuleClassLoader.java:351)
	at org.jboss.modules.ModuleClassLoader.defineClass(ModuleClassLoader.java:482)
	at org.jboss.modules.ModuleClassLoader.loadClassLocal(ModuleClassLoader.java:276)
	at org.jboss.modules.ModuleClassLoader$1.loadClassLocal(ModuleClassLoader.java:79)
	at org.jboss.modules.Module.loadModuleClass(Module.java:765)
	at org.jboss.modules.ModuleClassLoader.findClass(ModuleClassLoader.java:192)
	at org.jboss.modules.ConcurrentClassLoader.performLoadClassUnchecked(ConcurrentClassLoader.java:410)
	at org.jboss.modules.ConcurrentClassLoader.performLoadClass(ConcurrentClassLoader.java:398)
	at org.jboss.modules.ConcurrentClassLoader.loadClass(ConcurrentClassLoader.java:116)
	at java.base/java.lang.ClassLoader.defineClass1(Native Method)
	at java.base/java.lang.ClassLoader.defineClass(ClassLoader.java:1017)
	at java.base/java.lang.ClassLoader.defineClass(ClassLoader.java:1095)
	at org.jboss.modules.ModuleClassLoader.doDefineOrLoadClass(ModuleClassLoader.java:351)
	at org.jboss.modules.ModuleClassLoader.defineClass(ModuleClassLoader.java:482)
	at org.jboss.modules.ModuleClassLoader.loadClassLocal(ModuleClassLoader.java:276)
	at org.jboss.modules.ModuleClassLoader$1.loadClassLocal(ModuleClassLoader.java:79)
	at org.jboss.modules.Module.loadModuleClass(Module.java:765)
	at org.jboss.modules.ModuleClassLoader.findClass(ModuleClassLoader.java:192)
	at org.jboss.modules.ConcurrentClassLoader.performLoadClassUnchecked(ConcurrentClassLoader.java:410)
	at org.jboss.modules.ConcurrentClassLoader.performLoadClass(ConcurrentClassLoader.java:398)
	at org.jboss.modules.ConcurrentClassLoader.loadClass(ConcurrentClassLoader.java:116)
	at java.base/java.lang.ClassLoader.defineClass1(Native Method)
	at java.base/java.lang.ClassLoader.defineClass(ClassLoader.java:1017)
	at java.base/java.lang.ClassLoader.defineClass(ClassLoader.java:1095)
	at org.jboss.modules.ModuleClassLoader.doDefineOrLoadClass(ModuleClassLoader.java:351)
	at org.jboss.modules.ModuleClassLoader.defineClass(ModuleClassLoader.java:482)
	at org.jboss.modules.ModuleClassLoader.loadClassLocal(ModuleClassLoader.java:276)
	at org.jboss.modules.ModuleClassLoader$1.loadClassLocal(ModuleClassLoader.java:79)
	at org.jboss.modules.Module.loadModuleClass(Module.java:765)
	at org.jboss.modules.ModuleClassLoader.findClass(ModuleClassLoader.java:192)
	at org.jboss.modules.ConcurrentClassLoader.performLoadClassUnchecked(ConcurrentClassLoader.java:410)
	at org.jboss.modules.ConcurrentClassLoader.performLoadClass(ConcurrentClassLoader.java:398)
	at org.jboss.modules.ConcurrentClassLoader.loadClass(ConcurrentClassLoader.java:116)
	at java.base/java.lang.ClassLoader.defineClass1(Native Method)
	at java.base/java.lang.ClassLoader.defineClass(ClassLoader.java:1017)
	at java.base/java.lang.ClassLoader.defineClass(ClassLoader.java:1095)
	at org.jboss.modules.ModuleClassLoader.doDefineOrLoadClass(ModuleClassLoader.java:351)
	at org.jboss.modules.ModuleClassLoader.defineClass(ModuleClassLoader.java:482)
	at org.jboss.modules.ModuleClassLoader.loadClassLocal(ModuleClassLoader.java:276)
	at org.jboss.modules.ModuleClassLoader$1.loadClassLocal(ModuleClassLoader.java:79)
	at org.jboss.modules.Module.loadModuleClass(Module.java:765)
	at org.jboss.modules.ModuleClassLoader.findClass(ModuleClassLoader.java:192)
	at org.jboss.modules.ConcurrentClassLoader.performLoadClassUnchecked(ConcurrentClassLoader.java:410)
	at org.jboss.modules.ConcurrentClassLoader.performLoadClass(ConcurrentClassLoader.java:398)
	at org.jboss.modules.ConcurrentClassLoader.loadClass(ConcurrentClassLoader.java:116)
	at java.base/java.lang.ClassLoader.defineClass1(Native Method)
	at java.base/java.lang.ClassLoader.defineClass(ClassLoader.java:1017)
	at java.base/java.lang.ClassLoader.defineClass(ClassLoader.java:1095)
	at org.jboss.modules.ModuleClassLoader.doDefineOrLoadClass(ModuleClassLoader.java:351)
	at org.jboss.modules.ModuleClassLoader.defineClass(ModuleClassLoader.java:482)
	at org.jboss.modules.ModuleClassLoader.loadClassLocal(ModuleClassLoader.java:276)
	at org.jboss.modules.ModuleClassLoader$1.loadClassLocal(ModuleClassLoader.java:79)
	at org.jboss.modules.Module.loadModuleClass(Module.java:765)
	at org.jboss.modules.ModuleClassLoader.findClass(ModuleClassLoader.java:192)
	at org.jboss.modules.ConcurrentClassLoader.performLoadClassUnchecked(ConcurrentClassLoader.java:410)
	at org.jboss.modules.ConcurrentClassLoader.performLoadClass(ConcurrentClassLoader.java:398)
	at org.jboss.modules.ConcurrentClassLoader.loadClass(ConcurrentClassLoader.java:116)
	at java.base/java.lang.ClassLoader.defineClass1(Native Method)
	at java.base/java.lang.ClassLoader.defineClass(ClassLoader.java:1017)
	at java.base/java.lang.ClassLoader.defineClass(ClassLoader.java:1095)
	at org.jboss.modules.ModuleClassLoader.doDefineOrLoadClass(ModuleClassLoader.java:351)
	at org.jboss.modules.ModuleClassLoader.defineClass(ModuleClassLoader.java:482)
	at org.jboss.modules.ModuleClassLoader.loadClassLocal(ModuleClassLoader.java:276)
	at org.jboss.modules.ModuleClassLoader$1.loadClassLocal(ModuleClassLoader.java:79)
	at org.jboss.modules.Module.loadModuleClass(Module.java:765)
	at org.jboss.modules.ModuleClassLoader.findClass(ModuleClassLoader.java:192)
	at org.jboss.modules.ConcurrentClassLoader.performLoadClassUnchecked(ConcurrentClassLoader.java:410)
	at org.jboss.modules.ConcurrentClassLoader.performLoadClass(ConcurrentClassLoader.java:398)
	at org.jboss.modules.ConcurrentClassLoader.loadClass(ConcurrentClassLoader.java:116)
	at org.jboss.as.weld@27.0.1.Final//org.jboss.as.weld.WeldModuleResourceLoader.classForName(WeldModuleResourceLoader.java:68)
	at org.jboss.weld.core@5.1.0.Final//org.jboss.weld.bootstrap.AnnotatedTypeLoader.loadClass(AnnotatedTypeLoader.java:83)
	at org.jboss.weld.core@5.1.0.Final//org.jboss.weld.bootstrap.AnnotatedTypeLoader.loadAnnotatedType(AnnotatedTypeLoader.java:63)
	at org.jboss.weld.core@5.1.0.Final//org.jboss.weld.bootstrap.FastAnnotatedTypeLoader.loadAnnotatedType(FastAnnotatedTypeLoader.java:108)
	at org.jboss.weld.core@5.1.0.Final//org.jboss.weld.bootstrap.BeanDeployer.addClass(BeanDeployer.java:87)
	at org.jboss.weld.core@5.1.0.Final//org.jboss.weld.bootstrap.ConcurrentBeanDeployer$1.doWork(ConcurrentBeanDeployer.java:55)
	at org.jboss.weld.core@5.1.0.Final//org.jboss.weld.bootstrap.ConcurrentBeanDeployer$1.doWork(ConcurrentBeanDeployer.java:52)
	at org.jboss.weld.core@5.1.0.Final//org.jboss.weld.executor.IterativeWorkerTaskFactory$1.call(IterativeWorkerTaskFactory.java:62)
	at org.jboss.weld.core@5.1.0.Final//org.jboss.weld.executor.IterativeWorkerTaskFactory$1.call(IterativeWorkerTaskFactory.java:55)
	at java.base/java.util.concurrent.FutureTask.run(FutureTask.java:264)
	at java.base/java.util.concurrent.ThreadPoolExecutor.runWorker(ThreadPoolExecutor.java:1136)
	at java.base/java.util.concurrent.ThreadPoolExecutor$Worker.run(ThreadPoolExecutor.java:635)
	at java.base/java.lang.Thread.run(Thread.java:840)
	at org.jboss.threads@2.4.0.Final//org.jboss.threads.JBossThread.run(JBossThread.java:513)

[0m[0m11:35:09,702 INFO  [org.jboss.weld.Bootstrap] (Weld Thread Pool -- 9) WELD-000119: Not generating any bean definitions from com.vertek.corporate.qto.authentication.QTOShiroFilter because of underlying class loading error: Type Failed to link com.vertek.corporate.qto.authentication.QTOShiroFilter (Module "deployment.qto.war" from Service Module Loader): Failed to link org.apache.shiro.web.servlet.ShiroFilter (Module "deployment.qto.war" from Service Module Loader): Failed to link org.apache.shiro.web.servlet.AbstractShiroFilter (Module "deployment.qto.war" from Service Module Loader): Failed to link org.apache.shiro.web.servlet.OncePerRequestFilter (Module "deployment.qto.war" from Service Module Loader): Failed to link org.apache.shiro.web.servlet.NameableFilter (Module "deployment.qto.war" from Service Module Loader): Failed to link org.apache.shiro.web.servlet.AbstractFilter (Module "deployment.qto.war" from Service Module Loader): javax.servlet.Filter not found.  If this is unexpected, enable DEBUG logging to see the full error.
[0m[33m11:35:09,802 WARN  [org.jboss.modules.define] (MSC service thread 1-3) Failed to define class org.apache.shiro.web.servlet.AbstractFilter in Module "deployment.qto.war" from Service Module Loader: java.lang.NoClassDefFoundError: Failed to link org/apache/shiro/web/servlet/AbstractFilter (Module "deployment.qto.war" from Service Module Loader): javax/servlet/Filter
	at java.base/java.lang.ClassLoader.defineClass1(Native Method)
	at java.base/java.lang.ClassLoader.defineClass(ClassLoader.java:1017)
	at java.base/java.lang.ClassLoader.defineClass(ClassLoader.java:1095)
	at org.jboss.modules.ModuleClassLoader.doDefineOrLoadClass(ModuleClassLoader.java:351)
	at org.jboss.modules.ModuleClassLoader.defineClass(ModuleClassLoader.java:482)
	at org.jboss.modules.ModuleClassLoader.loadClassLocal(ModuleClassLoader.java:276)
	at org.jboss.modules.ModuleClassLoader$1.loadClassLocal(ModuleClassLoader.java:79)
	at org.jboss.modules.Module.loadModuleClass(Module.java:765)
	at org.jboss.modules.ModuleClassLoader.findClass(ModuleClassLoader.java:192)
	at org.jboss.modules.ConcurrentClassLoader.performLoadClassUnchecked(ConcurrentClassLoader.java:410)
	at org.jboss.modules.ConcurrentClassLoader.performLoadClass(ConcurrentClassLoader.java:398)
	at org.jboss.modules.ConcurrentClassLoader.loadClass(ConcurrentClassLoader.java:116)
	at java.base/java.lang.ClassLoader.defineClass1(Native Method)
	at java.base/java.lang.ClassLoader.defineClass(ClassLoader.java:1017)
	at java.base/java.lang.ClassLoader.defineClass(ClassLoader.java:1095)
	at org.jboss.modules.ModuleClassLoader.doDefineOrLoadClass(ModuleClassLoader.java:351)
	at org.jboss.modules.ModuleClassLoader.defineClass(ModuleClassLoader.java:482)
	at org.jboss.modules.ModuleClassLoader.loadClassLocal(ModuleClassLoader.java:276)
	at org.jboss.modules.ModuleClassLoader$1.loadClassLocal(ModuleClassLoader.java:79)
	at org.jboss.modules.Module.loadModuleClass(Module.java:765)
	at org.jboss.modules.ModuleClassLoader.findClass(ModuleClassLoader.java:192)
	at org.jboss.modules.ConcurrentClassLoader.performLoadClassUnchecked(ConcurrentClassLoader.java:410)
	at org.jboss.modules.ConcurrentClassLoader.performLoadClass(ConcurrentClassLoader.java:398)
	at org.jboss.modules.ConcurrentClassLoader.loadClass(ConcurrentClassLoader.java:116)
	at java.base/java.lang.ClassLoader.defineClass1(Native Method)
	at java.base/java.lang.ClassLoader.defineClass(ClassLoader.java:1017)
	at java.base/java.lang.ClassLoader.defineClass(ClassLoader.java:1095)
	at org.jboss.modules.ModuleClassLoader.doDefineOrLoadClass(ModuleClassLoader.java:351)
	at org.jboss.modules.ModuleClassLoader.defineClass(ModuleClassLoader.java:482)
	at org.jboss.modules.ModuleClassLoader.loadClassLocal(ModuleClassLoader.java:276)
	at org.jboss.modules.ModuleClassLoader$1.loadClassLocal(ModuleClassLoader.java:79)
	at org.jboss.modules.Module.loadModuleClass(Module.java:765)
	at org.jboss.modules.ModuleClassLoader.findClass(ModuleClassLoader.java:192)
	at org.jboss.modules.ConcurrentClassLoader.performLoadClassUnchecked(ConcurrentClassLoader.java:410)
	at org.jboss.modules.ConcurrentClassLoader.performLoadClass(ConcurrentClassLoader.java:398)
	at org.jboss.modules.ConcurrentClassLoader.loadClass(ConcurrentClassLoader.java:116)
	at java.base/java.lang.ClassLoader.defineClass1(Native Method)
	at java.base/java.lang.ClassLoader.defineClass(ClassLoader.java:1017)
	at java.base/java.lang.ClassLoader.defineClass(ClassLoader.java:1095)
	at org.jboss.modules.ModuleClassLoader.doDefineOrLoadClass(ModuleClassLoader.java:351)
	at org.jboss.modules.ModuleClassLoader.defineClass(ModuleClassLoader.java:482)
	at org.jboss.modules.ModuleClassLoader.loadClassLocal(ModuleClassLoader.java:276)
	at org.jboss.modules.ModuleClassLoader$1.loadClassLocal(ModuleClassLoader.java:79)
	at org.jboss.modules.Module.loadModuleClass(Module.java:765)
	at org.jboss.modules.ModuleClassLoader.findClass(ModuleClassLoader.java:192)
	at org.jboss.modules.ConcurrentClassLoader.performLoadClassUnchecked(ConcurrentClassLoader.java:410)
	at org.jboss.modules.ConcurrentClassLoader.performLoadClass(ConcurrentClassLoader.java:398)
	at org.jboss.modules.ConcurrentClassLoader.loadClass(ConcurrentClassLoader.java:116)
	at java.base/java.lang.ClassLoader.defineClass1(Native Method)
	at java.base/java.lang.ClassLoader.defineClass(ClassLoader.java:1017)
	at java.base/java.lang.ClassLoader.defineClass(ClassLoader.java:1095)
	at org.jboss.modules.ModuleClassLoader.doDefineOrLoadClass(ModuleClassLoader.java:351)
	at org.jboss.modules.ModuleClassLoader.defineClass(ModuleClassLoader.java:482)
	at org.jboss.modules.ModuleClassLoader.loadClassLocal(ModuleClassLoader.java:276)
	at org.jboss.modules.ModuleClassLoader$1.loadClassLocal(ModuleClassLoader.java:79)
	at org.jboss.modules.Module.loadModuleClass(Module.java:765)
	at org.jboss.modules.ModuleClassLoader.findClass(ModuleClassLoader.java:192)
	at org.jboss.modules.ConcurrentClassLoader.performLoadClassUnchecked(ConcurrentClassLoader.java:410)
	at org.jboss.modules.ConcurrentClassLoader.performLoadClass(ConcurrentClassLoader.java:398)
	at org.jboss.modules.ConcurrentClassLoader.loadClass(ConcurrentClassLoader.java:116)
	at java.base/java.lang.ClassLoader.defineClass1(Native Method)
	at java.base/java.lang.ClassLoader.defineClass(ClassLoader.java:1017)
	at java.base/java.lang.ClassLoader.defineClass(ClassLoader.java:1095)
	at org.jboss.modules.ModuleClassLoader.doDefineOrLoadClass(ModuleClassLoader.java:351)
	at org.jboss.modules.ModuleClassLoader.defineClass(ModuleClassLoader.java:482)
	at org.jboss.modules.ModuleClassLoader.loadClassLocal(ModuleClassLoader.java:276)
	at org.jboss.modules.ModuleClassLoader$1.loadClassLocal(ModuleClassLoader.java:79)
	at org.jboss.modules.Module.loadModuleClass(Module.java:765)
	at org.jboss.modules.ModuleClassLoader.findClass(ModuleClassLoader.java:192)
	at org.jboss.modules.ConcurrentClassLoader.performLoadClassUnchecked(ConcurrentClassLoader.java:410)
	at org.jboss.modules.ConcurrentClassLoader.performLoadClass(ConcurrentClassLoader.java:398)
	at org.jboss.modules.ConcurrentClassLoader.loadClass(ConcurrentClassLoader.java:116)
	at org.wildfly.extension.undertow@27.0.1.Final//org.wildfly.extension.undertow.deployment.UndertowDeploymentInfoService.createServletConfig(UndertowDeploymentInfoService.java:744)
	at org.wildfly.extension.undertow@27.0.1.Final//org.wildfly.extension.undertow.deployment.UndertowDeploymentInfoService.start(UndertowDeploymentInfoService.java:288)
	at org.jboss.msc@1.4.13.Final//org.jboss.msc.service.ServiceControllerImpl$StartTask.startService(ServiceControllerImpl.java:1739)
	at org.jboss.msc@1.4.13.Final//org.jboss.msc.service.ServiceControllerImpl$StartTask.execute(ServiceControllerImpl.java:1701)
	at org.jboss.msc@1.4.13.Final//org.jboss.msc.service.ServiceControllerImpl$ControllerTask.run(ServiceControllerImpl.java:1559)
	at org.jboss.threads@2.4.0.Final//org.jboss.threads.ContextClassLoaderSavingRunnable.run(ContextClassLoaderSavingRunnable.java:35)
	at org.jboss.threads@2.4.0.Final//org.jboss.threads.EnhancedQueueExecutor.safeRun(EnhancedQueueExecutor.java:1990)
	at org.jboss.threads@2.4.0.Final//org.jboss.threads.EnhancedQueueExecutor$ThreadBody.doRunTask(EnhancedQueueExecutor.java:1486)
	at org.jboss.threads@2.4.0.Final//org.jboss.threads.EnhancedQueueExecutor$ThreadBody.run(EnhancedQueueExecutor.java:1377)
	at java.base/java.lang.Thread.run(Thread.java:840)

[0m[33m11:35:09,802 WARN  [org.jboss.modules.define] (MSC service thread 1-3) Failed to define class org.apache.shiro.web.servlet.NameableFilter in Module "deployment.qto.war" from Service Module Loader: java.lang.NoClassDefFoundError: Failed to link org/apache/shiro/web/servlet/NameableFilter (Module "deployment.qto.war" from Service Module Loader): Failed to link org/apache/shiro/web/servlet/AbstractFilter (Module "deployment.qto.war" from Service Module Loader): javax/servlet/Filter
	at java.base/java.lang.ClassLoader.defineClass1(Native Method)
	at java.base/java.lang.ClassLoader.defineClass(ClassLoader.java:1017)
	at java.base/java.lang.ClassLoader.defineClass(ClassLoader.java:1095)
	at org.jboss.modules.ModuleClassLoader.doDefineOrLoadClass(ModuleClassLoader.java:351)
	at org.jboss.modules.ModuleClassLoader.defineClass(ModuleClassLoader.java:482)
	at org.jboss.modules.ModuleClassLoader.loadClassLocal(ModuleClassLoader.java:276)
	at org.jboss.modules.ModuleClassLoader$1.loadClassLocal(ModuleClassLoader.java:79)
	at org.jboss.modules.Module.loadModuleClass(Module.java:765)
	at org.jboss.modules.ModuleClassLoader.findClass(ModuleClassLoader.java:192)
	at org.jboss.modules.ConcurrentClassLoader.performLoadClassUnchecked(ConcurrentClassLoader.java:410)
	at org.jboss.modules.ConcurrentClassLoader.performLoadClass(ConcurrentClassLoader.java:398)
	at org.jboss.modules.ConcurrentClassLoader.loadClass(ConcurrentClassLoader.java:116)
	at java.base/java.lang.ClassLoader.defineClass1(Native Method)
	at java.base/java.lang.ClassLoader.defineClass(ClassLoader.java:1017)
	at java.base/java.lang.ClassLoader.defineClass(ClassLoader.java:1095)
	at org.jboss.modules.ModuleClassLoader.doDefineOrLoadClass(ModuleClassLoader.java:351)
	at org.jboss.modules.ModuleClassLoader.defineClass(ModuleClassLoader.java:482)
	at org.jboss.modules.ModuleClassLoader.loadClassLocal(ModuleClassLoader.java:276)
	at org.jboss.modules.ModuleClassLoader$1.loadClassLocal(ModuleClassLoader.java:79)
	at org.jboss.modules.Module.loadModuleClass(Module.java:765)
	at org.jboss.modules.ModuleClassLoader.findClass(ModuleClassLoader.java:192)
	at org.jboss.modules.ConcurrentClassLoader.performLoadClassUnchecked(ConcurrentClassLoader.java:410)
	at org.jboss.modules.ConcurrentClassLoader.performLoadClass(ConcurrentClassLoader.java:398)
	at org.jboss.modules.ConcurrentClassLoader.loadClass(ConcurrentClassLoader.java:116)
	at java.base/java.lang.ClassLoader.defineClass1(Native Method)
	at java.base/java.lang.ClassLoader.defineClass(ClassLoader.java:1017)
	at java.base/java.lang.ClassLoader.defineClass(ClassLoader.java:1095)
	at org.jboss.modules.ModuleClassLoader.doDefineOrLoadClass(ModuleClassLoader.java:351)
	at org.jboss.modules.ModuleClassLoader.defineClass(ModuleClassLoader.java:482)
	at org.jboss.modules.ModuleClassLoader.loadClassLocal(ModuleClassLoader.java:276)
	at org.jboss.modules.ModuleClassLoader$1.loadClassLocal(ModuleClassLoader.java:79)
	at org.jboss.modules.Module.loadModuleClass(Module.java:765)
	at org.jboss.modules.ModuleClassLoader.findClass(ModuleClassLoader.java:192)
	at org.jboss.modules.ConcurrentClassLoader.performLoadClassUnchecked(ConcurrentClassLoader.java:410)
	at org.jboss.modules.ConcurrentClassLoader.performLoadClass(ConcurrentClassLoader.java:398)
	at org.jboss.modules.ConcurrentClassLoader.loadClass(ConcurrentClassLoader.java:116)
	at java.base/java.lang.ClassLoader.defineClass1(Native Method)
	at java.base/java.lang.ClassLoader.defineClass(ClassLoader.java:1017)
	at java.base/java.lang.ClassLoader.defineClass(ClassLoader.java:1095)
	at org.jboss.modules.ModuleClassLoader.doDefineOrLoadClass(ModuleClassLoader.java:351)
	at org.jboss.modules.ModuleClassLoader.defineClass(ModuleClassLoader.java:482)
	at org.jboss.modules.ModuleClassLoader.loadClassLocal(ModuleClassLoader.java:276)
	at org.jboss.modules.ModuleClassLoader$1.loadClassLocal(ModuleClassLoader.java:79)
	at org.jboss.modules.Module.loadModuleClass(Module.java:765)
	at org.jboss.modules.ModuleClassLoader.findClass(ModuleClassLoader.java:192)
	at org.jboss.modules.ConcurrentClassLoader.performLoadClassUnchecked(ConcurrentClassLoader.java:410)
	at org.jboss.modules.ConcurrentClassLoader.performLoadClass(ConcurrentClassLoader.java:398)
	at org.jboss.modules.ConcurrentClassLoader.loadClass(ConcurrentClassLoader.java:116)
	at java.base/java.lang.ClassLoader.defineClass1(Native Method)
	at java.base/java.lang.ClassLoader.defineClass(ClassLoader.java:1017)
	at java.base/java.lang.ClassLoader.defineClass(ClassLoader.java:1095)
	at org.jboss.modules.ModuleClassLoader.doDefineOrLoadClass(ModuleClassLoader.java:351)
	at org.jboss.modules.ModuleClassLoader.defineClass(ModuleClassLoader.java:482)
	at org.jboss.modules.ModuleClassLoader.loadClassLocal(ModuleClassLoader.java:276)
	at org.jboss.modules.ModuleClassLoader$1.loadClassLocal(ModuleClassLoader.java:79)
	at org.jboss.modules.Module.loadModuleClass(Module.java:765)
	at org.jboss.modules.ModuleClassLoader.findClass(ModuleClassLoader.java:192)
	at org.jboss.modules.ConcurrentClassLoader.performLoadClassUnchecked(ConcurrentClassLoader.java:410)
	at org.jboss.modules.ConcurrentClassLoader.performLoadClass(ConcurrentClassLoader.java:398)
	at org.jboss.modules.ConcurrentClassLoader.loadClass(ConcurrentClassLoader.java:116)
	at java.base/java.lang.ClassLoader.defineClass1(Native Method)
	at java.base/java.lang.ClassLoader.defineClass(ClassLoader.java:1017)
	at java.base/java.lang.ClassLoader.defineClass(ClassLoader.java:1095)
	at org.jboss.modules.ModuleClassLoader.doDefineOrLoadClass(ModuleClassLoader.java:351)
	at org.jboss.modules.ModuleClassLoader.defineClass(ModuleClassLoader.java:482)
	at org.jboss.modules.ModuleClassLoader.loadClassLocal(ModuleClassLoader.java:276)
	at org.jboss.modules.ModuleClassLoader$1.loadClassLocal(ModuleClassLoader.java:79)
	at org.jboss.modules.Module.loadModuleClass(Module.java:765)
	at org.jboss.modules.ModuleClassLoader.findClass(ModuleClassLoader.java:192)
	at org.jboss.modules.ConcurrentClassLoader.performLoadClassUnchecked(ConcurrentClassLoader.java:410)
	at org.jboss.modules.ConcurrentClassLoader.performLoadClass(ConcurrentClassLoader.java:398)
	at org.jboss.modules.ConcurrentClassLoader.loadClass(ConcurrentClassLoader.java:116)
	at org.wildfly.extension.undertow@27.0.1.Final//org.wildfly.extension.undertow.deployment.UndertowDeploymentInfoService.createServletConfig(UndertowDeploymentInfoService.java:744)
	at org.wildfly.extension.undertow@27.0.1.Final//org.wildfly.extension.undertow.deployment.UndertowDeploymentInfoService.start(UndertowDeploymentInfoService.java:288)
	at org.jboss.msc@1.4.13.Final//org.jboss.msc.service.ServiceControllerImpl$StartTask.startService(ServiceControllerImpl.java:1739)
	at org.jboss.msc@1.4.13.Final//org.jboss.msc.service.ServiceControllerImpl$StartTask.execute(ServiceControllerImpl.java:1701)
	at org.jboss.msc@1.4.13.Final//org.jboss.msc.service.ServiceControllerImpl$ControllerTask.run(ServiceControllerImpl.java:1559)
	at org.jboss.threads@2.4.0.Final//org.jboss.threads.ContextClassLoaderSavingRunnable.run(ContextClassLoaderSavingRunnable.java:35)
	at org.jboss.threads@2.4.0.Final//org.jboss.threads.EnhancedQueueExecutor.safeRun(EnhancedQueueExecutor.java:1990)
	at org.jboss.threads@2.4.0.Final//org.jboss.threads.EnhancedQueueExecutor$ThreadBody.doRunTask(EnhancedQueueExecutor.java:1486)
	at org.jboss.threads@2.4.0.Final//org.jboss.threads.EnhancedQueueExecutor$ThreadBody.run(EnhancedQueueExecutor.java:1377)
	at java.base/java.lang.Thread.run(Thread.java:840)

[0m[33m11:35:09,802 WARN  [org.jboss.modules.define] (MSC service thread 1-3) Failed to define class org.apache.shiro.web.servlet.OncePerRequestFilter in Module "deployment.qto.war" from Service Module Loader: java.lang.NoClassDefFoundError: Failed to link org/apache/shiro/web/servlet/OncePerRequestFilter (Module "deployment.qto.war" from Service Module Loader): Failed to link org/apache/shiro/web/servlet/NameableFilter (Module "deployment.qto.war" from Service Module Loader): Failed to link org/apache/shiro/web/servlet/AbstractFilter (Module "deployment.qto.war" from Service Module Loader): javax/servlet/Filter
	at java.base/java.lang.ClassLoader.defineClass1(Native Method)
	at java.base/java.lang.ClassLoader.defineClass(ClassLoader.java:1017)
	at java.base/java.lang.ClassLoader.defineClass(ClassLoader.java:1095)
	at org.jboss.modules.ModuleClassLoader.doDefineOrLoadClass(ModuleClassLoader.java:351)
	at org.jboss.modules.ModuleClassLoader.defineClass(ModuleClassLoader.java:482)
	at org.jboss.modules.ModuleClassLoader.loadClassLocal(ModuleClassLoader.java:276)
	at org.jboss.modules.ModuleClassLoader$1.loadClassLocal(ModuleClassLoader.java:79)
	at org.jboss.modules.Module.loadModuleClass(Module.java:765)
	at org.jboss.modules.ModuleClassLoader.findClass(ModuleClassLoader.java:192)
	at org.jboss.modules.ConcurrentClassLoader.performLoadClassUnchecked(ConcurrentClassLoader.java:410)
	at org.jboss.modules.ConcurrentClassLoader.performLoadClass(ConcurrentClassLoader.java:398)
	at org.jboss.modules.ConcurrentClassLoader.loadClass(ConcurrentClassLoader.java:116)
	at java.base/java.lang.ClassLoader.defineClass1(Native Method)
	at java.base/java.lang.ClassLoader.defineClass(ClassLoader.java:1017)
	at java.base/java.lang.ClassLoader.defineClass(ClassLoader.java:1095)
	at org.jboss.modules.ModuleClassLoader.doDefineOrLoadClass(ModuleClassLoader.java:351)
	at org.jboss.modules.ModuleClassLoader.defineClass(ModuleClassLoader.java:482)
	at org.jboss.modules.ModuleClassLoader.loadClassLocal(ModuleClassLoader.java:276)
	at org.jboss.modules.ModuleClassLoader$1.loadClassLocal(ModuleClassLoader.java:79)
	at org.jboss.modules.Module.loadModuleClass(Module.java:765)
	at org.jboss.modules.ModuleClassLoader.findClass(ModuleClassLoader.java:192)
	at org.jboss.modules.ConcurrentClassLoader.performLoadClassUnchecked(ConcurrentClassLoader.java:410)
	at org.jboss.modules.ConcurrentClassLoader.performLoadClass(ConcurrentClassLoader.java:398)
	at org.jboss.modules.ConcurrentClassLoader.loadClass(ConcurrentClassLoader.java:116)
	at java.base/java.lang.ClassLoader.defineClass1(Native Method)
	at java.base/java.lang.ClassLoader.defineClass(ClassLoader.java:1017)
	at java.base/java.lang.ClassLoader.defineClass(ClassLoader.java:1095)
	at org.jboss.modules.ModuleClassLoader.doDefineOrLoadClass(ModuleClassLoader.java:351)
	at org.jboss.modules.ModuleClassLoader.defineClass(ModuleClassLoader.java:482)
	at org.jboss.modules.ModuleClassLoader.loadClassLocal(ModuleClassLoader.java:276)
	at org.jboss.modules.ModuleClassLoader$1.loadClassLocal(ModuleClassLoader.java:79)
	at org.jboss.modules.Module.loadModuleClass(Module.java:765)
	at org.jboss.modules.ModuleClassLoader.findClass(ModuleClassLoader.java:192)
	at org.jboss.modules.ConcurrentClassLoader.performLoadClassUnchecked(ConcurrentClassLoader.java:410)
	at org.jboss.modules.ConcurrentClassLoader.performLoadClass(ConcurrentClassLoader.java:398)
	at org.jboss.modules.ConcurrentClassLoader.loadClass(ConcurrentClassLoader.java:116)
	at java.base/java.lang.ClassLoader.defineClass1(Native Method)
	at java.base/java.lang.ClassLoader.defineClass(ClassLoader.java:1017)
	at java.base/java.lang.ClassLoader.defineClass(ClassLoader.java:1095)
	at org.jboss.modules.ModuleClassLoader.doDefineOrLoadClass(ModuleClassLoader.java:351)
	at org.jboss.modules.ModuleClassLoader.defineClass(ModuleClassLoader.java:482)
	at org.jboss.modules.ModuleClassLoader.loadClassLocal(ModuleClassLoader.java:276)
	at org.jboss.modules.ModuleClassLoader$1.loadClassLocal(ModuleClassLoader.java:79)
	at org.jboss.modules.Module.loadModuleClass(Module.java:765)
	at org.jboss.modules.ModuleClassLoader.findClass(ModuleClassLoader.java:192)
	at org.jboss.modules.ConcurrentClassLoader.performLoadClassUnchecked(ConcurrentClassLoader.java:410)
	at org.jboss.modules.ConcurrentClassLoader.performLoadClass(ConcurrentClassLoader.java:398)
	at org.jboss.modules.ConcurrentClassLoader.loadClass(ConcurrentClassLoader.java:116)
	at java.base/java.lang.ClassLoader.defineClass1(Native Method)
	at java.base/java.lang.ClassLoader.defineClass(ClassLoader.java:1017)
	at java.base/java.lang.ClassLoader.defineClass(ClassLoader.java:1095)
	at org.jboss.modules.ModuleClassLoader.doDefineOrLoadClass(ModuleClassLoader.java:351)
	at org.jboss.modules.ModuleClassLoader.defineClass(ModuleClassLoader.java:482)
	at org.jboss.modules.ModuleClassLoader.loadClassLocal(ModuleClassLoader.java:276)
	at org.jboss.modules.ModuleClassLoader$1.loadClassLocal(ModuleClassLoader.java:79)
	at org.jboss.modules.Module.loadModuleClass(Module.java:765)
	at org.jboss.modules.ModuleClassLoader.findClass(ModuleClassLoader.java:192)
	at org.jboss.modules.ConcurrentClassLoader.performLoadClassUnchecked(ConcurrentClassLoader.java:410)
	at org.jboss.modules.ConcurrentClassLoader.performLoadClass(ConcurrentClassLoader.java:398)
	at org.jboss.modules.ConcurrentClassLoader.loadClass(ConcurrentClassLoader.java:116)
	at java.base/java.lang.ClassLoader.defineClass1(Native Method)
	at java.base/java.lang.ClassLoader.defineClass(ClassLoader.java:1017)
	at java.base/java.lang.ClassLoader.defineClass(ClassLoader.java:1095)
	at org.jboss.modules.ModuleClassLoader.doDefineOrLoadClass(ModuleClassLoader.java:351)
	at org.jboss.modules.ModuleClassLoader.defineClass(ModuleClassLoader.java:482)
	at org.jboss.modules.ModuleClassLoader.loadClassLocal(ModuleClassLoader.java:276)
	at org.jboss.modules.ModuleClassLoader$1.loadClassLocal(ModuleClassLoader.java:79)
	at org.jboss.modules.Module.loadModuleClass(Module.java:765)
	at org.jboss.modules.ModuleClassLoader.findClass(ModuleClassLoader.java:192)
	at org.jboss.modules.ConcurrentClassLoader.performLoadClassUnchecked(ConcurrentClassLoader.java:410)
	at org.jboss.modules.ConcurrentClassLoader.performLoadClass(ConcurrentClassLoader.java:398)
	at org.jboss.modules.ConcurrentClassLoader.loadClass(ConcurrentClassLoader.java:116)
	at org.wildfly.extension.undertow@27.0.1.Final//org.wildfly.extension.undertow.deployment.UndertowDeploymentInfoService.createServletConfig(UndertowDeploymentInfoService.java:744)
	at org.wildfly.extension.undertow@27.0.1.Final//org.wildfly.extension.undertow.deployment.UndertowDeploymentInfoService.start(UndertowDeploymentInfoService.java:288)
	at org.jboss.msc@1.4.13.Final//org.jboss.msc.service.ServiceControllerImpl$StartTask.startService(ServiceControllerImpl.java:1739)
	at org.jboss.msc@1.4.13.Final//org.jboss.msc.service.ServiceControllerImpl$StartTask.execute(ServiceControllerImpl.java:1701)
	at org.jboss.msc@1.4.13.Final//org.jboss.msc.service.ServiceControllerImpl$ControllerTask.run(ServiceControllerImpl.java:1559)
	at org.jboss.threads@2.4.0.Final//org.jboss.threads.ContextClassLoaderSavingRunnable.run(ContextClassLoaderSavingRunnable.java:35)
	at org.jboss.threads@2.4.0.Final//org.jboss.threads.EnhancedQueueExecutor.safeRun(EnhancedQueueExecutor.java:1990)
	at org.jboss.threads@2.4.0.Final//org.jboss.threads.EnhancedQueueExecutor$ThreadBody.doRunTask(EnhancedQueueExecutor.java:1486)
	at org.jboss.threads@2.4.0.Final//org.jboss.threads.EnhancedQueueExecutor$ThreadBody.run(EnhancedQueueExecutor.java:1377)
	at java.base/java.lang.Thread.run(Thread.java:840)

[0m[33m11:35:09,802 WARN  [org.jboss.modules.define] (MSC service thread 1-3) Failed to define class org.apache.shiro.web.servlet.AbstractShiroFilter in Module "deployment.qto.war" from Service Module Loader: java.lang.NoClassDefFoundError: Failed to link org/apache/shiro/web/servlet/AbstractShiroFilter (Module "deployment.qto.war" from Service Module Loader): Failed to link org/apache/shiro/web/servlet/OncePerRequestFilter (Module "deployment.qto.war" from Service Module Loader): Failed to link org/apache/shiro/web/servlet/NameableFilter (Module "deployment.qto.war" from Service Module Loader): Failed to link org/apache/shiro/web/servlet/AbstractFilter (Module "deployment.qto.war" from Service Module Loader): javax/servlet/Filter
	at java.base/java.lang.ClassLoader.defineClass1(Native Method)
	at java.base/java.lang.ClassLoader.defineClass(ClassLoader.java:1017)
	at java.base/java.lang.ClassLoader.defineClass(ClassLoader.java:1095)
	at org.jboss.modules.ModuleClassLoader.doDefineOrLoadClass(ModuleClassLoader.java:351)
	at org.jboss.modules.ModuleClassLoader.defineClass(ModuleClassLoader.java:482)
	at org.jboss.modules.ModuleClassLoader.loadClassLocal(ModuleClassLoader.java:276)
	at org.jboss.modules.ModuleClassLoader$1.loadClassLocal(ModuleClassLoader.java:79)
	at org.jboss.modules.Module.loadModuleClass(Module.java:765)
	at org.jboss.modules.ModuleClassLoader.findClass(ModuleClassLoader.java:192)
	at org.jboss.modules.ConcurrentClassLoader.performLoadClassUnchecked(ConcurrentClassLoader.java:410)
	at org.jboss.modules.ConcurrentClassLoader.performLoadClass(ConcurrentClassLoader.java:398)
	at org.jboss.modules.ConcurrentClassLoader.loadClass(ConcurrentClassLoader.java:116)
	at java.base/java.lang.ClassLoader.defineClass1(Native Method)
	at java.base/java.lang.ClassLoader.defineClass(ClassLoader.java:1017)
	at java.base/java.lang.ClassLoader.defineClass(ClassLoader.java:1095)
	at org.jboss.modules.ModuleClassLoader.doDefineOrLoadClass(ModuleClassLoader.java:351)
	at org.jboss.modules.ModuleClassLoader.defineClass(ModuleClassLoader.java:482)
	at org.jboss.modules.ModuleClassLoader.loadClassLocal(ModuleClassLoader.java:276)
	at org.jboss.modules.ModuleClassLoader$1.loadClassLocal(ModuleClassLoader.java:79)
	at org.jboss.modules.Module.loadModuleClass(Module.java:765)
	at org.jboss.modules.ModuleClassLoader.findClass(ModuleClassLoader.java:192)
	at org.jboss.modules.ConcurrentClassLoader.performLoadClassUnchecked(ConcurrentClassLoader.java:410)
	at org.jboss.modules.ConcurrentClassLoader.performLoadClass(ConcurrentClassLoader.java:398)
	at org.jboss.modules.ConcurrentClassLoader.loadClass(ConcurrentClassLoader.java:116)
	at java.base/java.lang.ClassLoader.defineClass1(Native Method)
	at java.base/java.lang.ClassLoader.defineClass(ClassLoader.java:1017)
	at java.base/java.lang.ClassLoader.defineClass(ClassLoader.java:1095)
	at org.jboss.modules.ModuleClassLoader.doDefineOrLoadClass(ModuleClassLoader.java:351)
	at org.jboss.modules.ModuleClassLoader.defineClass(ModuleClassLoader.java:482)
	at org.jboss.modules.ModuleClassLoader.loadClassLocal(ModuleClassLoader.java:276)
	at org.jboss.modules.ModuleClassLoader$1.loadClassLocal(ModuleClassLoader.java:79)
	at org.jboss.modules.Module.loadModuleClass(Module.java:765)
	at org.jboss.modules.ModuleClassLoader.findClass(ModuleClassLoader.java:192)
	at org.jboss.modules.ConcurrentClassLoader.performLoadClassUnchecked(ConcurrentClassLoader.java:410)
	at org.jboss.modules.ConcurrentClassLoader.performLoadClass(ConcurrentClassLoader.java:398)
	at org.jboss.modules.ConcurrentClassLoader.loadClass(ConcurrentClassLoader.java:116)
	at java.base/java.lang.ClassLoader.defineClass1(Native Method)
	at java.base/java.lang.ClassLoader.defineClass(ClassLoader.java:1017)
	at java.base/java.lang.ClassLoader.defineClass(ClassLoader.java:1095)
	at org.jboss.modules.ModuleClassLoader.doDefineOrLoadClass(ModuleClassLoader.java:351)
	at org.jboss.modules.ModuleClassLoader.defineClass(ModuleClassLoader.java:482)
	at org.jboss.modules.ModuleClassLoader.loadClassLocal(ModuleClassLoader.java:276)
	at org.jboss.modules.ModuleClassLoader$1.loadClassLocal(ModuleClassLoader.java:79)
	at org.jboss.modules.Module.loadModuleClass(Module.java:765)
	at org.jboss.modules.ModuleClassLoader.findClass(ModuleClassLoader.java:192)
	at org.jboss.modules.ConcurrentClassLoader.performLoadClassUnchecked(ConcurrentClassLoader.java:410)
	at org.jboss.modules.ConcurrentClassLoader.performLoadClass(ConcurrentClassLoader.java:398)
	at org.jboss.modules.ConcurrentClassLoader.loadClass(ConcurrentClassLoader.java:116)
	at java.base/java.lang.ClassLoader.defineClass1(Native Method)
	at java.base/java.lang.ClassLoader.defineClass(ClassLoader.java:1017)
	at java.base/java.lang.ClassLoader.defineClass(ClassLoader.java:1095)
	at org.jboss.modules.ModuleClassLoader.doDefineOrLoadClass(ModuleClassLoader.java:351)
	at org.jboss.modules.ModuleClassLoader.defineClass(ModuleClassLoader.java:482)
	at org.jboss.modules.ModuleClassLoader.loadClassLocal(ModuleClassLoader.java:276)
	at org.jboss.modules.ModuleClassLoader$1.loadClassLocal(ModuleClassLoader.java:79)
	at org.jboss.modules.Module.loadModuleClass(Module.java:765)
	at org.jboss.modules.ModuleClassLoader.findClass(ModuleClassLoader.java:192)
	at org.jboss.modules.ConcurrentClassLoader.performLoadClassUnchecked(ConcurrentClassLoader.java:410)
	at org.jboss.modules.ConcurrentClassLoader.performLoadClass(ConcurrentClassLoader.java:398)
	at org.jboss.modules.ConcurrentClassLoader.loadClass(ConcurrentClassLoader.java:116)
	at java.base/java.lang.ClassLoader.defineClass1(Native Method)
	at java.base/java.lang.ClassLoader.defineClass(ClassLoader.java:1017)
	at java.base/java.lang.ClassLoader.defineClass(ClassLoader.java:1095)
	at org.jboss.modules.ModuleClassLoader.doDefineOrLoadClass(ModuleClassLoader.java:351)
	at org.jboss.modules.ModuleClassLoader.defineClass(ModuleClassLoader.java:482)
	at org.jboss.modules.ModuleClassLoader.loadClassLocal(ModuleClassLoader.java:276)
	at org.jboss.modules.ModuleClassLoader$1.loadClassLocal(ModuleClassLoader.java:79)
	at org.jboss.modules.Module.loadModuleClass(Module.java:765)
	at org.jboss.modules.ModuleClassLoader.findClass(ModuleClassLoader.java:192)
	at org.jboss.modules.ConcurrentClassLoader.performLoadClassUnchecked(ConcurrentClassLoader.java:410)
	at org.jboss.modules.ConcurrentClassLoader.performLoadClass(ConcurrentClassLoader.java:398)
	at org.jboss.modules.ConcurrentClassLoader.loadClass(ConcurrentClassLoader.java:116)
	at org.wildfly.extension.undertow@27.0.1.Final//org.wildfly.extension.undertow.deployment.UndertowDeploymentInfoService.createServletConfig(UndertowDeploymentInfoService.java:744)
	at org.wildfly.extension.undertow@27.0.1.Final//org.wildfly.extension.undertow.deployment.UndertowDeploymentInfoService.start(UndertowDeploymentInfoService.java:288)
	at org.jboss.msc@1.4.13.Final//org.jboss.msc.service.ServiceControllerImpl$StartTask.startService(ServiceControllerImpl.java:1739)
	at org.jboss.msc@1.4.13.Final//org.jboss.msc.service.ServiceControllerImpl$StartTask.execute(ServiceControllerImpl.java:1701)
	at org.jboss.msc@1.4.13.Final//org.jboss.msc.service.ServiceControllerImpl$ControllerTask.run(ServiceControllerImpl.java:1559)
	at org.jboss.threads@2.4.0.Final//org.jboss.threads.ContextClassLoaderSavingRunnable.run(ContextClassLoaderSavingRunnable.java:35)
	at org.jboss.threads@2.4.0.Final//org.jboss.threads.EnhancedQueueExecutor.safeRun(EnhancedQueueExecutor.java:1990)
	at org.jboss.threads@2.4.0.Final//org.jboss.threads.EnhancedQueueExecutor$ThreadBody.doRunTask(EnhancedQueueExecutor.java:1486)
	at org.jboss.threads@2.4.0.Final//org.jboss.threads.EnhancedQueueExecutor$ThreadBody.run(EnhancedQueueExecutor.java:1377)
	at java.base/java.lang.Thread.run(Thread.java:840)

[0m[33m11:35:09,802 WARN  [org.jboss.modules.define] (MSC service thread 1-3) Failed to define class org.apache.shiro.web.servlet.ShiroFilter in Module "deployment.qto.war" from Service Module Loader: java.lang.NoClassDefFoundError: Failed to link org/apache/shiro/web/servlet/ShiroFilter (Module "deployment.qto.war" from Service Module Loader): Failed to link org/apache/shiro/web/servlet/AbstractShiroFilter (Module "deployment.qto.war" from Service Module Loader): Failed to link org/apache/shiro/web/servlet/OncePerRequestFilter (Module "deployment.qto.war" from Service Module Loader): Failed to link org/apache/shiro/web/servlet/NameableFilter (Module "deployment.qto.war" from Service Module Loader): Failed to link org/apache/shiro/web/servlet/AbstractFilter (Module "deployment.qto.war" from Service Module Loader): javax/servlet/Filter
	at java.base/java.lang.ClassLoader.defineClass1(Native Method)
	at java.base/java.lang.ClassLoader.defineClass(ClassLoader.java:1017)
	at java.base/java.lang.ClassLoader.defineClass(ClassLoader.java:1095)
	at org.jboss.modules.ModuleClassLoader.doDefineOrLoadClass(ModuleClassLoader.java:351)
	at org.jboss.modules.ModuleClassLoader.defineClass(ModuleClassLoader.java:482)
	at org.jboss.modules.ModuleClassLoader.loadClassLocal(ModuleClassLoader.java:276)
	at org.jboss.modules.ModuleClassLoader$1.loadClassLocal(ModuleClassLoader.java:79)
	at org.jboss.modules.Module.loadModuleClass(Module.java:765)
	at org.jboss.modules.ModuleClassLoader.findClass(ModuleClassLoader.java:192)
	at org.jboss.modules.ConcurrentClassLoader.performLoadClassUnchecked(ConcurrentClassLoader.java:410)
	at org.jboss.modules.ConcurrentClassLoader.performLoadClass(ConcurrentClassLoader.java:398)
	at org.jboss.modules.ConcurrentClassLoader.loadClass(ConcurrentClassLoader.java:116)
	at java.base/java.lang.ClassLoader.defineClass1(Native Method)
	at java.base/java.lang.ClassLoader.defineClass(ClassLoader.java:1017)
	at java.base/java.lang.ClassLoader.defineClass(ClassLoader.java:1095)
	at org.jboss.modules.ModuleClassLoader.doDefineOrLoadClass(ModuleClassLoader.java:351)
	at org.jboss.modules.ModuleClassLoader.defineClass(ModuleClassLoader.java:482)
	at org.jboss.modules.ModuleClassLoader.loadClassLocal(ModuleClassLoader.java:276)
	at org.jboss.modules.ModuleClassLoader$1.loadClassLocal(ModuleClassLoader.java:79)
	at org.jboss.modules.Module.loadModuleClass(Module.java:765)
	at org.jboss.modules.ModuleClassLoader.findClass(ModuleClassLoader.java:192)
	at org.jboss.modules.ConcurrentClassLoader.performLoadClassUnchecked(ConcurrentClassLoader.java:410)
	at org.jboss.modules.ConcurrentClassLoader.performLoadClass(ConcurrentClassLoader.java:398)
	at org.jboss.modules.ConcurrentClassLoader.loadClass(ConcurrentClassLoader.java:116)
	at java.base/java.lang.ClassLoader.defineClass1(Native Method)
	at java.base/java.lang.ClassLoader.defineClass(ClassLoader.java:1017)
	at java.base/java.lang.ClassLoader.defineClass(ClassLoader.java:1095)
	at org.jboss.modules.ModuleClassLoader.doDefineOrLoadClass(ModuleClassLoader.java:351)
	at org.jboss.modules.ModuleClassLoader.defineClass(ModuleClassLoader.java:482)
	at org.jboss.modules.ModuleClassLoader.loadClassLocal(ModuleClassLoader.java:276)
	at org.jboss.modules.ModuleClassLoader$1.loadClassLocal(ModuleClassLoader.java:79)
	at org.jboss.modules.Module.loadModuleClass(Module.java:765)
	at org.jboss.modules.ModuleClassLoader.findClass(ModuleClassLoader.java:192)
	at org.jboss.modules.ConcurrentClassLoader.performLoadClassUnchecked(ConcurrentClassLoader.java:410)
	at org.jboss.modules.ConcurrentClassLoader.performLoadClass(ConcurrentClassLoader.java:398)
	at org.jboss.modules.ConcurrentClassLoader.loadClass(ConcurrentClassLoader.java:116)
	at java.base/java.lang.ClassLoader.defineClass1(Native Method)
	at java.base/java.lang.ClassLoader.defineClass(ClassLoader.java:1017)
	at java.base/java.lang.ClassLoader.defineClass(ClassLoader.java:1095)
	at org.jboss.modules.ModuleClassLoader.doDefineOrLoadClass(ModuleClassLoader.java:351)
	at org.jboss.modules.ModuleClassLoader.defineClass(ModuleClassLoader.java:482)
	at org.jboss.modules.ModuleClassLoader.loadClassLocal(ModuleClassLoader.java:276)
	at org.jboss.modules.ModuleClassLoader$1.loadClassLocal(ModuleClassLoader.java:79)
	at org.jboss.modules.Module.loadModuleClass(Module.java:765)
	at org.jboss.modules.ModuleClassLoader.findClass(ModuleClassLoader.java:192)
	at org.jboss.modules.ConcurrentClassLoader.performLoadClassUnchecked(ConcurrentClassLoader.java:410)
	at org.jboss.modules.ConcurrentClassLoader.performLoadClass(ConcurrentClassLoader.java:398)
	at org.jboss.modules.ConcurrentClassLoader.loadClass(ConcurrentClassLoader.java:116)
	at java.base/java.lang.ClassLoader.defineClass1(Native Method)
	at java.base/java.lang.ClassLoader.defineClass(ClassLoader.java:1017)
	at java.base/java.lang.ClassLoader.defineClass(ClassLoader.java:1095)
	at org.jboss.modules.ModuleClassLoader.doDefineOrLoadClass(ModuleClassLoader.java:351)
	at org.jboss.modules.ModuleClassLoader.defineClass(ModuleClassLoader.java:482)
	at org.jboss.modules.ModuleClassLoader.loadClassLocal(ModuleClassLoader.java:276)
	at org.jboss.modules.ModuleClassLoader$1.loadClassLocal(ModuleClassLoader.java:79)
	at org.jboss.modules.Module.loadModuleClass(Module.java:765)
	at org.jboss.modules.ModuleClassLoader.findClass(ModuleClassLoader.java:192)
	at org.jboss.modules.ConcurrentClassLoader.performLoadClassUnchecked(ConcurrentClassLoader.java:410)
	at org.jboss.modules.ConcurrentClassLoader.performLoadClass(ConcurrentClassLoader.java:398)
	at org.jboss.modules.ConcurrentClassLoader.loadClass(ConcurrentClassLoader.java:116)
	at java.base/java.lang.ClassLoader.defineClass1(Native Method)
	at java.base/java.lang.ClassLoader.defineClass(ClassLoader.java:1017)
	at java.base/java.lang.ClassLoader.defineClass(ClassLoader.java:1095)
	at org.jboss.modules.ModuleClassLoader.doDefineOrLoadClass(ModuleClassLoader.java:351)
	at org.jboss.modules.ModuleClassLoader.defineClass(ModuleClassLoader.java:482)
	at org.jboss.modules.ModuleClassLoader.loadClassLocal(ModuleClassLoader.java:276)
	at org.jboss.modules.ModuleClassLoader$1.loadClassLocal(ModuleClassLoader.java:79)
	at org.jboss.modules.Module.loadModuleClass(Module.java:765)
	at org.jboss.modules.ModuleClassLoader.findClass(ModuleClassLoader.java:192)
	at org.jboss.modules.ConcurrentClassLoader.performLoadClassUnchecked(ConcurrentClassLoader.java:410)
	at org.jboss.modules.ConcurrentClassLoader.performLoadClass(ConcurrentClassLoader.java:398)
	at org.jboss.modules.ConcurrentClassLoader.loadClass(ConcurrentClassLoader.java:116)
	at org.wildfly.extension.undertow@27.0.1.Final//org.wildfly.extension.undertow.deployment.UndertowDeploymentInfoService.createServletConfig(UndertowDeploymentInfoService.java:744)
	at org.wildfly.extension.undertow@27.0.1.Final//org.wildfly.extension.undertow.deployment.UndertowDeploymentInfoService.start(UndertowDeploymentInfoService.java:288)
	at org.jboss.msc@1.4.13.Final//org.jboss.msc.service.ServiceControllerImpl$StartTask.startService(ServiceControllerImpl.java:1739)
	at org.jboss.msc@1.4.13.Final//org.jboss.msc.service.ServiceControllerImpl$StartTask.execute(ServiceControllerImpl.java:1701)
	at org.jboss.msc@1.4.13.Final//org.jboss.msc.service.ServiceControllerImpl$ControllerTask.run(ServiceControllerImpl.java:1559)
	at org.jboss.threads@2.4.0.Final//org.jboss.threads.ContextClassLoaderSavingRunnable.run(ContextClassLoaderSavingRunnable.java:35)
	at org.jboss.threads@2.4.0.Final//org.jboss.threads.EnhancedQueueExecutor.safeRun(EnhancedQueueExecutor.java:1990)
	at org.jboss.threads@2.4.0.Final//org.jboss.threads.EnhancedQueueExecutor$ThreadBody.doRunTask(EnhancedQueueExecutor.java:1486)
	at org.jboss.threads@2.4.0.Final//org.jboss.threads.EnhancedQueueExecutor$ThreadBody.run(EnhancedQueueExecutor.java:1377)
	at java.base/java.lang.Thread.run(Thread.java:840)

[0m[33m11:35:09,802 WARN  [org.jboss.modules.define] (MSC service thread 1-3) Failed to define class com.vertek.corporate.qto.authentication.QTOShiroFilter in Module "deployment.qto.war" from Service Module Loader: java.lang.NoClassDefFoundError: Failed to link com/vertek/corporate/qto/authentication/QTOShiroFilter (Module "deployment.qto.war" from Service Module Loader): Failed to link org/apache/shiro/web/servlet/ShiroFilter (Module "deployment.qto.war" from Service Module Loader): Failed to link org/apache/shiro/web/servlet/AbstractShiroFilter (Module "deployment.qto.war" from Service Module Loader): Failed to link org/apache/shiro/web/servlet/OncePerRequestFilter (Module "deployment.qto.war" from Service Module Loader): Failed to link org/apache/shiro/web/servlet/NameableFilter (Module "deployment.qto.war" from Service Module Loader): Failed to link org/apache/shiro/web/servlet/AbstractFilter (Module "deployment.qto.war" from Service Module Loader): javax/servlet/Filter
	at java.base/java.lang.ClassLoader.defineClass1(Native Method)
	at java.base/java.lang.ClassLoader.defineClass(ClassLoader.java:1017)
	at java.base/java.lang.ClassLoader.defineClass(ClassLoader.java:1095)
	at org.jboss.modules.ModuleClassLoader.doDefineOrLoadClass(ModuleClassLoader.java:351)
	at org.jboss.modules.ModuleClassLoader.defineClass(ModuleClassLoader.java:482)
	at org.jboss.modules.ModuleClassLoader.loadClassLocal(ModuleClassLoader.java:276)
	at org.jboss.modules.ModuleClassLoader$1.loadClassLocal(ModuleClassLoader.java:79)
	at org.jboss.modules.Module.loadModuleClass(Module.java:765)
	at org.jboss.modules.ModuleClassLoader.findClass(ModuleClassLoader.java:192)
	at org.jboss.modules.ConcurrentClassLoader.performLoadClassUnchecked(ConcurrentClassLoader.java:410)
	at org.jboss.modules.ConcurrentClassLoader.performLoadClass(ConcurrentClassLoader.java:398)
	at org.jboss.modules.ConcurrentClassLoader.loadClass(ConcurrentClassLoader.java:116)
	at java.base/java.lang.ClassLoader.defineClass1(Native Method)
	at java.base/java.lang.ClassLoader.defineClass(ClassLoader.java:1017)
	at java.base/java.lang.ClassLoader.defineClass(ClassLoader.java:1095)
	at org.jboss.modules.ModuleClassLoader.doDefineOrLoadClass(ModuleClassLoader.java:351)
	at org.jboss.modules.ModuleClassLoader.defineClass(ModuleClassLoader.java:482)
	at org.jboss.modules.ModuleClassLoader.loadClassLocal(ModuleClassLoader.java:276)
	at org.jboss.modules.ModuleClassLoader$1.loadClassLocal(ModuleClassLoader.java:79)
	at org.jboss.modules.Module.loadModuleClass(Module.java:765)
	at org.jboss.modules.ModuleClassLoader.findClass(ModuleClassLoader.java:192)
	at org.jboss.modules.ConcurrentClassLoader.performLoadClassUnchecked(ConcurrentClassLoader.java:410)
	at org.jboss.modules.ConcurrentClassLoader.performLoadClass(ConcurrentClassLoader.java:398)
	at org.jboss.modules.ConcurrentClassLoader.loadClass(ConcurrentClassLoader.java:116)
	at java.base/java.lang.ClassLoader.defineClass1(Native Method)
	at java.base/java.lang.ClassLoader.defineClass(ClassLoader.java:1017)
	at java.base/java.lang.ClassLoader.defineClass(ClassLoader.java:1095)
	at org.jboss.modules.ModuleClassLoader.doDefineOrLoadClass(ModuleClassLoader.java:351)
	at org.jboss.modules.ModuleClassLoader.defineClass(ModuleClassLoader.java:482)
	at org.jboss.modules.ModuleClassLoader.loadClassLocal(ModuleClassLoader.java:276)
	at org.jboss.modules.ModuleClassLoader$1.loadClassLocal(ModuleClassLoader.java:79)
	at org.jboss.modules.Module.loadModuleClass(Module.java:765)
	at org.jboss.modules.ModuleClassLoader.findClass(ModuleClassLoader.java:192)
	at org.jboss.modules.ConcurrentClassLoader.performLoadClassUnchecked(ConcurrentClassLoader.java:410)
	at org.jboss.modules.ConcurrentClassLoader.performLoadClass(ConcurrentClassLoader.java:398)
	at org.jboss.modules.ConcurrentClassLoader.loadClass(ConcurrentClassLoader.java:116)
	at java.base/java.lang.ClassLoader.defineClass1(Native Method)
	at java.base/java.lang.ClassLoader.defineClass(ClassLoader.java:1017)
	at java.base/java.lang.ClassLoader.defineClass(ClassLoader.java:1095)
	at org.jboss.modules.ModuleClassLoader.doDefineOrLoadClass(ModuleClassLoader.java:351)
	at org.jboss.modules.ModuleClassLoader.defineClass(ModuleClassLoader.java:482)
	at org.jboss.modules.ModuleClassLoader.loadClassLocal(ModuleClassLoader.java:276)
	at org.jboss.modules.ModuleClassLoader$1.loadClassLocal(ModuleClassLoader.java:79)
	at org.jboss.modules.Module.loadModuleClass(Module.java:765)
	at org.jboss.modules.ModuleClassLoader.findClass(ModuleClassLoader.java:192)
	at org.jboss.modules.ConcurrentClassLoader.performLoadClassUnchecked(ConcurrentClassLoader.java:410)
	at org.jboss.modules.ConcurrentClassLoader.performLoadClass(ConcurrentClassLoader.java:398)
	at org.jboss.modules.ConcurrentClassLoader.loadClass(ConcurrentClassLoader.java:116)
	at java.base/java.lang.ClassLoader.defineClass1(Native Method)
	at java.base/java.lang.ClassLoader.defineClass(ClassLoader.java:1017)
	at java.base/java.lang.ClassLoader.defineClass(ClassLoader.java:1095)
	at org.jboss.modules.ModuleClassLoader.doDefineOrLoadClass(ModuleClassLoader.java:351)
	at org.jboss.modules.ModuleClassLoader.defineClass(ModuleClassLoader.java:482)
	at org.jboss.modules.ModuleClassLoader.loadClassLocal(ModuleClassLoader.java:276)
	at org.jboss.modules.ModuleClassLoader$1.loadClassLocal(ModuleClassLoader.java:79)
	at org.jboss.modules.Module.loadModuleClass(Module.java:765)
	at org.jboss.modules.ModuleClassLoader.findClass(ModuleClassLoader.java:192)
	at org.jboss.modules.ConcurrentClassLoader.performLoadClassUnchecked(ConcurrentClassLoader.java:410)
	at org.jboss.modules.ConcurrentClassLoader.performLoadClass(ConcurrentClassLoader.java:398)
	at org.jboss.modules.ConcurrentClassLoader.loadClass(ConcurrentClassLoader.java:116)
	at java.base/java.lang.ClassLoader.defineClass1(Native Method)
	at java.base/java.lang.ClassLoader.defineClass(ClassLoader.java:1017)
	at java.base/java.lang.ClassLoader.defineClass(ClassLoader.java:1095)
	at org.jboss.modules.ModuleClassLoader.doDefineOrLoadClass(ModuleClassLoader.java:351)
	at org.jboss.modules.ModuleClassLoader.defineClass(ModuleClassLoader.java:482)
	at org.jboss.modules.ModuleClassLoader.loadClassLocal(ModuleClassLoader.java:276)
	at org.jboss.modules.ModuleClassLoader$1.loadClassLocal(ModuleClassLoader.java:79)
	at org.jboss.modules.Module.loadModuleClass(Module.java:765)
	at org.jboss.modules.ModuleClassLoader.findClass(ModuleClassLoader.java:192)
	at org.jboss.modules.ConcurrentClassLoader.performLoadClassUnchecked(ConcurrentClassLoader.java:410)
	at org.jboss.modules.ConcurrentClassLoader.performLoadClass(ConcurrentClassLoader.java:398)
	at org.jboss.modules.ConcurrentClassLoader.loadClass(ConcurrentClassLoader.java:116)
	at org.wildfly.extension.undertow@27.0.1.Final//org.wildfly.extension.undertow.deployment.UndertowDeploymentInfoService.createServletConfig(UndertowDeploymentInfoService.java:744)
	at org.wildfly.extension.undertow@27.0.1.Final//org.wildfly.extension.undertow.deployment.UndertowDeploymentInfoService.start(UndertowDeploymentInfoService.java:288)
	at org.jboss.msc@1.4.13.Final//org.jboss.msc.service.ServiceControllerImpl$StartTask.startService(ServiceControllerImpl.java:1739)
	at org.jboss.msc@1.4.13.Final//org.jboss.msc.service.ServiceControllerImpl$StartTask.execute(ServiceControllerImpl.java:1701)
	at org.jboss.msc@1.4.13.Final//org.jboss.msc.service.ServiceControllerImpl$ControllerTask.run(ServiceControllerImpl.java:1559)
	at org.jboss.threads@2.4.0.Final//org.jboss.threads.ContextClassLoaderSavingRunnable.run(ContextClassLoaderSavingRunnable.java:35)
	at org.jboss.threads@2.4.0.Final//org.jboss.threads.EnhancedQueueExecutor.safeRun(EnhancedQueueExecutor.java:1990)
	at org.jboss.threads@2.4.0.Final//org.jboss.threads.EnhancedQueueExecutor$ThreadBody.doRunTask(EnhancedQueueExecutor.java:1486)
	at org.jboss.threads@2.4.0.Final//org.jboss.threads.EnhancedQueueExecutor$ThreadBody.run(EnhancedQueueExecutor.java:1377)
	at java.base/java.lang.Thread.run(Thread.java:840)

[0m[31m11:35:09,802 ERROR [org.jboss.msc.service.fail] (MSC service thread 1-3) MSC000001: Failed to start service jboss.deployment.unit."qto.war".undertow-deployment.UndertowDeploymentInfoService: org.jboss.msc.service.StartException in service jboss.deployment.unit."qto.war".undertow-deployment.UndertowDeploymentInfoService: Failed to start service
	at org.jboss.msc@1.4.13.Final//org.jboss.msc.service.ServiceControllerImpl$StartTask.execute(ServiceControllerImpl.java:1731)
	at org.jboss.msc@1.4.13.Final//org.jboss.msc.service.ServiceControllerImpl$ControllerTask.run(ServiceControllerImpl.java:1559)
	at org.jboss.threads@2.4.0.Final//org.jboss.threads.ContextClassLoaderSavingRunnable.run(ContextClassLoaderSavingRunnable.java:35)
	at org.jboss.threads@2.4.0.Final//org.jboss.threads.EnhancedQueueExecutor.safeRun(EnhancedQueueExecutor.java:1990)
	at org.jboss.threads@2.4.0.Final//org.jboss.threads.EnhancedQueueExecutor$ThreadBody.doRunTask(EnhancedQueueExecutor.java:1486)
	at org.jboss.threads@2.4.0.Final//org.jboss.threads.EnhancedQueueExecutor$ThreadBody.run(EnhancedQueueExecutor.java:1377)
	at java.base/java.lang.Thread.run(Thread.java:840)
Caused by: java.lang.NoClassDefFoundError: Failed to link com/vertek/corporate/qto/authentication/QTOShiroFilter (Module "deployment.qto.war" from Service Module Loader): Failed to link org/apache/shiro/web/servlet/ShiroFilter (Module "deployment.qto.war" from Service Module Loader): Failed to link org/apache/shiro/web/servlet/AbstractShiroFilter (Module "deployment.qto.war" from Service Module Loader): Failed to link org/apache/shiro/web/servlet/OncePerRequestFilter (Module "deployment.qto.war" from Service Module Loader): Failed to link org/apache/shiro/web/servlet/NameableFilter (Module "deployment.qto.war" from Service Module Loader): Failed to link org/apache/shiro/web/servlet/AbstractFilter (Module "deployment.qto.war" from Service Module Loader): javax/servlet/Filter
	at java.base/java.lang.ClassLoader.defineClass1(Native Method)
	at java.base/java.lang.ClassLoader.defineClass(ClassLoader.java:1017)
	at java.base/java.lang.ClassLoader.defineClass(ClassLoader.java:1095)
	at org.jboss.modules.ModuleClassLoader.doDefineOrLoadClass(ModuleClassLoader.java:351)
	at org.jboss.modules.ModuleClassLoader.defineClass(ModuleClassLoader.java:482)
	at org.jboss.modules.ModuleClassLoader.loadClassLocal(ModuleClassLoader.java:276)
	at org.jboss.modules.ModuleClassLoader$1.loadClassLocal(ModuleClassLoader.java:79)
	at org.jboss.modules.Module.loadModuleClass(Module.java:765)
	at org.jboss.modules.ModuleClassLoader.findClass(ModuleClassLoader.java:192)
	at org.jboss.modules.ConcurrentClassLoader.performLoadClassUnchecked(ConcurrentClassLoader.java:410)
	at org.jboss.modules.ConcurrentClassLoader.performLoadClass(ConcurrentClassLoader.java:398)
	at org.jboss.modules.ConcurrentClassLoader.loadClass(ConcurrentClassLoader.java:116)
	at java.base/java.lang.ClassLoader.defineClass1(Native Method)
	at java.base/java.lang.ClassLoader.defineClass(ClassLoader.java:1017)
	at java.base/java.lang.ClassLoader.defineClass(ClassLoader.java:1095)
	at org.jboss.modules.ModuleClassLoader.doDefineOrLoadClass(ModuleClassLoader.java:351)
	at org.jboss.modules.ModuleClassLoader.defineClass(ModuleClassLoader.java:482)
	at org.jboss.modules.ModuleClassLoader.loadClassLocal(ModuleClassLoader.java:276)
	at org.jboss.modules.ModuleClassLoader$1.loadClassLocal(ModuleClassLoader.java:79)
	at org.jboss.modules.Module.loadModuleClass(Module.java:765)
	at org.jboss.modules.ModuleClassLoader.findClass(ModuleClassLoader.java:192)
	at org.jboss.modules.ConcurrentClassLoader.performLoadClassUnchecked(ConcurrentClassLoader.java:410)
	at org.jboss.modules.ConcurrentClassLoader.performLoadClass(ConcurrentClassLoader.java:398)
	at org.jboss.modules.ConcurrentClassLoader.loadClass(ConcurrentClassLoader.java:116)
	at java.base/java.lang.ClassLoader.defineClass1(Native Method)
	at java.base/java.lang.ClassLoader.defineClass(ClassLoader.java:1017)
	at java.base/java.lang.ClassLoader.defineClass(ClassLoader.java:1095)
	at org.jboss.modules.ModuleClassLoader.doDefineOrLoadClass(ModuleClassLoader.java:351)
	at org.jboss.modules.ModuleClassLoader.defineClass(ModuleClassLoader.java:482)
	at org.jboss.modules.ModuleClassLoader.loadClassLocal(ModuleClassLoader.java:276)
	at org.jboss.modules.ModuleClassLoader$1.loadClassLocal(ModuleClassLoader.java:79)
	at org.jboss.modules.Module.loadModuleClass(Module.java:765)
	at org.jboss.modules.ModuleClassLoader.findClass(ModuleClassLoader.java:192)
	at org.jboss.modules.ConcurrentClassLoader.performLoadClassUnchecked(ConcurrentClassLoader.java:410)
	at org.jboss.modules.ConcurrentClassLoader.performLoadClass(ConcurrentClassLoader.java:398)
	at org.jboss.modules.ConcurrentClassLoader.loadClass(ConcurrentClassLoader.java:116)
	at java.base/java.lang.ClassLoader.defineClass1(Native Method)
	at java.base/java.lang.ClassLoader.defineClass(ClassLoader.java:1017)
	at java.base/java.lang.ClassLoader.defineClass(ClassLoader.java:1095)
	at org.jboss.modules.ModuleClassLoader.doDefineOrLoadClass(ModuleClassLoader.java:351)
	at org.jboss.modules.ModuleClassLoader.defineClass(ModuleClassLoader.java:482)
	at org.jboss.modules.ModuleClassLoader.loadClassLocal(ModuleClassLoader.java:276)
	at org.jboss.modules.ModuleClassLoader$1.loadClassLocal(ModuleClassLoader.java:79)
	at org.jboss.modules.Module.loadModuleClass(Module.java:765)
	at org.jboss.modules.ModuleClassLoader.findClass(ModuleClassLoader.java:192)
	at org.jboss.modules.ConcurrentClassLoader.performLoadClassUnchecked(ConcurrentClassLoader.java:410)
	at org.jboss.modules.ConcurrentClassLoader.performLoadClass(ConcurrentClassLoader.java:398)
	at org.jboss.modules.ConcurrentClassLoader.loadClass(ConcurrentClassLoader.java:116)
	at java.base/java.lang.ClassLoader.defineClass1(Native Method)
	at java.base/java.lang.ClassLoader.defineClass(ClassLoader.java:1017)
	at java.base/java.lang.ClassLoader.defineClass(ClassLoader.java:1095)
	at org.jboss.modules.ModuleClassLoader.doDefineOrLoadClass(ModuleClassLoader.java:351)
	at org.jboss.modules.ModuleClassLoader.defineClass(ModuleClassLoader.java:482)
	at org.jboss.modules.ModuleClassLoader.loadClassLocal(ModuleClassLoader.java:276)
	at org.jboss.modules.ModuleClassLoader$1.loadClassLocal(ModuleClassLoader.java:79)
	at org.jboss.modules.Module.loadModuleClass(Module.java:765)
	at org.jboss.modules.ModuleClassLoader.findClass(ModuleClassLoader.java:192)
	at org.jboss.modules.ConcurrentClassLoader.performLoadClassUnchecked(ConcurrentClassLoader.java:410)
	at org.jboss.modules.ConcurrentClassLoader.performLoadClass(ConcurrentClassLoader.java:398)
	at org.jboss.modules.ConcurrentClassLoader.loadClass(ConcurrentClassLoader.java:116)
	at java.base/java.lang.ClassLoader.defineClass1(Native Method)
	at java.base/java.lang.ClassLoader.defineClass(ClassLoader.java:1017)
	at java.base/java.lang.ClassLoader.defineClass(ClassLoader.java:1095)
	at org.jboss.modules.ModuleClassLoader.doDefineOrLoadClass(ModuleClassLoader.java:351)
	at org.jboss.modules.ModuleClassLoader.defineClass(ModuleClassLoader.java:482)
	at org.jboss.modules.ModuleClassLoader.loadClassLocal(ModuleClassLoader.java:276)
	at org.jboss.modules.ModuleClassLoader$1.loadClassLocal(ModuleClassLoader.java:79)
	at org.jboss.modules.Module.loadModuleClass(Module.java:765)
	at org.jboss.modules.ModuleClassLoader.findClass(ModuleClassLoader.java:192)
	at org.jboss.modules.ConcurrentClassLoader.performLoadClassUnchecked(ConcurrentClassLoader.java:410)
	at org.jboss.modules.ConcurrentClassLoader.performLoadClass(ConcurrentClassLoader.java:398)
	at org.jboss.modules.ConcurrentClassLoader.loadClass(ConcurrentClassLoader.java:116)
	at org.wildfly.extension.undertow@27.0.1.Final//org.wildfly.extension.undertow.deployment.UndertowDeploymentInfoService.createServletConfig(UndertowDeploymentInfoService.java:744)
	at org.wildfly.extension.undertow@27.0.1.Final//org.wildfly.extension.undertow.deployment.UndertowDeploymentInfoService.start(UndertowDeploymentInfoService.java:288)
	at org.jboss.msc@1.4.13.Final//org.jboss.msc.service.ServiceControllerImpl$StartTask.startService(ServiceControllerImpl.java:1739)
	at org.jboss.msc@1.4.13.Final//org.jboss.msc.service.ServiceControllerImpl$StartTask.execute(ServiceControllerImpl.java:1701)
	... 6 more

[0m[31m11:35:09,805 ERROR [org.jboss.as.controller.management-operation] (Controller Boot Thread) WFLYCTL0013: Operation ("deploy") failed - address: ([("deployment" => "qto.war")]) - failure description: {"WFLYCTL0080: Failed services" => {"jboss.deployment.unit.\"qto.war\".undertow-deployment.UndertowDeploymentInfoService" => "Failed to start service
    Caused by: java.lang.NoClassDefFoundError: Failed to link com/vertek/corporate/qto/authentication/QTOShiroFilter (Module \"deployment.qto.war\" from Service Module Loader): Failed to link org/apache/shiro/web/servlet/ShiroFilter (Module \"deployment.qto.war\" from Service Module Loader): Failed to link org/apache/shiro/web/servlet/AbstractShiroFilter (Module \"deployment.qto.war\" from Service Module Loader): Failed to link org/apache/shiro/web/servlet/OncePerRequestFilter (Module \"deployment.qto.war\" from Service Module Loader): Failed to link org/apache/shiro/web/servlet/NameableFilter (Module \"deployment.qto.war\" from Service Module Loader): Failed to link org/apache/shiro/web/servlet/AbstractFilter (Module \"deployment.qto.war\" from Service Module Loader): javax/servlet/Filter"}}
[0m[0m11:35:09,832 INFO  [org.jboss.as.server] (ServerService Thread Pool -- 46) WFLYSRV0010: Deployed "qto.war" (runtime-name : "qto.war")
[0m[0m11:35:09,833 INFO  [org.jboss.as.server] (ServerService Thread Pool -- 46) WFLYSRV0010: Deployed "mysql-connector-j.jar" (runtime-name : "mysql-connector-j.jar")
[0m[0m11:35:09,834 INFO  [org.jboss.as.controller] (Controller Boot Thread) WFLYCTL0183: Service status report
WFLYCTL0186:   Services which failed to start:      service jboss.deployment.unit."qto.war".undertow-deployment.UndertowDeploymentInfoService: Failed to start service
WFLYCTL0448: 2 additional services are down due to their dependencies being missing or failed
[0m[0m11:35:09,853 INFO  [org.jboss.as.server] (Controller Boot Thread) WFLYSRV0212: Resuming server
[0m[31m11:35:09,854 ERROR [org.jboss.as] (Controller Boot Thread) WFLYSRV0026: WildFly Full 27.0.1.Final (WildFly Core 19.0.1.Final) started (with errors) in 10186ms - Started 478 of 714 services (4 services failed or missing dependencies, 366 services are lazy, passive or on-demand) - Server configuration file in use: standalone.xml
[0m[0m11:35:09,855 INFO  [org.jboss.as] (Controller Boot Thread) WFLYSRV0060: Http management interface listening on http://127.0.0.1:10090/management
[0m[0m11:35:09,855 INFO  [org.jboss.as] (Controller Boot Thread) WFLYSRV0051: Admin console listening on http://127.0.0.1:10090
[0m